Flow Duration,Fwd IAT Mean,Bwd IAT Mean,Fwd IAT Std,Bwd IAT Std,SYN Flag Count,ACK Flag Count,Label
19199,4693.25,6361.0,4050.9651833441703,5577.106866467595,2,8,0
19109,4507.0,6327.0,4778.410684178021,6687.900193633275,2,8,0
15426,3602.0,5103.666666666666,2743.147219284205,4364.08207224994,2,8,0
17875,4385.75,5915.666666666667,1739.370264396476,3280.8118405866153,2,8,0
17279,4222.75,5719.333333333334,2374.0211140594347,4598.289500818031,2,8,0
16488,3991.5,5390.333333333334,3051.1714143915287,4739.994338955832,2,8,0
16815,3993.5,5499.0,2500.2829839840133,4675.232935373381,2,8,0
16507,4036.75,5463.0,1864.9418891751025,2845.9429017462735,2,8,0
12518,2971.5,4070.666666666667,1197.3463714954555,2564.6657352047528,2,8,0
24858,6091.5,8203.0,6180.2625888117955,8249.264391447276,2,8,0
24348,5839.25,8077.666666666667,6882.41161100768,9488.007026416735,2,8,0
9774,2399.0,3239.666666666667,2701.2398387900816,3413.01953310164,2,8,0
18857,4526.0,6233.333333333334,3299.351249362012,5501.023934990043,2,8,0
8707,2098.5,2876.0,951.9063329270725,1952.4425727790306,2,8,0
21654,5234.75,7187.0,4506.63321301686,7154.526049991013,2,8,0
16102,3873.5,5335.666666666666,2950.032937669228,4570.741333015174,2,8,0
15851,3884.75,5220.0,2929.261496805409,4465.383186245051,2,8,0
13779,3249.0,4554.0,1848.3480913146925,3151.9037104581735,2,8,0
14670,3529.5,4797.666666666666,2703.3294903384117,3983.1641107708997,2,8,0
24079,5918.0,7994.333333333333,6920.575939423925,9349.110777680053,2,8,0
20826,5107.75,6901.666666666666,4802.001969665013,6550.116818296703,2,8,0
4585,1103.25,1506.3333333333335,683.5277975327705,1149.0802118796291,2,8,0
5301,1281.25,1748.3333333333335,832.7289975336114,1420.725284259182,2,8,0
13357,3134.0,4413.333333333334,2458.484763697618,3848.859874473652,2,8,0
16812,4113.25,5565.0,2066.0060301622225,4317.9027316510965,2,8,0
9043,2184.0,2984.0,667.9346275397517,1881.066452839984,2,8,0
12227,2855.25,4044.666666666667,1483.1240395417594,2705.892890218187,2,8,0
21505,5157.75,7131.0,5155.181495350092,7095.868093475245,2,8,0
15119,3594.25,4999.666666666666,2542.059188269751,4391.3790924188415,2,8,0
15438,3574.75,5112.666666666666,2254.3552478110746,4016.143963223098,2,8,0
14156,3391.0,4675.333333333334,2695.3733198451996,4056.270372316586,2,8,0
15097,3664.75,4982.666666666666,2573.574735007062,4173.057192674614,2,8,0
25077,5621.0,8327.0,7253.15756527229,10562.995645175663,2,8,0
14421,3501.0,4769.333333333333,1860.8000071653767,3374.3516908190427,2,8,0
32849,7566.75,10910.333333333334,9872.00146457985,14591.274595912906,2,8,0
16865,4020.25,5581.0,1495.5650827251438,2684.305683039843,2,8,0
21183,5153.5,7022.333333333333,5638.557055370343,7331.79277757721,2,8,0
17170,3840.5,5680.333333333334,2085.059631441429,4532.6123078566225,2,8,0
11213,2725.5,3705.0,2419.4420155619905,3630.0400824233334,2,8,0
20790,5045.25,6890.0,4351.655116159827,6379.484540305745,2,8,0
13629,3301.5,4461.0,1715.153345914003,3432.4756372041447,2,8,0
25064,6086.25,8313.666666666668,6071.35956081228,8132.584111666681,2,8,0
21878,5307.75,7254.0,2388.4719487571965,5071.050778684828,2,8,0
16134,3928.5,5346.0,3203.782400018245,4981.335463507753,2,8,0
24177,5915.75,8027.333333333333,6867.560769055244,10060.046587035933,2,8,0
13177,3137.75,4350.0,1770.2042019684245,3428.9848351953965,2,8,0
12131,2945.25,4009.6666666666665,887.8233213877635,2372.721924991071,2,8,0
11948,2793.75,3942.333333333333,1878.6871967768695,3517.3570096499066,2,8,0
14795,3613.25,4892.333333333334,2756.060035025846,4481.407070701493,2,8,0
13155,3183.0,4344.666666666667,1433.2431754590707,2870.0742731388214,2,8,0
13594,3000.75,4500.333333333333,1681.3412057045412,3318.916439643115,2,8,0
13937,3365.0,4612.0,1490.1463015422344,2918.472717021696,2,8,0
13175,3146.5,4349.0,1048.2698443944034,2236.5480097686254,2,8,0
14919,3549.5,4933.666666666666,2273.1772918098577,3889.8439985857185,2,8,0
16731,4038.75,5540.333333333334,2852.4767454500548,5089.036287287931,2,8,0
14361,3503.0,4753.0,2545.8608236377204,3980.493562361331,2,8,0
17487,4098.75,5791.0,3922.369553811403,5970.505255001456,2,8,0
11770,2735.75,3886.0,1375.150749311992,1938.003353970266,2,8,0
21055,4993.25,6982.666666666666,3058.968276505441,4108.024018105704,2,8,0
16917,4082.75,5568.333333333333,1436.3338458264732,3850.8654005734,2,8,0
15147,3712.5,5011.333333333333,2189.242867599055,3587.4085818781964,2,8,0
6069,1455.5,1998.0,570.5555771935515,1239.008878095714,2,8,0
7538,1821.25,2456.0,549.29614052895,1515.5474258498148,2,8,0
4455,1077.25,1468.3333333333333,476.06608434824113,957.397688180483,2,8,0
10605,2447.25,3493.666666666667,910.8846890066089,2406.2136923667717,2,8,0
15125,3685.5,4980.0,3693.3292569171244,5192.54966273795,2,8,0
18459,4322.75,6111.0,3862.1654871328337,5879.2272451403,2,8,0
14914,3494.75,4929.333333333334,2246.6287892454925,4453.423102887636,2,8,0
12155,2908.0,4021.0,2093.299946655201,3496.93994801169,2,8,0
21934,5342.0,7275.0,6829.343794733624,9164.254688734922,2,8,0
17549,4284.25,5739.333333333333,1806.031261265061,4031.0391133469957,2,8,0
12397,2999.5,4090.333333333333,1717.3860952039877,2839.6459873254153,2,8,0
12002,2872.25,3967.0,1565.1203095396002,2825.4109435620157,2,8,0
20677,5015.5,6796.0,3856.111901903263,5863.790923967191,2,8,0
17518,4219.25,5775.0,2383.0774746113484,4140.210260361181,2,8,0
29966,7307.0,9945.666666666666,6056.329526481642,8106.355675229981,2,8,0
13080,3125.75,4322.0,1459.5728541825745,2827.5040229856436,2,8,0
54905,13520.75,18231.666666666664,18622.53486818233,22350.428571580753,2,8,0
7431,1804.5,2451.6666666666665,878.9958285832001,1887.576841702963,2,8,0
18193,4447.25,5975.333333333334,3210.4724859953767,4947.926063850726,2,8,0
12898,3128.5,4246.666666666667,1463.5187050393308,2126.088975874089,2,8,0
14122,3428.75,4666.333333333333,1560.3718306865194,3199.9127071427015,2,8,0
14224,3399.0,4701.666666666667,1983.8970067353127,3613.0443303858497,2,8,0
13007,3168.75,4266.333333333333,1747.8852698809114,3436.1004544881007,2,8,0
12732,3030.0,4209.0,1993.0012543899713,3553.456345588053,2,8,0
11383,2667.25,3755.666666666667,1579.7705265850059,2819.274079144015,2,8,0
15931,3809.5,5267.666666666666,3357.3756119922,4896.806340190853,2,8,0
13081,3167.5,4318.666666666667,2038.7464285683004,3168.1013767449635,2,8,0
11842,2823.0,3894.0,1872.3092693249157,3102.9410242542476,2,8,0
9340,2178.0,3061.333333333333,1016.9067476093044,2263.026807913095,2,8,0
14285,3445.0,4706.666666666667,1928.2180028893688,3346.6479249143213,2,8,0
14746,3439.5,4866.333333333333,1837.8546369793958,3147.237254058444,2,8,0
17491,3961.75,5792.0,3264.644071972727,5418.768587050014,2,8,0
15927,3845.5,5177.666666666666,2674.113747269053,4733.948281649614,2,8,0
14399,3384.25,4754.0,2469.240419643256,4087.780938357632,2,8,0
16923,3907.25,5570.666666666667,1975.1488340544533,4057.5685247859133,2,8,0
9407,2279.25,3108.333333333333,1485.5002243913216,2408.481333399396,2,8,0
27949,6768.0,9276.0,5933.482395131323,8058.145940599487,2,8,0
17810,4134.75,5898.666666666666,3067.485438704912,5068.864797302581,2,8,0
12241,2854.75,4039.6666666666665,2260.1448884234537,3914.2414761142845,2,8,0
11983,2388.0,3927.0,1550.718543127669,3940.9964476005302,2,8,0
12444,2913.5,4106.333333333333,1973.8499605255374,3457.772452509467,2,8,0
12230,2861.0,4034.0,1861.8168545804929,3610.7391210110986,2,8,0
20708,5075.5,6862.666666666666,4541.802322133069,5979.742831705501,2,8,0
14809,3559.5,4898.666666666666,2648.527955928224,3760.928785995998,2,8,0
9204,2155.0,3033.333333333333,1459.1273647857704,2499.612036563541,2,8,0
14398,3499.5,4761.666666666667,1938.1829119048593,3685.82288415129,2,8,0
11249,2720.5,3714.0,1455.787186828258,2584.5906832610845,2,8,0
15015,3648.75,4943.666666666666,3730.8095077788857,5008.762754746259,2,8,0
15739,3759.75,5211.666666666666,2541.5704298720507,3767.7867951004514,2,8,0
11675,2818.0,3784.0,1302.594590295333,2675.6761762216292,2,8,0
25865,6323.5,8590.666666666666,4286.967887291281,6445.687886745163,2,8,0
16054,3882.5,5319.0,3801.356819172158,5401.9341906394975,2,8,0
9764,2356.0,3134.6666666666665,893.9757640264453,1856.5705839890206,2,8,0
13294,3161.0,4394.333333333333,1728.6331787474942,3513.1063652177304,2,8,0
14179,3454.25,4686.333333333333,1253.9533151862818,2732.0944956815333,2,8,0
16177,3870.75,5327.0,3062.70048323371,4604.084708169475,2,8,0
13307,3167.5,4402.333333333333,1010.1777071386995,2619.983651348484,2,8,0
13882,3389.75,4597.0,1948.2440598309715,2513.8717151040146,2,8,0
20090,4498.5,6659.0,3475.8206225293043,6424.849570223415,2,8,0
18133,4282.75,6005.0,3031.4714111577346,5148.176084789641,2,8,0
10147,2402.25,3309.333333333333,922.5516697363532,2690.2507937613054,2,8,0
16065,3844.75,5320.333333333334,3962.703317601929,5403.87845286451,2,8,0
14956,3595.5,4947.333333333334,3792.1965930051674,5397.3588294028905,2,8,0
4573,1081.0,1494.6666666666667,458.9335463877096,981.7710187886651,2,8,0
14419,3441.0,4763.0,2012.721043761405,3549.390229321087,2,8,0
17030,3721.5,5634.666666666667,1836.4263303129442,3215.1983349916895,2,8,0
20405,4925.5,6770.0,3399.722586721844,5118.134328053534,2,8,0
28469,6781.75,9440.666666666666,4059.796905839831,6074.607175228151,2,8,0
4580,1106.25,1509.6666666666667,546.3743374891126,1047.2871303197292,2,8,0
22419,5482.25,7433.666666666667,5989.288515063093,8669.538703606631,2,8,0
13680,3272.75,4521.666666666667,2056.0992801905263,3584.8807976463227,2,8,0
24308,5895.75,8062.333333333333,6063.241013132608,8245.60199944997,2,8,0
14095,3075.25,4603.666666666666,2331.951882722569,4573.986153600963,2,8,0
16284,3775.5,5389.333333333334,2881.329843434567,4793.38339102281,2,8,0
13409,3164.25,4415.0,2267.4988239614736,3883.648413541061,2,8,0
19599,4760.25,6480.0,4895.413797627327,6440.513721746115,2,8,0
12777,3034.75,4217.666666666667,1162.3560484349591,2784.1882718906304,2,8,0
11912,2884.5,3943.0,2052.2771905048953,3168.68237600426,2,8,0
15110,3687.5,5004.333333333334,3756.025337152737,5215.209040233511,2,8,0
15600,3779.0,5161.333333333334,2486.2444234896398,4242.947363959791,2,8,0
11909,2844.25,3935.333333333333,1349.4585025112851,2415.243327976155,2,8,0
12735,3084.5,4206.666666666667,1969.0343657065341,3024.192509304481,2,8,0
10781,2524.0,3563.0,1649.9145432415582,3178.093925610129,2,8,0
7292,1752.5,2405.0,711.4335293382416,1376.3150075473275,2,8,0
6481,1506.5,2137.3333333333335,727.5275481611218,1357.1592881210863,2,8,0
7206,1718.75,2376.0,955.2596069481148,1420.5319426186798,2,8,0
10970,2652.75,3634.3333333333335,2694.101999430113,3755.7425808131916,2,8,0
8317,1989.0,2743.333333333333,1296.5140441455567,2266.228217398533,2,8,0
9517,2320.5,3144.0,1005.1973272281749,2003.2453668984238,2,8,0
8398,2016.25,2766.0,843.9065410340176,1323.433035706756,2,8,0
10519,2565.5,3480.666666666667,1842.556647704488,2875.39290068911,2,8,0
8964,2156.75,2955.3333333333335,921.2109331381891,2065.0230830025444,2,8,0
13853,3138.5,4590.666666666666,2743.314600989103,4563.550847019603,2,8,0
15984,3917.0,5294.333333333333,868.9035236050854,2486.0040895648854,2,8,0
7303,1684.75,2409.0,1159.8409014458261,2009.968158951778,2,8,0
24012,5338.25,7947.333333333334,4379.189831844851,6681.103227262196,2,8,0
11126,2683.25,3681.333333333333,1305.9268420040485,2491.4855675546933,2,8,0
12806,3011.0,4232.666666666666,1941.2866867106466,3812.4850600800173,2,8,0
11037,2326.0,3648.0,1036.2982196259916,2766.1303295398066,2,8,0
11138,2710.0,3677.3333333333335,1106.116630378551,2659.7453512194234,2,8,0
17275,4233.0,5724.666666666666,3527.726274339701,5302.8109841227915,2,8,0
6668,1621.5,2206.666666666667,1211.2950370024087,1816.484883871411,2,8,0
5717,1300.0,1868.3333333333335,569.3171348203037,1400.411487147022,2,8,0
13246,3233.25,4383.0,1391.8343711328107,2234.124213198541,2,8,0
20476,4671.0,6789.666666666667,1760.847333908688,1861.3017845941408,2,8,0
17721,4257.25,5872.666666666667,1200.8836676936419,4008.6592937456453,2,8,0
8224,2000.5,2722.3333333333335,576.3288991539466,1510.3325240930665,2,8,0
30497,7508.0,10126.0,9730.19448246882,12760.845857544084,2,8,0
17292,4202.75,5716.333333333333,1533.6721455382828,3601.369785697288,2,8,0
6130,1476.25,2026.3333333333333,1360.5644355683173,2058.6379801541925,2,8,0
11202,2673.75,3657.6666666666665,1203.6844478516784,1132.4055516171463,2,8,0
12929,3151.75,4269.666666666666,2497.7662520740405,3690.4393144086966,2,8,0
14270,3437.25,4700.666666666666,2714.882732274085,4740.6240447153505,2,8,0
5201,1229.75,1707.3333333333335,618.3765708153352,1201.1200328582208,2,8,0
7442,1720.0,2445.6666666666665,811.941295086453,1540.1819156623458,2,8,0
13390,3198.5,4407.0,2142.7884481052565,3770.693835357095,2,8,0
14256,3384.5,4716.0,2331.3420312486683,2540.0962580185815,2,8,0
15557,3661.75,5116.666666666667,2032.091430849836,3735.1632271339004,2,8,0
12357,3007.25,4085.333333333333,1688.8943868697058,2282.5374768737825,2,8,0
9705,2310.25,3208.666666666667,1376.083663880943,1953.0786807840932,2,8,0
12506,3027.25,4131.333333333333,1375.8576416184924,2744.256608506816,2,8,0
11635,2831.0,3840.0,1178.5833303872353,1478.7416948202956,2,8,0
14336,3381.25,4740.333333333333,2208.1338085964508,3657.3467614287456,2,8,0
12579,2956.5,4154.333333333333,1813.5204253973357,2673.149702753913,2,8,0
11384,2777.5,3750.333333333333,1033.3313440841068,2154.11172721689,2,8,0
11770,2684.25,3837.333333333333,1762.3231589769982,3229.3987572508495,2,8,0
14342,3325.0,4739.333333333333,2219.817860396058,2367.44088275364,2,8,0
6606,1569.0,2176.3333333333335,755.0421621781572,1673.9015303575457,2,8,0
12248,2980.75,4025.666666666667,1161.96912609587,2632.8420638795133,2,8,0
12812,3110.25,4225.666666666667,1419.1394986634214,2158.2162387799176,2,8,0
12527,3053.0,4142.666666666667,1983.186829322946,3214.0566786124564,2,8,0
12050,2884.5,3977.6666666666665,2010.3496379154215,3715.2149780777604,2,8,0
12457,2854.75,4109.333333333334,1558.5615964728504,3846.3033335052155,2,8,0
10967,2622.75,3618.666666666667,1649.6776200215604,2935.3741385611024,2,8,0
12135,2871.5,4006.0,1446.3449335019177,2623.217108818864,2,8,0
13690,3014.0,4522.333333333333,2562.0701265448088,2130.5056520303656,2,8,0
11784,2750.5,3895.666666666667,1322.2577913049583,3304.7847635410894,2,8,0
12714,3032.0,4194.0,1632.6947050811427,2785.1755779483633,2,8,0
13038,3016.0,4284.333333333333,1708.5270459277683,3632.7474909953944,2,8,0
7680,1838.5,2535.6666666666665,880.632537819644,1669.285575727932,2,8,0
12056,2643.0,3986.0,977.7446837833825,2340.4527339811843,2,8,0
18258,4482.75,6046.0,3344.420864165673,4817.433341521188,2,8,0
22337,5412.0,7408.333333333334,3800.6942348295615,6283.918867500864,2,8,0
15163,3621.25,5019.333333333333,1571.2000456126946,3162.5110803494954,2,8,0
10669,2541.75,3520.666666666667,1697.2335087822576,3006.8944666105817,2,8,0
12071,2926.0,3985.0,1594.5270981286792,2641.4895419062327,2,8,0
12855,2994.0,4249.333333333333,1547.3583941672982,3039.4681003973924,2,8,0
13695,3141.0,4521.0,1680.7036224946582,3330.5055171850413,2,8,0
13093,2944.5,4332.333333333333,1488.047154270769,2419.687238742506,2,8,0
15628,3798.5,5170.333333333333,1713.7239178661966,3257.621269167632,2,8,0
12696,2990.5,4160.333333333333,2113.6124684214624,2717.7281566288657,2,8,0
12446,3013.25,4116.333333333333,1427.1660438318545,2536.211610519385,2,8,0
11297,2696.5,3732.0,1842.2635533495202,3085.8924154934502,2,8,0
10856,2537.5,3577.666666666667,1775.1177425737144,2672.6094614315302,2,8,0
11700,2761.75,3856.666666666667,1237.3294832016247,1925.6459522283253,2,8,0
13287,3208.5,4390.333333333333,1552.2777887135194,2872.736906389677,2,8,0
12912,2994.75,4263.0,1949.5160724309678,3155.9890684221327,2,8,0
12039,2929.5,3968.6666666666665,1076.3495404994296,1559.5256757531545,2,8,0
11340,2499.75,3741.333333333333,1281.3509472427918,2794.0179550842786,2,8,0
17419,4146.5,5768.0,2293.3616519569405,3687.892216429325,2,8,0
11890,2764.0,3926.333333333333,1659.5975415744626,3169.9793900486693,2,8,0
12589,2968.0,4160.333333333333,1400.7200529251613,3451.1172587052633,2,8,0
10016,2357.0,3301.333333333333,1491.4406905181759,2861.3399541706563,2,8,0
11031,2571.0,3639.333333333333,1312.1425227466718,2303.4516129785175,2,8,0
12031,2737.75,3970.333333333333,1225.4823200139065,2420.821417067631,2,8,0
14201,3343.5,4692.666666666666,2452.735683544669,3967.43271314503,2,8,0
10138,2322.25,3341.333333333333,1080.10844362962,2507.768397068065,2,8,0
6534,1546.5,2146.3333333333335,513.3767297673967,1494.4729282704768,2,8,0
12223,2869.25,3855.666666666667,1357.8027286760032,2736.4839362461703,2,8,0
9112,2172.75,2999.0,958.7639177607801,2019.3209254598437,2,8,0
11546,2783.25,3766.666666666667,1624.9669483818227,2225.1346775719744,2,8,0
10839,2607.75,3571.0,1005.6693873568324,2257.5480061340886,2,8,0
17467,4247.75,5784.0,2381.644162478238,3099.299759623131,2,8,0
14519,3498.0,4790.0,816.5316895258873,2880.6594731068094,2,8,0
11985,2811.0,3954.666666666667,1475.5252172249266,2662.0641114243163,2,8,0
16138,3941.75,5302.666666666667,2454.1429427263065,3961.2829150836137,2,8,0
10457,2475.25,3446.333333333333,1288.6120116880281,2205.1415676398947,2,8,0
18846,4581.0,6062.0,3566.108149416298,5075.223443356952,2,8,0
13729,3324.25,4537.0,1525.718273469909,2625.6121191067045,2,8,0
15129,3623.0,5005.333333333333,1357.6202218097176,3525.022884086475,2,8,0
11713,2767.25,3858.0,1486.0377686990328,2295.8360133075707,2,8,0
86296,21467.25,28721.0,38795.648238558926,45780.98538694859,2,8,0
12852,3086.0,4241.666666666667,2112.752549006469,3597.28138089493,2,8,0
12863,3127.0,4256.0,1268.51172639436,2159.667335494057,2,8,0
24940,6044.0,8143.333333333333,5611.935376201927,8915.781308070164,2,8,0
13181,3147.5,4321.333333333333,1918.7017312061125,3218.9784611477803,2,8,0
15687,3818.5,5181.666666666667,2940.986965855737,2668.2101366521592,2,8,0
17141,4105.0,5673.333333333334,2875.7270385069583,4669.170197511902,2,8,0
10805,2624.75,3524.3333333333335,1056.9394101208766,1189.6303347398862,2,8,0
17586,4084.0,5823.333333333334,2431.7846670021313,5353.546239020761,2,8,0
13680,3308.25,4515.333333333333,1424.342743162614,1844.7456012505718,2,8,0
16973,4157.25,5516.333333333333,2001.4728535089687,3231.559582203821,2,8,0
29123,6996.0,9667.0,6992.727078901335,9550.781172239263,2,8,0
7640,1762.25,2508.0,1445.7838416121085,2532.5475316368693,2,8,0
21000,5062.75,6968.333333333333,2508.291234419693,4430.1135801842975,2,8,0
12673,3029.75,4183.333333333333,1557.266274597893,3768.7182613367813,2,8,0
15355,3671.25,5080.0,1586.0292924995638,2890.4733176419395,2,8,0
15212,3456.75,5034.666666666667,1670.11723640388,1520.0395828179387,2,8,0
12084,2908.75,3927.0,1191.243992639627,2534.981853978446,2,8,0
10585,2556.75,3488.666666666667,1306.7949022959444,1969.5878587494728,2,8,0
16305,3917.0,5359.333333333334,2746.8444926254324,4179.598106676446,2,8,0
11978,2855.0,3954.3333333333335,1153.8200321829513,1847.3316792967455,2,8,0
10639,2515.25,3505.0,1072.9822536587765,1341.7440143335837,2,8,0
12177,2957.75,4019.0,1207.7644292935054,2214.338953277027,2,8,0
14605,3449.25,4827.0,2303.858267486667,2743.241148714418,2,8,0
12849,3129.75,4243.666666666667,1070.389142633027,2380.882259443615,2,8,0
12147,2937.75,4016.666666666667,1265.7386183568865,2394.849751724173,2,8,0
10978,2661.75,3621.0,1301.8349549770123,1821.3338518788914,2,8,0
12245,2960.0,4043.666666666667,1591.399174730631,2726.2579359505467,2,8,0
4465,1041.5,1469.6666666666665,628.3854973925904,1111.427160606278,2,8,0
11019,2524.25,3637.666666666667,1518.0923061526923,3087.3581478884716,2,8,0
14277,3458.25,4720.666666666667,1447.62480751517,3178.3354658269373,2,8,0
11581,2821.75,3819.6666666666665,1029.4909340704917,2213.186466010791,2,8,0
18839,4574.75,6229.0,3291.345760728682,3740.294239762428,2,8,0
12164,2943.75,4006.6666666666665,1104.2123512561643,1709.3344708784566,2,8,0
11493,2722.25,3764.666666666667,1576.2519627267716,2818.100838034958,2,8,0
13395,2974.5,4432.333333333334,4410.091646817936,4214.977382303888,2,8,0
13576,3253.5,4474.333333333333,1946.6882133510749,2883.1774717025887,2,8,0
12640,3050.5,4176.0,1146.0990358603397,2583.9889705646965,2,8,0
11052,2544.5,3650.666666666667,977.0927966848049,2536.3795720146727,2,8,0
11573,2650.25,3817.333333333333,1647.2165158229807,3541.699074361532,2,8,0
11724,2808.0,3853.666666666667,1510.1211871899552,3181.028816803352,2,8,0
12287,2723.5,4040.333333333333,3542.3872835514,2934.5434625054254,2,8,0
9829,2281.0,3242.666666666667,1054.0762148282574,2333.3637378971443,2,8,0
12664,3006.25,4186.666666666667,1383.8126980676732,1333.4711595431427,2,8,0
15381,3577.5,5089.0,1128.2483473656557,3492.9282844055074,2,8,0
29725,7305.25,9862.333333333332,6900.257066467403,9093.452058120356,2,8,0
15573,3729.5,5148.666666666666,2596.43197484548,4061.908459497005,2,8,0
12253,2964.0,4000.333333333333,1327.2799252606815,2472.2346841134104,2,8,0
9077,2160.75,2986.0,713.5317675712366,1827.5798204182493,2,8,0
9873,2222.0,3260.0,1072.9426825324826,2951.9198837366844,2,8,0
12052,2823.75,3955.666666666667,1578.5848884364755,2746.060693672544,2,8,0
13435,3188.75,4446.333333333334,2411.138372221719,3862.819479775535,2,8,0
10843,2526.0,3577.666666666667,1652.0538732135826,3342.199026589131,2,8,0
15281,3233.25,4966.333333333333,2006.2188938398522,2844.528138959665,2,8,0
12336,2996.75,4071.666666666667,1797.5736192619947,2450.555515252273,2,8,0
12425,2890.75,4105.666666666667,1698.181453791084,2958.5121823871764,2,8,0
11252,2725.5,3712.3333333333335,1122.868499276147,2124.234058039117,2,8,0
12397,2905.25,4093.0,1533.8686112789017,2915.2685982598587,2,8,0
14401,3398.0,4762.0,1791.440202741917,3512.011389503172,2,8,0
12757,3022.75,4225.0,1992.8507846800771,3361.272526886209,2,8,0
22972,5625.5,7555.333333333333,4937.020727793906,8607.514410869919,2,8,0
16499,4024.75,5293.666666666666,2927.435894544348,4916.353255547584,2,8,0
11514,2781.5,3740.0,1500.8585320853306,2751.2591662727814,2,8,0
8665,2039.25,2853.333333333333,1017.0874675595343,1935.79966249954,2,8,0
11295,2721.25,3720.666666666667,1221.0960581925294,2261.8208004466965,2,8,0
10096,2428.75,3334.6666666666665,1185.6411416051092,1605.0250257654343,2,8,0
13153,3181.0,4287.0,899.1636855063339,2702.7221462814114,2,8,0
11532,2743.25,3802.666666666667,1346.3752263020885,2247.9159978374046,2,8,0
13283,3172.5,4384.333333333333,1595.111803813973,3318.1763565749984,2,8,0
15143,3575.5,5008.333333333334,2699.272803305858,4488.363213169511,2,8,0
12422,2912.5,4099.333333333333,1330.3056039872943,3063.5550155551855,2,8,0
13753,3279.5,4550.0,2280.8694979473653,4639.015089434394,2,8,0
11094,2599.0,3658.333333333333,1496.8019241035202,2837.0749608237943,2,8,0
11608,2647.0,3828.0,1603.1807966248432,3269.6446290078684,2,8,0
13258,3228.75,4387.0,1445.0364182261983,2815.5083022431313,2,8,0
12346,2722.25,4083.0,2061.0506018371634,4176.383722791765,2,8,0
10146,2438.25,3346.333333333333,1384.2885958739482,2458.570790791539,2,8,0
14907,3502.5,4930.333333333333,1760.5503874262351,3857.3641691358794,2,8,0
24106,5503.25,7996.333333333333,4872.495348039511,7255.565955411978,2,8,0
19049,4556.25,6307.333333333334,2873.826180663449,5975.106052057431,2,8,0
7733,1844.25,2541.6666666666665,726.4077711588719,1439.8383011065282,2,8,0
13351,3013.25,4402.0,1102.769959390141,2314.15016798824,2,8,0
9688,2209.25,3190.666666666667,1155.9317670174134,2504.549726664123,2,8,0
16386,3674.0,5424.666666666667,1735.186637415891,3767.713674542339,2,8,0
13740,3272.25,4544.333333333334,3034.693765439933,4664.832722974462,2,8,0
13770,3135.0,4553.333333333333,1074.9793796471943,2353.52381193251,2,8,0
25409,6195.25,8388.333333333332,6588.16460910523,9053.183436412482,2,8,0
13014,3035.0,4285.333333333334,2024.9493820834139,3824.659113350278,2,8,0
13757,3355.25,4551.333333333333,1301.8375154629193,2861.5513857579654,2,8,0
13612,3301.75,4389.333333333333,1764.3857051865577,3128.99989346969,2,8,0
11569,2763.25,3818.333333333333,1381.258453971112,2646.0828281316767,2,8,0
14165,3409.0,4686.0,1233.9351684752323,2649.6190292191063,2,8,0
14581,3552.25,4820.0,2558.0992129574124,2643.407460078752,2,8,0
10533,2482.25,3473.0,1388.9219740503784,2681.4652710784826,2,8,0
10907,2562.25,3568.666666666667,1511.7489595388074,2900.1441918175956,2,8,0
14129,3421.5,4671.333333333333,1443.5231207015702,2762.057988770933,2,8,0
11493,2792.5,3797.333333333333,1929.5122872546488,3197.2932823457613,2,8,0
11807,2854.0,3895.0,1351.9524153361808,2347.8102563878538,2,8,0
12902,3065.75,4270.0,2068.303552028409,3489.7958393006315,2,8,0
10978,2553.0,3619.666666666667,1154.7574059804365,2184.2409055169105,2,8,0
10358,2453.25,3391.0,1392.9324881941216,2831.477352902544,2,8,0
10561,2524.75,3481.0,1290.8496878671301,2490.4071956208286,2,8,0
12242,2782.0,4049.333333333333,1981.790604478687,3499.680890214611,2,8,0
16722,3977.25,5505.333333333333,1461.8347774857002,2627.8234973706535,2,8,0
10159,2411.25,3355.0,1659.681570864323,2986.9648474664045,2,8,0
11594,2770.5,3824.333333333333,1824.136051212555,3483.887818706758,2,8,0
11066,2491.5,3650.0,853.827656302293,2097.483492187722,2,8,0
10952,2548.0,3619.0,1644.4758030043088,2591.468309665391,2,8,0
10948,2514.5,3602.0,1255.539857325658,2646.6316328495736,2,8,0
25486,6225.0,8451.666666666668,6532.853026562489,9801.163621393805,2,8,0
10110,2326.25,3338.0,1330.035682478732,2998.745904540763,2,8,0
31896,7870.5,10592.333333333334,5725.283137103352,7810.113720896344,2,8,0
19761,4743.25,6545.333333333333,5772.608386451772,7989.272828820739,2,8,0
8316,1971.75,2746.0,834.9748000189387,1804.100606950732,2,8,0
11807,2841.5,3860.0,1785.3400236369541,3319.4577870489634,2,8,0
12704,2712.0,4153.666666666667,1349.8046772280302,3479.6945747196455,2,8,0
9525,2239.5,3136.666666666667,1146.0740232055985,2374.230893012163,2,8,0
12873,3087.5,4253.0,1138.1817370994258,2704.5125253915908,2,8,0
11838,2823.0,3910.6666666666665,717.3859955886138,2149.5195587231424,2,8,0
10982,2627.75,3629.0,862.0964273212132,2215.9045557063146,2,8,0
14755,3563.25,4879.666666666667,2116.7288245466557,3209.003323982905,2,8,0
10220,2447.5,3379.6666666666665,1813.70605850746,1751.2379430943508,2,8,0
15520,3780.25,5105.0,1305.0832348934684,3120.419683311846,2,8,0
9681,2276.75,3195.666666666667,1122.5002969561597,2196.936579269719,2,8,0
10670,2470.0,3483.666666666667,1435.5389231922622,2620.339163797949,2,8,0
11647,2808.25,3844.6666666666665,1303.057526230775,1949.123478216127,2,8,0
13535,3233.75,4468.666666666667,2115.0570323279703,3564.3611395779376,2,8,0
11990,2654.75,3958.666666666667,1278.4869638235139,3345.699378804577,2,8,0
18524,4537.75,6136.0,4259.206684739933,2237.8116542729863,2,8,0
13747,3312.75,4543.333333333333,1623.3191050026692,2726.1027738024354,2,8,0
13098,3105.5,4327.0,1312.056528253769,3008.0398933524802,2,8,0
14547,3469.0,4807.666666666667,2127.562925038881,3601.1244540189573,2,8,0
12138,2920.25,4008.6666666666665,1306.9979278228918,1484.127465325446,2,8,0
12041,2883.0,3972.0,2125.1835999116247,3512.425372872711,2,8,0
12510,2923.25,4131.666666666667,1700.417277219526,3229.64414964456,2,8,0
22505,5295.0,7462.333333333334,3953.564046106584,5647.414482162022,2,8,0
11644,2738.5,3827.666666666667,1677.8769323165511,3230.908592537606,2,8,0
10899,2506.25,3596.333333333333,1381.48286875613,2625.2570032919316,2,8,0
6811,1598.75,2242.6666666666665,664.6549856880636,1683.57754004184,2,8,0
10481,2414.75,3455.0,829.3557238402992,2180.5758413776853,2,8,0
11701,2784.25,3868.0,1343.9115484286904,2679.984888017095,2,8,0
14870,2345.0,4919.666666666666,1093.4425758432249,4965.127423675382,2,8,0
32344,5498.0,7472.333333333334,6882.9774080698535,12027.718251328193,2,6,0
1938,1681.0,0,0.0,0,0,3,0
60010179,5655800.666666667,6667794.333333333,5227457.824722477,4864693.528546351,2,19,1
60009743,5655744.888888889,6667747.333333333,5227518.870999808,4864765.587870499,2,19,1
60009179,5655678.555555556,6667684.444444444,5227549.049835045,4864837.979139159,2,19,1
60009083,5655630.333333333,6667674.222222222,5227597.8740339475,4864905.332333656,2,19,1
60008728,5655572.0,6667634.111111111,5227662.327485226,4864991.180697645,2,19,1
60008071,5655478.111111111,6667561.0,5227765.340769094,4865107.030929895,2,19,1
60007583,5655411.444444444,6667507.444444444,5227837.693047794,4865190.098936991,2,19,1
60004227,5655096.444444444,6667133.444444445,5228230.865075636,4865702.958901779,2,19,1
60006646,5655289.111111111,6667401.555555556,5227872.409226827,4865340.284322107,2,19,1
60002232,5654891.444444444,6666913.333333333,5228501.929507368,4866015.179011801,2,19,1
60001210,5654789.333333333,6666795.111111111,5228587.093777391,4866166.725124419,2,19,1
60005803,5655224.0,6667307.555555556,5228031.080536295,4865501.553414203,2,19,1
60005111,5655173.111111111,6667223.333333333,5228144.681632946,4865623.2455517715,2,19,1
60003614,5654998.0,6667064.88888889,5228341.44153012,4865860.524212712,2,19,1
60002882,5654913.666666667,6666984.444444444,5228435.732485411,4865979.497124631,2,19,1
60001948,5654830.0,6666881.333333333,5228568.982231324,4866115.985176988,2,19,1
60000527,5654676.333333333,6666719.0,5228717.429332145,4866351.159089529,2,19,1
60001181,5654575.777777778,6666789.666666667,5228823.511502821,4866585.155652756,2,19,1
60001653,5654623.888888889,6666846.555555556,5228774.023251016,4866518.863563541,2,19,1
60000656,5654546.555555556,6666731.111111111,5228928.123070949,4866680.316705974,2,19,1
60001804,5654466.111111111,6666865.111111111,5229021.38040629,4866897.811887117,2,19,1
60001572,5654417.777777779,6666839.666666667,5229068.777737241,4866963.978214473,2,19,1
60001459,5654354.0,6666821.555555556,5229138.087386463,4867080.5858384995,2,19,1
60002314,5654299.777777778,6666916.888888889,5229136.302488867,4867221.248279695,2,19,1
60001712,5654205.888888889,6666854.444444444,5229244.792050842,4867364.732064239,2,19,1
60001404,5654162.666666667,6666820.888888889,5229292.084759155,4867421.625222086,2,19,1
60002401,5654131.444444444,6666929.888888889,5229323.380874984,4867534.485192823,2,19,1
60001540,5654046.333333333,6666833.0,5229457.003613449,4867670.329023937,2,19,1
60000749,5653940.666666667,6666745.333333332,5229506.929262858,4867798.850102785,2,19,1
60002234,5654103.555555556,6666909.777777778,5229392.939099937,4867604.167920877,2,19,1
60001274,5653988.555555556,6666806.444444445,5229454.335083516,4867736.186216548,2,19,1
60002132,5653878.444444444,6666899.111111111,5229567.953419243,4867997.977091287,2,19,1
60000692,5653732.777777778,6666739.888888889,5229780.266284349,4868243.450410385,2,19,1
60002068,5653857.111111111,6666892.111111111,5229634.426345652,4868078.083224976,2,19,1
60000492,5653676.333333333,6666719.222222222,5229839.392931775,4868334.685033343,2,19,1
60001738,5653634.666666667,6666845.555555556,5229908.78577949,4868535.351629484,2,19,1
60001204,5653565.777777778,6666798.666666667,5229984.595887228,4868617.544442236,2,19,1
60002122,5653483.666666667,6666894.0,5230050.298270276,4868848.378380277,2,19,1
60001148,5653399.777777778,6666786.333333333,5230173.118860832,4868983.251499998,2,19,1
60001755,5653432.888888889,6666853.444444444,5230101.080626202,4868917.62911579,2,19,1
60000473,5653313.777777779,6666717.333333333,5230236.1687149415,4869065.384699255,2,19,1
60001554,5653252.777777778,6666837.333333332,5230301.584465082,4869250.935155709,2,19,1
60001021,5653186.333333333,6666776.333333333,5230374.48085326,4869349.263980687,2,19,1
60001929,5653143.111111111,6666877.888888889,5230419.511133104,4869487.125898307,2,19,1
60001163,5653018.0,6666793.555555556,5230534.143680213,4869670.427221978,2,19,1
60001996,5653088.0,6666880.111111111,5230456.254826102,4869595.646074976,2,19,1
60001059,5652965.444444444,6666779.888888889,5230566.653521756,4869748.072449551,2,19,1
60000122,5652767.777777778,6666678.222222223,5230738.140555017,4870025.749535051,2,19,1
60001663,5652934.777777778,6666847.333333334,5230658.903253413,4869899.623551521,2,19,1
60001172,5652880.0,6666792.666666667,5230697.525593503,4869958.732755931,2,19,1
60000810,5652831.444444444,6666755.0,5230749.917944226,4870015.664437256,2,19,1
60001305,5652686.666666667,6666802.444444444,5230826.688607117,4870250.970822503,2,19,1
60001779,5652718.666666667,6666862.555555556,5230792.169791469,4870215.755502166,2,19,1
60000982,5652629.111111111,6666774.444444444,5230890.033469888,4870319.154811112,2,19,1
60000084,5652572.888888889,6666674.666666667,5231045.188628116,4870443.090309315,2,19,1
60000839,5652584.888888889,6666758.444444444,5230938.145388704,4870389.702736197,2,19,1
60001438,5652527.0,6666821.222222222,5231096.373281538,4870622.737302587,2,19,1
60000985,5652469.888888889,6666774.222222222,5231160.410323708,4870701.347298733,2,19,1
60000682,5652429.777777778,6666740.777777778,5231133.4025915405,4870757.08366163,2,19,1
60000867,5652386.777777778,6666761.222222222,5231180.370798014,4870851.253723054,2,19,1
60000511,5652341.777777778,6666721.888888889,5231225.526404802,4870910.633111339,2,19,1
60000993,5652294.222222222,6666773.333333333,5231279.287576314,4871028.864836976,2,19,1
60000594,5652228.222222222,6666730.888888889,5231354.137680435,4871126.760518285,2,19,1
60000383,5652218.222222222,6666707.777777778,5231434.429866124,4871192.870338019,2,19,1
60000778,5652156.333333333,6666747.555555555,5231507.069425143,4871340.586767751,2,19,1
59999931,5652055.333333333,6666656.111111111,5231561.951282905,4871470.709007302,2,19,1
60000595,5652103.444444444,6666728.555555556,5231567.15103374,4871431.893124754,2,19,1
60001357,5652012.0,6666807.444444444,5231607.207102948,4871653.539432533,2,19,1
60000292,5651887.0,6666695.444444444,5231749.800152097,4871823.956735662,2,19,1
60001646,5651935.777777778,6666844.555555556,5231693.522176657,4871815.240692095,2,19,1
60000255,5651807.888888889,6666690.111111112,5231903.288399893,4872040.564942359,2,19,1
60001023,5651827.0,6666778.444444444,5231812.256919465,4871980.6033372125,2,19,1
60000969,5651681.777777778,6666771.333333333,5232042.209188607,4872326.700676536,2,19,1
60001846,5651750.777777778,6666869.777777778,5231968.289462097,4872248.009980295,2,19,1
60000686,5651605.222222222,6666741.111111112,5232100.242595601,4872456.94768703,2,19,1
60000368,5651550.555555556,6666704.333333333,5232155.962507118,4872535.457988146,2,19,1
60001441,5651488.0,6666822.0,5232227.544739381,4872729.890752513,2,19,1
60001134,5651433.0,6666791.111111111,5232289.031482277,4872811.466934167,2,19,1
60000930,5651389.111111111,6666768.444444444,5232334.148485011,4872879.438442252,2,19,1
60000441,5651357.555555556,6666713.777777778,5232431.49341284,4872971.334297196,2,19,1
60002164,5651289.222222222,6666901.777777778,5232504.8185486365,4873219.745556596,2,19,1
60001741,5651233.111111111,6666855.888888889,5232568.495290062,4873282.530472541,2,19,1
60001314,5651179.444444444,6666798.111111111,5232560.610192564,4873353.940431257,2,19,1
60000860,5651123.222222222,6666757.222222222,5232621.391374613,4873417.539061802,2,19,1
60000426,5651058.111111111,6666706.333333333,5232695.391663995,4873524.044999265,2,19,1
60001370,5650990.333333333,6666817.111111111,5232770.542375402,4873707.771601756,2,19,1
60001142,5650950.444444444,6666792.333333333,5232810.259836155,4873765.639432537,2,19,1
60001143,5650904.444444444,6666787.555555555,5232934.608931974,4873936.169391714,2,19,1
60000677,5650846.555555556,6666739.888888889,5232999.914418787,4874012.6337727215,2,19,1
60000985,5650812.444444444,6666767.222222222,5232992.256880262,4874080.903201259,2,19,1
60000400,5650744.222222222,6666708.777777778,5233067.834657859,4874165.635263583,2,19,1
60002275,5650701.888888889,6666918.0,5233094.240585259,4874337.742953473,2,19,1
60001729,5650529.666666667,6666846.777777778,5233295.089484707,4874671.084974241,2,19,1
60002295,5650361.222222222,6666912.0,5233433.420784695,4875003.1582949,2,19,1
60002784,5650411.0,6666971.000000001,5233432.591380298,4874957.973610516,2,19,1
60001780,5650339.777777778,6666860.555555556,5233542.279792477,4875085.63353812,2,19,1
60001070,5650257.888888889,6666783.888888889,5233632.771480161,4875186.646177109,2,19,1
60000552,5650199.444444444,6666726.0,5233697.288679584,4875267.582724589,2,19,1
60001535,5650303.333333333,6666834.000000001,5233583.478003647,4875133.39302557,2,19,1
60000234,5650144.111111111,6666690.888888888,5233706.008393466,4875329.217119738,2,19,1
60001420,5650081.333333333,6666822.666666667,5233774.67839312,4875517.334361478,2,19,1
60000996,5650029.0,6666775.222222221,5233832.227999409,4875590.168859171,2,19,1
60000435,5649964.222222222,6666712.0,5233898.678428748,4875677.482596855,2,19,1
60000401,5649831.111111111,6666709.777777778,5234116.491444006,4875961.633220409,2,19,1
60001246,5649920.777777778,6666798.777777778,5234023.25874804,4875881.898024622,2,19,1
60000898,5649877.888888889,6666760.111111111,5234071.265598235,4875923.677261198,2,19,1
60001445,5649690.666666667,6666816.333333332,5234188.883688141,4876306.836651612,2,19,1
60002052,5649753.777777778,6666888.333333333,5234201.847111907,4876224.978890894,2,19,1
60000885,5649623.888888889,6666760.222222222,5234254.711530034,4876375.184482137,2,19,1
60001960,5649566.444444444,6666868.333333333,5234319.813327017,4876573.698260593,2,19,1
60001738,5649410.777777778,6666857.555555556,5234500.142642891,4876856.105761019,2,19,1
60001512,5649382.111111111,6666829.666666667,5234586.0469625825,4876943.717718122,2,19,1
60001517,5649326.444444444,6666828.777777778,5234654.912758412,4877058.724927781,2,19,1
60002159,5649245.888888889,6666904.333333333,5234734.685977013,4877240.153121846,2,19,1
60000843,5649076.777777778,6666757.777777778,5234931.229639,4877501.368690038,2,19,1
60001487,5649000.555555556,6666829.888888888,5234964.849096054,4877686.929569242,2,19,1
60000845,5648909.444444444,6666756.555555556,5235066.193248852,4877826.4244429385,2,19,1
60000587,5648875.666666667,6666728.777777777,5235102.120295864,4877872.05115701,2,19,1
60000253,5648869.0,6666690.0,5235172.748985128,4877925.752282752,2,19,1
60001450,5648955.444444444,6666825.888888889,5235014.245635849,4877771.460429507,2,19,1
60001733,5648814.777777778,6666852.333333333,5235235.022787129,4878131.056265683,2,19,1
60001328,5648765.444444444,6666803.11111111,5235289.44933036,4878202.239263647,2,19,1
60000724,5648698.111111111,6666745.222222222,5235366.195591633,4878284.064892716,2,19,1
60000426,5648660.777777778,6666709.333333333,5235373.651743989,4878337.109573353,2,19,1
60001920,5648617.888888889,6666875.888888889,5235421.555790289,4878510.65263976,2,19,1
60001703,5648579.888888889,6666852.666666666,5235463.60177598,4878567.654918629,2,19,1
60000993,5648529.555555556,6666771.777777778,5235516.939260323,4878630.552918636,2,19,1
60000310,5648453.555555556,6666689.777777779,5235599.630681311,4878741.990620681,2,19,1
60001580,5648544.888888889,6666839.111111111,5235497.064709339,4878621.148502859,2,19,1
60001952,5648396.222222221,6666875.555555556,5235663.255328564,4878942.898967335,2,19,1
60000902,5648247.666666667,6666762.0,5235833.598400689,4879145.013655773,2,19,1
60002601,5648300.444444444,6666953.555555556,5235774.000822899,4879164.270922304,2,19,1
60001763,5648194.0,6666860.555555556,5235893.535490528,4879299.267047757,2,19,1
60001352,5648135.888888889,6666814.333333333,5235955.650356495,4879375.3602236835,2,19,1
60001488,5648075.0,6666830.0,5236024.911833547,4879502.017035166,2,19,1
60001226,5648062.11111111,6666801.444444444,5236013.677567541,4879553.055415606,2,19,1
60000913,5648022.0,6666763.555555556,5236058.187324029,4879609.289270302,2,19,1
60000525,5647973.777777778,6666723.444444445,5236111.642546327,4879673.588946373,2,19,1
60001173,5647939.777777778,6666793.0,5236147.669762112,4879782.761793577,2,19,1
60000494,5647841.555555556,6666716.111111111,5236256.492966184,4879932.475967173,2,19,1
60001039,5647894.666666667,6666778.888888889,5236196.281991252,4879858.497939886,2,19,1
60000943,5647763.555555556,6666768.111111111,5236424.792566539,4880221.5951358825,2,19,1
60001670,5647783.555555556,6666850.555555555,5236321.151986696,4880122.045147953,2,19,1
60001364,5647749.333333333,6666812.333333333,5236358.007340932,4880173.585789188,2,19,1
60000625,5647722.666666667,6666733.0,5236470.757089979,4880279.696882266,2,19,1
60000368,5647687.444444444,6666704.555555556,5236507.263017405,4880321.612703361,2,19,1
60002029,5647637.333333333,6666887.888888889,5236564.130741168,4880529.202137495,2,19,1
60001715,5647589.555555556,6666852.666666666,5236576.299289358,4880579.203284483,2,19,1
60001579,5647538.111111111,6666840.555555556,5236632.324087959,4880665.037812627,2,19,1
60001060,5647461.222222222,6666782.555555556,5236716.772400236,4880778.771970619,2,19,1
60001207,5647373.888888889,6666797.777777777,5236866.687172838,4881022.852614777,2,19,1
60001038,5647327.444444444,6666774.0,5236916.89891665,4881097.146892976,2,19,1
60000719,5647269.888888889,6666739.0,5236980.890747273,4881187.55581928,2,19,1
60002533,5647399.222222222,6666946.555555556,5236744.812594886,4880966.099270797,2,19,1
60001086,5647068.333333333,6666782.555555556,5237148.306977401,4881541.204916387,2,19,1
60002380,5647207.11111111,6666924.777777778,5237005.120445259,4881392.033282842,2,19,1
60001968,5647161.111111111,6666883.666666666,5237056.41616661,4881438.492041844,2,19,1
60001602,5647120.333333333,6666843.333333333,5237097.5580127165,4881476.611950989,2,19,1
60000194,5646961.222222222,6666683.333333333,5237271.591449401,4881693.252938523,2,19,1
60000558,5646904.777777778,6666726.111111111,5237383.047142527,4881841.502055665,2,19,1
60001779,5646837.333333333,6666861.777777779,5237356.134009411,4882022.943643592,2,19,1
60000616,5646700.222222222,6666733.222222222,5237511.402520137,4882219.883932917,2,19,1
60000134,5646642.222222222,6666679.666666667,5237574.346219339,4882302.283505345,2,19,1
60001515,5646770.444444444,6666821.222222222,5237432.530847608,4882156.686360234,2,19,1
59999978,5646593.222222222,6666659.222222222,5237625.808506674,4882389.834270861,2,19,1
60001302,5646530.555555556,6666804.666666667,5237695.364831777,4882599.93246723,2,19,1
60000602,5646444.555555556,6666731.222222221,5237795.2184449015,4882723.076876514,2,19,1
60000255,5646449.333333332,6666693.555555556,5237887.897836422,4882786.069160723,2,19,1
60001418,5646402.333333333,6666819.444444444,5237909.658570201,4882955.344875327,2,19,1
60000977,5646342.777777778,6666773.666666667,5237975.303191678,4883038.419020683,2,19,1
60002297,5646293.777777778,6666920.777777778,5238026.935396257,4883215.189536853,2,19,1
60001459,5646196.222222222,6666825.333333333,5238134.836871011,4883354.326558386,2,19,1
60000594,5646100.000000001,6666729.666666667,5238242.656105743,4883487.340875319,2,19,1
60002095,5646242.444444444,6666896.111111111,5238083.285883041,4883305.219356159,2,19,1
60001239,5646139.666666667,6666800.444444444,5238199.040934417,4883453.501261072,2,19,1
60001260,5645975.888888889,6666801.888888889,5238384.833120521,4883795.8109012,2,19,1
60002410,5646099.555555556,6666931.444444444,5238239.97871604,4883615.939597091,2,19,1
60000767,5645916.777777778,6666748.555555556,5238430.304407294,4883866.6923012985,2,19,1
59999776,5645806.555555556,6666640.0,5238526.617982892,4883994.259616047,2,19,1
60000341,5645863.777777778,6666700.222222222,5238491.719467178,4883946.241077771,2,19,1
60001272,5645756.333333333,6666806.333333333,5238578.412681226,4884173.499543346,2,19,1
60000665,5645683.0,6666736.888888889,5238659.71440766,4884280.224389067,2,19,1
60001094,5645601.888888889,6666778.333333333,5238787.452155399,4884529.35760568,2,19,1
60001657,5645622.555555556,6666847.222222222,5238682.734439263,4884437.438765614,2,19,1
60000735,5645558.111111111,6666745.666666667,5238835.593040223,4884572.772809026,2,19,1
60000498,5645520.555555556,6666717.888888889,5238875.275758674,4884629.510943063,2,19,1
60001706,5645470.888888889,6666851.111111111,5238930.183492032,4884805.77863817,2,19,1
60001201,5645410.888888889,6666798.777777778,5238998.03912932,4884877.458373285,2,19,1
60000676,5645352.333333333,6666739.888888889,5239063.215751553,4884954.323338869,2,19,1
60000230,5645299.0,6666690.333333333,5239121.529592604,4885019.789346483,2,19,1
60000349,5645235.777777778,6666703.666666668,5239206.8009043075,4885210.278520465,2,19,1
60001068,5645254.111111111,6666780.222222222,5239097.471365737,4885149.398827578,2,19,1
60000654,5645108.444444444,6666737.222222222,5239349.0257616,4885472.8972118655,2,19,1
60001287,5645174.444444444,6666805.0,5239275.252437285,4885395.720960765,2,19,1
60001418,5645027.666666667,6666809.333333333,5239427.344406305,4885681.133074027,2,19,1
60001823,5645066.222222222,6666865.777777778,5239395.736849355,4885631.820378066,2,19,1
60001999,5644956.888888889,6666883.777777778,5239502.705937951,4885833.237789456,2,19,1
60000470,5644769.777777778,6666716.222222223,5239719.788537905,4886106.441072553,2,19,1
60001613,5644724.777777778,6666836.777777778,5239702.522844374,4886269.2840029495,2,19,1
60000314,5644602.333333333,6666695.333333333,5239903.425796939,4886485.970420743,2,19,1
60001076,5644662.222222222,6666781.444444444,5239836.595254445,4886414.318941168,2,19,1
60001237,5644476.555555556,6666800.777777778,5239842.08837323,4886576.067739374,2,19,1
60001817,5644532.777777778,6666860.888888889,5239982.480204389,4886726.377896209,2,19,1
60000935,5644433.777777779,6666767.111111112,5239886.667001892,4886625.857082355,2,19,1
60000631,5644384.777777778,6666726.444444444,5239936.428223337,4886698.7560522165,2,19,1
60001854,5644308.0,6666852.333333334,5240025.383111564,4886948.503115108,2,19,1
60001455,5644222.888888889,6666824.888888889,5240121.986025074,4887063.241603039,2,19,1
60001225,5644202.333333333,6666796.666666667,5240105.251465972,4887095.458702182,2,19,1
60000701,5644135.111111111,6666742.888888889,5240169.657610631,4887149.432885352,2,19,1
60001304,5643892.777777778,6666807.777777778,5240447.525683941,4887674.537089284,2,19,1
60001932,5643957.777777778,6666878.888888889,5240373.374387621,4887584.540484784,2,19,1
60000771,5643828.555555556,6666748.222222222,5240521.800872579,4887770.232717772,2,19,1
60000168,5643760.111111111,6666682.0,5240596.6879660385,4887856.17500014,2,19,1
59999839,5643705.0,6666647.333333334,5240654.033492313,4887929.312809311,2,19,1
60001298,5643642.111111111,6666809.0,5240725.872707125,4888142.137933006,2,19,1
59999954,5643490.222222222,6666657.111111111,5240843.194197137,4888363.005521671,2,19,1
60001433,5643583.777777778,6666820.888888889,5240738.354039576,4888292.385422272,2,19,1
60001049,5643534.666666667,6666781.777777779,5240792.531592788,4888347.847624358,2,19,1
60000102,5643426.111111111,6666676.333333333,5240913.5612386195,4888486.908772387,2,19,1
60001503,5643378.222222222,6666832.444444444,5240963.7116733305,4888661.358173603,2,19,1
60000112,5643213.888888889,6666666.888888889,5241143.618302103,4888911.031350551,2,19,1
60001044,5643295.11111111,6666778.777777778,5241050.8304863935,4888795.263405386,2,19,1
60001095,5643126.555555556,6666786.444444444,5241245.641643575,4889128.940622274,2,19,1
60001073,5643113.444444444,6666784.888888888,5241250.323616663,4889198.465167078,2,19,1
60000963,5643062.222222222,6666772.222222222,5241304.959015688,4889275.268273197,2,19,1
60002131,5643026.0,6666899.777777778,5241343.658864419,4889422.231783138,2,19,1
60001686,5642966.333333333,6666846.333333333,5241411.330997477,4889518.415762768,2,19,1
60001210,5642910.666666667,6666799.555555555,5241475.349673506,4889585.507133991,2,19,1
60000921,5642874.111111111,6666767.777777778,5241515.847102139,4889635.603817088,2,19,1
60000604,5642833.444444444,6666732.555555556,5241558.434933954,4889691.177203145,2,19,1
60000359,5642793.222222222,6666701.555555556,5241601.244439474,4889752.452895011,2,19,1
60001094,5642709.777777778,6666782.999999999,5241701.4818406,4890010.355220656,2,19,1
60001710,5642757.0,6666852.444444444,5241621.411431295,4889935.747518701,2,19,1
60000771,5642663.888888889,6666750.777777778,5241752.426844396,4890058.747990017,2,19,1
60000279,5642622.555555556,6666696.0,5241824.57097071,4890121.570635949,2,19,1
59999968,5642571.0,6666660.111111111,5241881.7184776785,4890202.608660898,2,19,1
60001063,5642513.0,6666783.222222222,5241945.547531756,4890380.1937788995,2,19,1
60000807,5642478.888888889,6666752.111111111,5241981.728149943,4890416.481990375,2,19,1
59999892,5642415.777777778,6666652.0,5242022.055480542,4890524.496193072,2,19,1
60000359,5642460.666666667,6666699.888888889,5242087.382978798,4890504.679664447,2,19,1
60000958,5642316.888888889,6666771.333333334,5242131.03257815,4890768.935204361,2,19,1
60001535,5642361.777777778,6666835.222222222,5242083.107267849,4890728.981165609,2,19,1
60000826,5642264.333333333,6666756.777777778,5242189.1860629665,4890854.538965655,2,19,1
60000394,5642195.444444444,6666708.666666667,5242264.840220878,4890960.55020839,2,19,1
60001098,5642152.111111111,6666784.0,5242310.293823861,4891079.738061755,2,19,1
60000776,5642089.666666667,6666746.333333333,5242367.22156327,4891169.970299156,2,19,1
60001232,5641920.222222222,6666794.777777778,5242474.069721752,4891507.301788881,2,19,1
60000405,5641809.111111111,6666710.333333333,5242601.014114784,4891654.617085971,2,19,1
60001061,5641853.666666667,6666780.000000001,5242550.6655817125,4891615.653069648,2,19,1
60001301,5641760.333333333,6666809.777777777,5242654.754854023,4891802.307107391,2,19,1
60000990,5641710.888888889,6666774.888888889,5242710.716303385,4891879.725910696,2,19,1
60000926,5641671.666666667,6666767.777777777,5242750.4578662,4891947.778664746,2,19,1
59999974,5641555.222222222,6666662.0,5242879.665140804,4892093.828597041,2,19,1
60000382,5641482.888888889,6666701.111111111,5242962.106398072,4892329.38209171,2,19,1
60002055,5641624.333333333,6666882.333333333,5242803.348821316,4892117.830514843,2,19,1
60000851,5641529.0,6666759.444444444,5242911.967719537,4892263.08326101,2,19,1
60001763,5641422.0,6666857.555555556,5243029.35696578,4892534.85777087,2,19,1
60002094,5641351.777777778,6666892.888888889,5243111.527835422,4892688.321158534,2,19,1
60001639,5641293.444444444,6666847.333333333,5243175.537939916,4892763.659570683,2,19,1
60001427,5641261.111111111,6666822.0,5243208.831017424,4892807.979419283,2,19,1
60001002,5641245.222222222,6666772.333333333,5243320.669627211,4892907.3728272235,2,19,1
60000572,5641191.555555556,6666726.777777778,5243381.326502658,4892977.698869646,2,19,1
60000208,5641143.0,6666688.0,5243366.079074682,4893029.134064935,2,19,1
60001523,5641065.666666668,6666833.222222222,5243451.10114703,4893254.910113149,2,19,1
60001942,5641107.111111111,6666877.555555556,5243406.2803845,4893212.764847859,2,19,1
60001240,5641028.666666667,6666800.888888889,5243492.398558546,4893309.459618701,2,19,1
60001216,5640977.888888889,6666800.333333333,5243549.81126375,4893397.164883539,2,19,1
60001790,5640916.555555556,6666864.222222222,5243617.8388943,4893554.91672909,2,19,1
60001496,5640920.111111111,6666829.888888889,5243702.2571445275,4893604.750995284,2,19,1
60001287,5640883.555555556,6666806.88888889,5243741.722523362,4893659.7483828105,2,19,1
60000844,5640828.111111112,6666755.111111111,5243725.570807683,4893728.802280895,2,19,1
60000485,5640787.777777778,6666717.333333333,5243770.182454171,4893773.207703209,2,19,1
60000728,5640683.222222222,6666740.777777778,5243885.154988398,4893998.33571781,2,19,1
60001416,5640734.222222222,6666820.888888888,5243828.133757526,4893937.49265429,2,19,1
60000514,5640629.333333333,6666720.111111111,5243945.643903739,4894082.4612981705,2,19,1
59999615,5640585.888888889,6666620.0,5244114.842185439,4894223.164608839,2,19,1
60001167,5640575.444444444,6666793.222222222,5244006.067244848,4894229.235257447,2,19,1
60000441,5640545.0,6666712.222222221,5244158.660353442,4894351.156975095,2,19,1
60000927,5640485.777777778,6666763.888888889,5244172.664800254,4894497.268909633,2,19,1
60002291,5640421.777777778,6666916.333333333,5244244.368174308,4894705.647759449,2,19,1
60001437,5640315.555555556,6666822.777777778,5244362.17832815,4894835.747095243,2,19,1
60000376,5640191.0,6666703.0,5244500.2667577155,4895003.368915567,2,19,1
60002092,5640356.111111111,6666897.333333333,5244319.005782768,4894813.284212994,2,19,1
60001294,5640260.0,6666802.777777777,5244422.3110852735,4894931.108804412,2,19,1
60000940,5640113.888888889,6666764.333333333,5244675.425715886,4895276.132222905,2,19,1
60001457,5640166.888888889,6666822.333333333,5244615.475708191,4895209.229394721,2,19,1
60000624,5640074.222222222,6666732.444444444,5244643.132966551,4895313.417517822,2,19,1
60000200,5640027.0,6666683.777777778,5244694.470799801,4895368.006968572,2,19,1
60001554,5639961.111111112,6666830.555555556,5244766.637856622,4895588.262435734,2,19,1
60000354,5639819.444444444,6666698.888888889,5244923.242363065,4895760.916584991,2,19,1
60001250,5639900.444444444,6666796.555555556,5244832.869027647,4895682.416693155,2,19,1
60001417,5639724.555555556,6666813.444444444,5245033.333754517,4896023.99526731,2,19,1
60000781,5639671.222222222,6666751.666666667,5245139.1531241285,4896112.770435848,2,19,1
60000357,5639616.111111111,6666697.444444444,5245200.141379317,4896192.597536813,2,19,1
60001497,5639539.222222222,6666828.333333333,5245154.986699911,4896311.288567752,2,19,1
59999942,5639359.666666666,6666645.555555556,5245365.4647431625,4896587.127683784,2,19,1
60003209,5639490.444444444,6667016.777777778,5245210.819401188,4896516.050386074,2,19,1
60001165,5639256.555555556,6666794.666666667,5245479.7878644075,4896855.861508076,2,19,1
60000368,5639177.333333333,6666705.555555556,5245633.255450385,4897029.277010428,2,19,1
60002665,5639298.111111111,6666961.111111111,5245435.594648014,4896873.251775168,2,19,1
60001964,5639214.222222222,6666881.888888889,5245526.225319553,4896996.444876503,2,19,1
60001169,5638995.111111111,6666790.777777778,5245826.924095104,4897459.041232168,2,19,1
60002086,5639093.777777778,6666890.222222222,5245729.550274055,4897325.383155452,2,19,1
60000262,5638890.888888889,6666680.777777778,5245949.5448646955,4897632.866265774,2,19,1
60001225,5638792.111111111,6666799.0,5246059.912895139,4897879.714426795,2,19,1
60001641,5638833.666666667,6666846.111111111,5246014.890797776,4897822.600148265,2,19,1
60001044,5638746.222222222,6666779.777777779,5246109.940754192,4897958.6635068385,2,19,1
60001920,5638674.666666667,6666874.444444444,5246287.598694433,4898264.452399725,2,19,1
60002514,5638689.666666667,6666942.111111111,5246173.124268775,4898172.512369956,2,19,1
60001132,5638582.111111111,6666791.111111111,5246360.401552309,4898394.352261857,2,19,1
60000724,5638536.666666667,6666745.555555556,5246408.750988075,4898453.362682606,2,19,1
59999869,5638440.777777778,6666649.333333334,5246518.322143071,4898571.525028649,2,19,1
60001586,5638628.111111111,6666841.444444444,5246339.479411179,4898331.268583085,2,19,1
60000444,5638489.222222222,6666703.888888889,5246463.2614593515,4898533.950097683,2,19,1
59999828,5638410.333333333,6666644.222222222,5246552.150879995,4898621.17186563,2,19,1
60000977,5638373.111111111,6666772.555555556,5246592.662318932,4898758.920182006,2,19,1
60000710,5638377.666666667,6666741.111111111,5246667.131890897,4898804.171643154,2,19,1
60002203,5638329.111111111,6666908.222222223,5246718.948383966,4898982.930706581,2,19,1
60001753,5638245.111111111,6666856.444444444,5246709.109774227,4899123.68636456,2,19,1
60001052,5638162.777777778,6666779.555555556,5246803.820992185,4899242.794069562,2,19,1
60000104,5638048.222222222,6666673.222222222,5246932.80605693,4899396.450754695,2,19,1
60000692,5638005.444444444,6666739.888888889,5247078.29317986,4899601.365673575,2,19,1
60002002,5638099.444444444,6666886.666666667,5246874.914362265,4899422.844269517,2,19,1
60001150,5638048.444444444,6666789.444444444,5247022.781305202,4899549.329205087,2,19,1
60000399,5637967.555555556,6666707.888888889,5247119.477316533,4899622.279447428,2,19,1
60002085,5637925.11111111,6666894.555555556,5247166.510524,4899805.740729195,2,19,1
60001734,5637871.333333333,6666857.555555556,5247133.989968,4899877.632908885,2,19,1
60001039,5637775.777777778,6666780.333333333,5247242.434617105,4900018.030132491,2,19,1
60001521,5637827.111111111,6666831.888888889,5247183.6462537795,4899951.504719828,2,19,1
60000714,5637729.0,6666744.555555556,5247292.595962965,4900082.123556989,2,19,1
59999864,5637639.777777778,6666649.666666667,5247419.765486981,4900217.351033983,2,19,1
60001297,5637596.888888889,6666801.111111111,5247467.036825445,4900393.742441326,2,19,1
60002336,5637707.777777778,6666923.333333333,5247344.436238768,4900252.200226918,2,19,1
60000524,5637492.111111111,6666721.222222222,5247508.423395465,4900520.285791749,2,19,1
59999674,5637462.555555556,6666629.111111112,5247675.721410292,4900644.471520364,2,19,1
60001232,5637546.666666667,6666799.888888889,5247523.781949373,4900468.318212109,2,19,1
60000511,5637514.222222222,6666721.777777778,5247619.456126101,4900601.625826103,2,19,1
60001628,5637418.444444445,6666843.777777778,5247723.850633937,4900862.2196722375,2,19,1
60000785,5637312.666666667,6666750.888888889,5247842.19271514,4900992.055996659,2,19,1
60001423,5637361.555555556,6666819.333333333,5247788.914150014,4900958.913450893,2,19,1
60000593,5637264.777777778,6666727.333333333,5247896.759685917,4901077.2048850395,2,19,1
60001031,5637136.888888889,6666777.333333333,5247966.03359505,4901340.527695892,2,19,1
60000259,5637070.333333333,6666692.11111111,5248104.3867796445,4901465.677336128,2,19,1
60002512,5637188.666666667,6666944.0,5247981.211219201,4901344.711888157,2,19,1
60001551,5637106.777777778,6666837.444444444,5248064.364154031,4901486.149131891,2,19,1
60001057,5637036.444444444,6666780.777777778,5248140.19752043,4901582.596584209,2,19,1
60001363,5636978.11111111,6666814.888888889,5248206.487215595,4901705.632817046,2,19,1
60001002,5636925.777777778,6666774.555555556,5248265.09956766,4901784.668671659,2,19,1
60001786,5636888.0,6666861.333333333,5248303.3777307505,4901907.162592816,2,19,1
60000633,5636752.666666667,6666728.777777777,5248399.65425762,4902107.668382161,2,19,1
60001550,5636812.333333333,6666835.555555556,5248389.930473321,4902043.586875378,2,19,1
60000829,5636733.555555555,6666755.555555556,5248469.694201184,4902198.260533026,2,19,1
60001544,5636699.222222222,6666835.222222222,5248505.395998245,4902304.622645016,2,19,1
60000508,5636578.333333333,6666721.333333332,5248641.454643192,4902473.868915723,2,19,1
60001152,5636640.0,6666790.111111111,5248573.773957026,4902399.4989403,2,19,1
60001744,5636517.333333333,6666858.666666666,5248712.224817579,4902679.719047839,2,19,1
60001322,5636467.222222222,6666811.888888889,5248768.195177459,4902746.602660095,2,19,1
60000906,5636417.777777778,6666765.555555555,5248822.120378242,4902805.953236016,2,19,1
60000543,5636373.0,6666711.888888889,5248812.883044103,4902870.076038841,2,19,1
59999901,5636321.444444444,6666653.777777778,5248921.870702833,4902954.577823987,2,19,1
60000728,5636274.777777778,6666742.666666668,5248972.621603864,4903101.62626207,2,19,1
60000785,5636230.777777778,6666749.333333333,5249020.339303845,4903182.174010135,2,19,1
60002666,5636183.777777778,6666959.666666668,5249073.203345634,4903394.7119835,2,19,1
60002298,5636135.666666667,6666906.333333333,5249127.968967298,4903485.314144318,2,19,1
60001688,5636060.555555556,6666852.444444444,5249213.8865934275,4903568.714067187,2,19,1
60001461,5636025.333333333,6666825.222222222,5249251.558608927,4903622.245147096,2,19,1
60001086,5635980.555555556,6666782.777777779,5249245.015725598,4903681.731956811,2,19,1
60000617,5635948.0,6666729.888888889,5249343.15364944,4903776.366788392,2,19,1
60001508,5635889.666666668,6666832.555555556,5249409.189816293,4903947.405912943,2,19,1
60001216,5635847.0,6666800.666666667,5249455.590171709,4904010.876004508,2,19,1
60000917,5635806.0,6666761.000000001,5249500.743022735,4904075.9289852455,2,19,1
60000463,5635749.222222222,6666712.555555556,5249565.590679047,4904156.458245014,2,19,1
59999956,5635689.555555556,6666659.666666667,5249632.1313739,4904224.288291065,2,19,1
60001271,5635647.0,6666794.777777778,5249679.329482706,4904411.300726922,2,19,1
60000766,5635580.888888889,6666749.888888889,5249678.245934661,4904453.350412369,2,19,1
60000031,5635526.0,6666668.777777778,5249813.656375886,4904548.667453097,2,19,1
60000656,5635566.777777778,6666735.222222222,5249769.470929909,4904540.975163624,2,19,1
60000979,5635429.222222222,6666772.222222223,5249922.9152537985,4904795.0485075,2,19,1
60001815,5635486.333333333,6666862.777777778,5249858.169554131,4904750.000850548,2,19,1
60000987,5635387.888888889,6666775.0,5249968.425218727,4904871.921641176,2,19,1
60000693,5635341.444444444,6666742.0,5250019.80808173,4904944.74643502,2,19,1
60000194,5635283.222222222,6666686.555555556,5250084.837023632,4905022.699454385,2,19,1
60000835,5635209.888888889,6666754.222222222,5250129.360378477,4905237.394945192,2,19,1
60001334,5635241.333333333,6666811.333333333,5250051.175357937,4905165.579107957,2,19,1
60000403,5635158.111111111,6666708.333333333,5250189.137370207,4905304.593628845,2,19,1
59999545,5635060.444444444,6666614.777777777,5250299.421688351,4905425.355896743,2,19,1
60000120,5635113.333333333,6666678.666666666,5250238.932854199,4905364.763206274,2,19,1
60000772,5634985.222222222,6666748.555555556,5250380.879234567,4905654.64858973,2,19,1
60001142,5635022.333333333,6666792.111111111,5250339.832320785,4905602.966294599,2,19,1
60000384,5634934.222222222,6666705.888888889,5250436.2826475855,4905718.807111896,2,19,1
59999941,5634916.666666666,6666650.666666666,5250467.166483141,4905806.786846481,2,19,1
60002145,5634851.555555556,6666898.666666667,5250543.0325388275,4906071.29563386,2,19,1
60000835,5634695.0,6666757.777777777,5250728.11792867,4906300.252228602,2,19,1
60000342,5634635.555555556,6666702.111111111,5250792.974285434,4906385.820118319,2,19,1
60000022,5634592.555555556,6666665.555555556,5250839.972834801,4906449.771568444,2,19,1
60001265,5634535.333333333,6666802.0,5250890.435730091,4906635.19136954,2,19,1
60001536,5634333.888888889,6666829.888888889,5251129.2828149935,4907071.809641862,2,19,1
60000958,5634265.111111111,6666769.777777778,5251207.694646572,4907159.449444321,2,19,1
60000415,5634230.111111111,6666711.0,5251253.683704598,4907244.337912113,2,19,1
60000036,5634178.444444444,6666669.333333333,5251310.49985104,4907313.235635107,2,19,1
60001326,5634125.333333333,6666812.0,5251371.21022255,4907506.340844401,2,19,1
60000728,5634050.222222222,6666745.777777778,5251454.01175086,4907616.159807193,2,19,1
60001029,5634005.888888889,6666777.222222223,5251504.6963220555,4907721.527422343,2,19,1
60000544,5633944.555555556,6666724.444444444,5251575.414137221,4907811.044092446,2,19,1
60002429,5633895.777777778,6666935.222222222,5251631.221967271,4908033.352547046,2,19,1
60002175,5633850.0,6666906.888888889,5251679.79680597,4908093.128460952,2,19,1
60001781,5633841.777777778,6666862.777777778,5251725.612979004,4908165.338565032,2,19,1
60001192,5633768.888888889,6666795.333333333,5251806.803998683,4908263.040738088,2,19,1
60000476,5633672.888888889,6666718.000000001,5251916.793918256,4908385.660418479,2,19,1
60002435,5633804.111111111,6666933.0,5251767.309927998,4908280.0252739,2,19,1
60001754,5633718.777777778,6666857.222222222,5251864.417302435,4908398.666181054,2,19,1
60001057,5633628.555555556,6666782.111111111,5251965.269367294,4908504.311235742,2,19,1
60001591,5633579.666666667,6666841.88888889,5252020.113047884,4908627.696026595,2,19,1
60001246,5633530.888888889,6666801.333333333,5252074.920621931,4908685.492866955,2,19,1
60000947,5633522.777777778,6666764.666666667,5252059.0888396045,4908738.703681553,2,19,1
60000666,5633477.444444444,6666736.777777778,5252111.276582425,4908794.830736226,2,19,1
60001834,5633427.333333333,6666869.0,5252168.237448035,4908958.577677398,2,19,1
60001157,5633348.333333333,6666794.0,5252255.082857267,4909060.671599354,2,19,1
60000227,5633244.777777778,6666690.222222222,5252371.712558118,4909186.871746832,2,19,1
60001552,5633385.222222222,6666837.333333333,5252216.012712605,4909022.517874333,2,19,1
60000918,5633310.444444444,6666765.444444444,5252297.011608685,4909113.009079163,2,19,1
60001103,5633174.555555556,6666786.555555556,5252450.071135139,4909386.84193737,2,19,1
60000643,5633139.0,6666736.222222222,5252467.264336732,4909475.851286515,2,19,1
60000389,5633079.666666667,6666704.333333333,5252534.939676937,4909584.521944983,2,19,1
60001474,5633016.222222222,6666828.666666667,5252608.553309436,4909766.9057826465,2,19,1
60001376,5632980.333333333,6666818.222222222,5252648.163756782,4909827.657866867,2,19,1
60000526,5632877.666666667,6666723.555555556,5252762.499575295,4909973.012924107,2,19,1
60001292,5632939.333333333,6666808.555555556,5252693.034660792,4909902.340403602,2,19,1
60000453,5632839.333333333,6666712.111111111,5252803.8405767875,4910022.463259777,2,19,1
60001155,5632789.555555556,6666790.333333333,5252859.83642292,4910162.056765566,2,19,1
60000901,5632764.444444444,6666759.444444444,5252886.369537968,4910263.298347989,2,19,1
60000405,5632681.111111111,6666708.666666667,5252979.853879449,4910366.074395956,2,19,1
60002012,5632717.777777778,6666887.555555556,5252938.845774139,4910409.530408973,2,19,1
60000854,5632548.222222222,6666758.222222222,5253127.95383688,4910659.770006185,2,19,1
60001661,5632607.444444444,6666845.888888889,5253061.774706397,4910600.055128152,2,19,1
60000886,5632499.111111111,6666760.333333333,5253184.521732638,4910763.346886892,2,19,1
60001127,5632399.222222222,6666787.777777778,5253295.867628598,4910976.91985558,2,19,1
60001587,5632444.444444444,6666841.222222222,5253245.315055093,4910914.780219817,2,19,1
60000672,5632368.333333333,6666736.888888889,5253323.908398948,4911044.292975488,2,19,1
60000582,5632327.666666667,6666728.111111111,5253367.947975422,4911115.072961599,2,19,1
60001317,5632265.111111111,6666807.222222222,5253435.882154422,4911291.466847284,2,19,1
60000197,5632113.0,6666686.888888889,5253609.604184322,4911512.524173674,2,19,1
60001575,5632185.888888889,6666837.666666667,5253529.059905456,4911465.056634273,2,19,1
60000523,5632063.222222222,6666720.777777778,5253665.675628988,4911630.044524725,2,19,1
60000927,5632001.0,6666763.777777778,5253737.447517552,4911785.113103402,2,19,1
59999790,5631901.777777778,6666641.888888889,5253878.833903451,4911957.887626416,2,19,1
60001457,5631956.11111111,6666825.0,5253789.124220905,4911908.095864962,2,19,1
60001226,5631947.111111111,6666801.111111111,5253829.765850252,4911969.406659244,2,19,1
60000026,5631801.111111111,6666668.11111111,5253993.436357349,4912175.032597282,2,19,1
60000804,5631856.555555556,6666752.555555555,5253930.484268447,4912119.9736529775,2,19,1
60001066,5631722.555555556,6666781.333333333,5254080.625588008,4912404.526003788,2,19,1
60001512,5631763.555555556,6666830.0,5254034.979535897,4912353.944133276,2,19,1
60000689,5631668.888888889,6666741.666666667,5254141.593631291,4912480.141293703,2,19,1
60000233,5631611.888888889,6666691.222222221,5254207.482138182,4912563.408786796,2,19,1
60000028,5631617.444444444,6666668.222222222,5254236.536388543,4912606.574209174,2,19,1
60001351,5631581.0,6666813.888888889,5254277.146017352,4912760.03269449,2,19,1
60000953,5631532.888888889,6666768.444444444,5254332.194324471,4912830.711801423,2,19,1
60000139,5631442.111111111,6666672.000000001,5254431.359355773,4912956.155248131,2,19,1
60000568,5631484.888888889,6666726.222222221,5254384.144346259,4912893.047834081,2,19,1
60000750,5631370.444444444,6666748.000000001,5254513.898226865,4913131.174046572,2,19,1
60000459,5631301.0,6666715.888888889,5254587.644371631,4913245.852787326,2,19,1
60000957,5631212.777777778,6666767.444444444,5254690.23360937,4913467.107420052,2,19,1
59999885,5631120.111111111,6666650.777777778,5254820.349149946,4913631.549972046,2,19,1
60001179,5631170.666666667,6666792.555555556,5254763.094115424,4913622.261845839,2,19,1
60000454,5631085.444444444,6666713.444444444,5254857.684242888,4913736.955215784,2,19,1
60000774,5631019.777777778,6666748.888888889,5254932.8259486295,4913886.813288449,2,19,1
60000563,5630864.777777778,6666727.666666667,5255051.654319127,4914140.728898543,2,19,1
60001565,5630973.777777778,6666836.555555556,5254985.509638841,4914031.831934982,2,19,1
60001131,5630924.777777778,6666788.777777778,5254984.951994006,4914071.082347502,2,19,1
60000134,5630810.777777779,6666680.222222222,5255114.172526268,4914213.8207147075,2,19,1
59999867,5630803.999999999,6666650.555555556,5255129.338655781,4914234.891032151,2,19,1
60000871,5630715.111111111,6666761.88888889,5255230.014771486,4914472.764365432,2,19,1
60001318,5630759.888888889,6666808.333333333,5255180.268968716,4914426.1239135545,2,19,1
60000590,5630678.777777778,6666728.888888889,5255229.41757386,4914506.319980941,2,19,1
59999589,5630567.444444444,6666617.333333333,5255308.634626089,4914610.448551797,2,19,1
60000134,5630624.222222222,6666680.222222222,5255243.588319426,4914529.601465378,2,19,1
60000732,5630485.888888888,6666744.555555556,5255304.008278409,4914760.687023227,2,19,1
60001114,5630520.0,6666786.888888889,5255337.283061454,4914793.394280792,2,19,1
60000275,5630462.888888889,6666693.777777778,5255294.089138672,4914720.769163336,2,19,1
60001253,5630375.444444444,6666804.0,5255394.091526299,4914953.695752967,2,19,1
60001806,5630423.0,6666864.444444444,5255339.3923888495,4914898.066883562,2,19,1
60000941,5630326.222222222,6666769.0,5255448.089289813,4915030.579665579,2,19,1
60000702,5630281.555555556,6666739.777777778,5255498.608163314,4915108.333505447,2,19,1
60001699,5630201.888888889,6666851.444444444,5255587.2659511715,4915331.070765761,2,19,1
60000873,5630144.333333333,6666760.222222222,5255687.645599313,4915462.400106443,2,19,1
60002349,5630242.0,6666922.555555556,5255542.899769015,4915298.18273925,2,19,1
60001574,5630152.888888889,6666836.222222222,5255642.371598177,4915422.37748316,2,19,1
60001094,5630095.0,6666783.555555556,5255740.834759453,4915564.678167939,2,19,1
60001684,5630040.555555556,6666850.0,5255801.321879403,4915710.082364933,2,19,1
60000763,5629910.888888889,6666749.222222222,5255952.250441242,4915914.849983718,2,19,1
60002004,5629872.333333333,6666885.222222222,5255994.629333586,4916078.139059752,2,19,1
60001727,5629816.0,6666853.888888889,5256058.013119623,4916174.2848324,2,19,1
60001216,5629748.444444444,6666799.555555556,5256134.993751947,4916273.356854385,2,19,1
60000813,5629687.555555556,6666755.222222222,5256202.75052043,4916366.763982926,2,19,1
60002114,5629680.444444444,6666894.111111111,5256252.37988032,4916550.753384186,2,19,1
60001596,5629614.888888889,6666842.0,5256328.263892996,4916641.126316065,2,19,1
60000845,5629522.222222222,6666755.333333333,5256430.3482597815,4916777.879969513,2,19,1
60002141,5629571.333333333,6666903.0,5256376.040640952,4916763.05845477,2,19,1
60001407,5629476.333333333,6666809.555555556,5256476.217623599,4916913.766538598,2,19,1
60001230,5629267.333333333,6666800.888888889,5256717.865259105,4917316.661079406,2,19,1
60002272,5629349.333333333,6666907.666666667,5256625.006717619,4917234.4517387515,2,19,1
60001350,5629226.888888889,6666811.000000001,5256762.407841314,4917408.224264154,2,19,1
60000779,5629193.888888889,6666743.444444444,5256789.395102096,4917443.777369476,2,19,1
60001256,5629086.666666667,6666802.222222222,5256868.257964289,4917632.492321783,2,19,1
60001734,5629134.333333333,6666854.222222222,5256816.603339563,4917584.873329051,2,19,1
60000791,5629029.222222222,6666752.333333334,5256933.369506094,4917711.945074711,2,19,1
60000021,5628942.222222222,6666667.0,5257032.779802828,4917831.104200026,2,19,1
60001318,5628884.777777778,6666811.111111112,5257033.364046489,4917996.349202194,2,19,1
60001231,5628847.222222222,6666800.11111111,5257072.745475703,4918062.094727848,2,19,1
60000788,5628785.111111111,6666749.888888889,5257114.235856408,4918128.108028411,2,19,1
60001176,5628232.777777778,6666791.333333333,5257754.455189444,4919318.454734355,2,19,1
60001894,5628308.444444444,6666870.888888889,5257716.160534846,4919250.290252531,2,19,1
60000711,5628175.333333333,6666744.111111111,5257819.2746304525,4919394.26570547,2,19,1
60000315,5628121.444444444,6666698.111111111,5257878.700109677,4919477.824052529,2,19,1
60001434,5628046.111111111,6666823.333333333,5257939.407181307,4919692.163196647,2,19,1
60001456,5627949.0,6666824.777777778,5258022.314306302,4919867.188578768,2,19,1
60000672,5627854.111111111,6666738.111111111,5258079.552306893,4919953.817549471,2,19,1
60001861,5627741.555555556,6666871.111111111,5258207.547540039,4920262.398564492,2,19,1
60001713,5627730.666666667,6666841.222222222,5258327.949352151,4920402.0759907365,2,19,1
60001035,5627650.555555556,6666777.444444444,5258420.974183936,4920502.283087727,2,19,1
60001467,5627520.0,6666826.333333333,5258527.83804417,4920769.107471666,2,19,1
60001032,5627461.555555556,6666778.333333333,5258594.053193284,4920855.537290848,2,19,1
60000435,5627390.333333333,6666713.333333333,5258673.624625082,4920954.095362098,2,19,1
60001310,5627320.0,6666810.222222222,5258700.936311647,4921111.477222493,2,19,1
59999873,5627144.222222222,6666650.999999999,5258906.065482174,4921362.608722838,2,19,1
60001562,5627212.444444444,6666837.777777778,5258827.893878162,4921343.637956249,2,19,1
60000668,5627110.777777778,6666739.333333333,5258994.618684896,4921533.387451085,2,19,1
60001589,5627007.888888889,6666840.444444444,5259058.645667859,4921777.538358705,2,19,1
60001081,5626941.777777778,6666784.777777779,5259132.315140987,4921864.9863249445,2,19,1
60000550,5626878.0,6666723.555555556,5259203.268737861,4921958.489253061,2,19,1
60001480,5626793.444444444,6666828.444444444,5259258.505514587,4922167.848993295,2,19,1
60000964,5626728.666666667,6666771.777777778,5259332.21206785,4922261.148373677,2,19,1
60002281,5626672.222222222,6666911.777777778,5259389.208986482,4922462.28548416,2,19,1
60000993,5626520.111111111,6666770.666666667,5259525.002443482,4922659.578066997,2,19,1
60000568,5626472.777777778,6666721.333333333,5259624.707203494,4922768.849260546,2,19,1
60000084,5626401.444444444,6666674.222222223,5259707.93350546,4922872.060604682,2,19,1
60000923,5626356.111111111,6666767.777777777,5259695.817578556,4922968.096058052,2,19,1
60001244,5626309.888888889,6666802.666666667,5259787.928427496,4923122.337987855,2,19,1
60001575,5626233.888888889,6666839.444444445,5259874.676928967,4923287.808168671,2,19,1
60001129,5626175.777777778,6666790.0,5259938.855843972,4923365.330899334,2,19,1
60002215,5626088.111111111,6666910.0,5260036.617086911,4923610.341667307,2,19,1
60001517,5625999.888888889,6666831.666666666,5260139.195718528,4923740.573900752,2,19,1
60000775,5625940.333333333,6666750.666666667,5260257.393561816,4923859.076081332,2,19,1
60000422,5625895.111111111,6666712.0,5260232.115905116,4923900.967503561,2,19,1
60001655,5625834.111111111,6666848.222222222,5260302.235813605,4924102.635050822,2,19,1
60001234,5625778.777777778,6666802.333333334,5260358.265266178,4924176.129027525,2,19,1
60002553,5625720.555555556,6666948.888888889,5260424.5475044865,4924359.129921056,2,19,1
60001428,5625569.444444444,6666819.888888889,5260602.044906032,4924590.278891165,2,19,1
60001014,5625576.888888889,6666778.0,5260591.793444428,4924595.431783331,2,19,1
60000779,5625534.666666668,6666751.777777778,5260639.115307854,4924654.764088513,2,19,1
60001911,5625483.0,6666877.111111111,5260698.647005334,4924833.343531445,2,19,1
60001530,5625435.555555556,6666835.222222222,5260752.342369889,4924894.377931997,2,19,1
60001076,5625384.888888888,6666779.333333334,5260807.159239266,4924969.287105656,2,19,1
60000525,5625320.333333333,6666723.444444444,5260881.136142429,4925056.182968859,2,19,1
60002562,5625269.222222222,6666946.777777778,5260938.449390464,4925287.910127153,2,19,1
60001401,5625177.333333334,6666820.333333334,5261054.353724403,4925452.686757406,2,19,1
60002380,5625221.888888889,6666924.333333333,5260990.956950374,4925361.163296125,2,19,1
60001244,5625125.666666667,6666801.222222222,5261107.785888562,4925541.190736552,2,19,1
60001962,5624971.444444444,6666881.777777778,5261288.896491218,4925911.540538914,2,19,1
60001525,5624907.444444444,6666830.666666667,5261357.142094663,4926011.466496831,2,19,1
60000482,5624788.666666667,6666718.0,5261494.0432596,4926175.031606266,2,19,1
60001608,5624707.666666667,6666843.222222222,5261527.57743248,4926386.65545024,2,19,1
60001180,5624653.777777778,6666794.111111111,5261583.461367779,4926461.569422481,2,19,1
60001718,5624507.0,6666854.444444444,5261753.265456368,4926793.850448817,2,19,1
60001341,5062002.1,6000132.4,5270105.398612114,5101173.588038784,2,21,1
60001741,5624319.333333333,6666851.111111111,5261976.287608987,4927212.623102804,2,19,1
60000675,5624194.222222222,6666738.0,5262095.444058212,4927368.845557663,2,19,1
60001389,5624096.555555556,6666813.88888889,5262268.021831559,4927684.114880423,2,19,1
60002216,5624127.777777778,6666907.888888889,5262169.365967395,4927609.438958216,2,19,1
60000742,5623988.555555556,6666741.111111111,5262363.123721631,4927843.721800653,2,19,1
60001848,5623920.555555556,6666869.666666667,5262356.424773913,4927958.476035817,2,19,1
60001712,5623863.888888889,6666854.444444444,5262417.581124108,4928049.175356591,2,19,1
60001589,5623705.888888889,6666839.666666667,5262603.124295534,4928372.363495122,2,19,1
60000944,5623582.0,6666770.111111111,5262744.976761628,4928561.217786039,2,19,1
60001558,5623638.555555556,6666838.222222222,5262681.196440986,4928498.438835549,2,19,1
60000665,5623529.777777778,6666738.666666667,5262730.550112194,4928615.805166193,2,19,1
60001339,5623497.444444444,6666813.666666667,5262829.308072064,4928787.840107799,2,19,1
60000844,5623435.888888889,6666758.222222222,5262897.275010207,4928877.933204189,2,19,1
60000548,5623374.333333333,6666717.555555555,5262968.554484721,4928989.892719656,2,19,1
60000102,5623321.222222222,6666676.666666667,5262987.914220348,4929032.118143785,2,19,1
60001004,5623240.666666667,6666776.555555556,5263037.011791434,4929215.996596292,2,19,1
59999883,5623107.0,6666652.222222222,5263191.786856408,4929407.950388484,2,19,1
60001574,5623177.000000001,6666837.888888889,5263111.487834003,4929387.299634165,2,19,1
60000803,5623057.777777778,6666754.666666668,5263204.224088587,4929537.895891764,2,19,1
60000532,5623041.777777778,6666724.0,5263287.805827451,4929615.079803569,2,19,1
60001306,5622979.222222222,6666803.666666667,5263358.868777802,4929804.796606124,2,19,1
60000646,5622902.777777778,6666735.0,5263444.403466393,4929906.922373231,2,19,1
59999845,5622810.222222222,6666646.555555556,5263551.072442248,4930029.613366742,2,19,1
60000799,5622695.777777778,6666753.444444444,5263633.254589689,4930303.77682451,2,19,1
60001388,5622752.444444444,6666819.111111111,5263568.9426721465,4930231.316275217,2,19,1
60000131,5622612.222222222,6666679.222222222,5263700.727359857,4930408.119218398,2,19,1
59999757,5622564.222222222,6666636.0,5263755.282322208,4930479.079669414,2,19,1
60001037,5622541.333333333,6666777.777777779,5263860.108296715,4930686.291184772,2,19,1
60000699,5622468.333333333,6666742.666666666,5263903.806193176,4930782.347145151,2,19,1
60000238,5622412.777777778,6666691.666666667,5263966.695634168,4930861.590727172,2,19,1
60001216,5622351.777777778,6666800.111111111,5264036.602234159,4931055.605127782,2,19,1
60000837,5622294.666666667,6666758.222222222,5264068.604540076,4931119.901383452,2,19,1
60002297,5622237.888888889,6666920.333333333,5264133.530294621,4931335.779373095,2,19,1
60001767,5622169.0,6666858.0,5264209.2390702665,4931434.492027573,2,19,1
60000880,5622057.222222222,6666762.0,5264291.175170399,4931569.735611244,2,19,1
60001261,5621940.88888889,6666799.222222222,5264516.292854511,4931934.175098771,2,19,1
60000084,5621803.555555556,6666674.333333333,5264620.696196999,4932079.798160762,2,19,1
60000877,5621866.0,6666762.0,5264603.354653796,4932045.566327627,2,19,1
60001062,5621683.222222222,6666782.222222222,5264761.369906518,4932399.610355105,2,19,1
60000499,5059451.5,6000045.1,5272467.73001054,5105953.93820827,2,21,1
60000512,5621448.222222222,6666721.222222222,5265028.657060468,4932838.343274712,2,19,1
60000652,5621307.555555556,6666735.333333333,5265189.642555886,4933136.14767789,2,19,1
60001453,5621386.88888889,6666826.333333334,5265098.411597556,4933025.700890403,2,19,1
60001554,5621231.222222222,6666835.888888889,5265295.6838071495,4933398.165391236,2,19,1
60001399,5621158.555555556,6666819.777777778,5265376.375954693,4933530.295453875,2,19,1
60001981,5621052.888888889,6666884.333333333,5265498.278318621,4933789.4490897665,2,19,1
60000998,5620938.444444444,6666774.111111111,5265631.569658219,4933954.847103246,2,19,1
60002003,5620870.333333333,6666887.222222222,5265674.425923165,4934145.906774996,2,19,1
60000849,5620737.444444444,6666753.444444444,5265781.69533347,4934300.954274707,2,19,1
60001760,5620813.666666667,6666858.555555556,5265737.024567335,4934244.117081337,2,19,1
60000609,5620665.888888889,6666732.555555556,5265863.957131048,4934420.45480161,2,19,1
60001944,5620635.777777778,6666880.888888889,5265968.504141707,4934638.594589968,2,19,1
60000984,5620517.666666667,6666774.333333333,5266103.925027021,4934812.568933419,2,19,1
60001796,5620579.555555556,6666862.555555556,5266032.595726386,4934744.460974831,2,19,1
60000605,5620440.666666667,6666732.111111111,5266139.124260534,4934917.558603929,2,19,1
60000530,5620307.0,6666716.666666667,5266293.875240775,4935200.101056136,2,19,1
60001286,5620168.777777778,6666807.222222222,5266428.311226495,4935495.038087461,2,19,1
60001987,5620224.555555555,6666885.555555556,5266363.360663887,4935430.316296547,2,19,1
60001057,5620110.777777778,6666779.555555556,5266491.236667678,4935597.09897929,2,19,1
60001659,5620028.444444444,6666840.555555555,5266621.578538943,4935869.53002179,2,19,1
60001240,5619954.444444444,6666802.666666667,5266707.383684732,4935979.173206847,2,19,1
60000893,5619890.777777778,6666764.222222222,5266779.9646781515,4936083.9731595125,2,19,1
60000660,5619850.555555556,6666738.555555556,5266824.526084244,4936146.740238308,2,19,1
60001622,5619794.111111111,6666845.222222223,5266888.814413365,4936328.812188055,2,19,1
60001158,5057755.300000001,6000114.0,5274116.730156414,5109317.158470026,2,21,1
60001300,5619592.777777778,6666808.666666667,5267077.115696565,4936687.961038175,2,19,1
60000731,5619523.000000001,6666745.444444444,5267152.396768628,4936784.945981244,2,19,1
60001525,5619396.222222222,6666831.0,5267339.0128676165,4937142.287731715,2,19,1
60002033,5619233.222222222,6666883.444444445,5267469.50198069,4937481.1180861015,2,19,1
60000787,5619062.555555556,6666751.888888889,5267668.693885278,4937738.082700278,2,19,1
60001065,5618903.555555556,6666778.777777779,5267797.974181791,4938054.306752681,2,19,1
60000488,5618833.333333333,6666719.111111111,5267879.582284104,4938149.845141863,2,19,1
60000001,5618776.666666667,6666665.222222222,5267944.875562837,4938229.471938546,2,19,1
60001980,5618977.333333333,6666884.222222221,5267766.629813863,4937988.125051684,2,19,1
60001602,5618738.333333333,6666843.666666666,5267947.777675383,4938389.46695575,2,19,1
60000727,5618653.222222222,6666745.444444444,5268088.092234217,4938547.225391494,2,19,1
60000527,5618606.222222222,6666723.777777779,5268141.950318319,4938628.788684385,2,19,1
60000136,5618556.777777778,6666680.444444444,5268166.693778391,4938678.495667417,2,19,1
60000712,5618446.0,6666744.333333333,5268258.933814733,4938912.3621572545,2,19,1
60001281,5618504.222222222,6666807.222222222,5268226.334923376,4938864.885976326,2,19,1
59999835,5618343.222222222,6666640.222222222,5268375.644493063,4939067.950913987,2,19,1
60000377,5618399.111111111,6666707.000000001,5268312.600803516,4938983.8968695775,2,19,1
60000382,5618286.555555556,6666707.555555556,5268394.333065842,4939174.57259723,2,19,1
59999758,5618247.111111111,6666634.333333333,5268510.119852491,4939285.161990625,2,19,1
60000377,5618192.0,6666707.0,5268572.859929765,4939429.839011508,2,19,1
60001303,5618083.111111111,6666809.555555555,5268641.287020389,4939636.803136089,2,19,1
60000660,5618000.888888889,6666733.666666667,5268599.341333246,4939651.570981398,2,19,1
60000185,5617945.888888889,6666685.777777778,5268662.334276306,4939690.246000775,2,19,1
60002023,5618137.222222222,6666887.888888889,5268579.663374745,4939609.444729827,2,19,1
60001469,5617898.666666667,6666828.222222221,5268716.267663904,4939838.787583073,2,19,1
60001062,5617844.333333333,6666783.111111111,5268638.538064768,4939861.138823349,2,19,1
60000470,5617793.111111111,6666714.444444444,5268749.327272352,4939974.7013228,2,19,1
59999986,5617733.444444444,6666663.333333333,5268817.466192322,4940057.009247515,2,19,1
60001425,5617685.111111111,6666823.444444444,5268820.240288818,4940221.433778503,2,19,1
60001133,5617645.888888889,6666789.999999999,5268832.620229349,4940250.03214845,2,19,1
60001764,5617511.222222222,6666859.222222222,5268986.488549832,4940573.716373985,2,19,1
60001151,5617434.555555556,6666792.333333333,5269042.848797377,4940660.6447333535,2,19,1
60000709,5617399.333333333,6666742.111111111,5269127.161789299,4940746.71129667,2,19,1
60000730,5617333.666666667,6666744.666666667,5269177.286288771,4940862.985732022,2,19,1
60000088,5617256.111111111,6666674.222222222,5269267.828583765,4940977.334038955,2,19,1
59999555,5617194.222222222,6666615.777777778,5269311.869058397,4941044.440923366,2,19,1
60000825,5617170.777777778,6666757.222222222,5269370.300203473,4941211.300283181,2,19,1
60000734,5617122.222222222,6666746.777777778,5269425.465079774,4941303.734440355,2,19,1
60002235,5617056.777777778,6666910.444444444,5269458.47628985,4941512.06671134,2,19,1
60001864,5617022.444444444,6666871.888888889,5269535.821156169,4941589.495658316,2,19,1
60001423,5616930.111111111,6666823.444444444,5269589.218776887,4941699.188877651,2,19,1
60001909,5616979.888888889,6666877.555555556,5269583.9652030505,4941675.487734199,2,19,1
60000989,5616890.444444444,6666775.222222221,5269662.776390418,4941775.976138026,2,19,1
60000770,5616850.222222222,6666750.88888889,5269707.839971605,4941835.348669345,2,19,1
60001411,5616800.777777778,6666819.666666667,5269764.785373318,4941984.737343389,2,19,1
60000659,5616745.333333333,6666738.222222222,5269849.991890566,4942076.688712494,2,19,1
60001275,5616795.444444444,6666802.888888889,5269792.893020658,4942030.441374892,2,19,1
60001264,5616683.888888888,6666805.222222222,5269920.831735887,4942238.122325648,2,19,1
60000831,5616629.222222222,6666756.777777778,5269932.165384977,4942290.779906211,2,19,1
59999921,5616525.555555556,6666656.111111112,5270050.016449966,4942416.932310129,2,19,1
60000628,5616587.0,6666735.222222222,5269982.098705531,4942351.004061194,2,19,1
60001511,5616467.888888889,6666827.88888889,5270116.9451435665,4942652.898942541,2,19,1
60000703,5616423.444444444,6666742.888888889,5270223.085096685,4942768.764447929,2,19,1
59999999,5616344.666666667,6666664.0,5270312.613758979,4942881.4528259225,2,19,1
60001252,5616268.444444444,6666800.777777778,5270399.898935352,4943128.701642509,2,19,1
60000726,5616202.555555556,6666744.888888889,5270446.410066754,4943203.36359909,2,19,1
60000240,5616139.777777778,6666691.777777777,5270517.536613572,4943291.455128754,2,19,1
60001890,5616079.777777778,6666871.88888889,5270584.240743946,4943531.553889422,2,19,1
60000937,5615962.777777778,6666768.444444444,5270679.112400289,4943676.9567194395,2,19,1
60000376,5615884.666666666,6666706.222222222,5270739.985229019,4943769.97712082,2,19,1
60001406,5615857.0,6666821.222222221,5270835.299120292,4943960.884010936,2,19,1
60000934,5615797.444444444,6666768.444444444,5270903.585065399,4944051.123439262,2,19,1
60000423,5615737.444444444,6666711.888888889,5270938.850423023,4944112.186996732,2,19,1
60001765,5615675.111111111,6666860.555555556,5271008.90270028,4944333.799330682,2,19,1
60000177,5615487.333333333,6666684.444444444,5271189.947178483,4944584.635298705,2,19,1
60000827,5615543.555555556,6666756.555555556,5271142.2273563985,4944530.892211619,2,19,1
60001431,5615425.222222222,6666818.444444444,5271207.154021476,4944752.4268659325,2,19,1
60000736,5615263.555555556,6666745.555555556,5271397.5316405445,4945029.854195325,2,19,1
60000623,5615151.333333333,6666733.777777779,5271581.631128034,4945325.028360896,2,19,1
60001482,5615242.555555556,6666827.444444444,5271513.762086729,4945215.939521148,2,19,1
60000851,5614971.444444444,6666756.777777778,5271787.570591097,4945719.1894464595,2,19,1
60000283,5614902.111111111,6666692.777777777,5271868.162572696,4945817.772055517,2,19,1
59999999,5614838.888888889,6666664.666666667,5271895.769132401,4945887.927097418,2,19,1
60000973,5614800.333333333,6666770.111111111,5271937.595253784,4946033.1584969545,2,19,1
60001100,5614681.888888889,6666786.777777778,5272033.166581215,4946252.537294972,2,19,1
60000650,5614614.333333333,6666737.0,5272110.413576166,4946355.877274476,2,19,1
60000061,5614559.222222222,6666671.888888889,5272222.482301007,4946473.192318302,2,19,1
60001340,5614504.666666667,6666813.777777778,5272281.840974646,4946663.557595634,2,19,1
60001513,5614392.555555556,6666831.333333333,5272365.12847816,4946889.276595369,2,19,1
60000782,5614304.888888889,6666749.333333334,5272462.047579537,4947013.994073318,2,19,1
60001003,5614143.111111111,6666773.333333333,5272648.154898529,4947368.315619173,2,19,1
60000340,5614062.777777779,6666701.777777777,5272708.79404943,4947461.958950033,2,19,1
60000511,5613939.555555556,6666705.666666666,5272852.934151377,4947755.7386093745,2,19,1
60001259,5613834.666666667,6666801.888888889,5272950.903250617,4947990.11075463,2,19,1
60000848,5613800.333333333,6666759.111111111,5273049.426237677,4948083.906174425,2,19,1
59999995,5613701.444444444,6666664.777777779,5273137.423864897,4948205.108240785,2,19,1
60000924,5613755.111111111,6666765.666666667,5273075.957026516,4948166.271303846,2,19,1
60001119,5613651.333333333,6666789.888888889,5273163.184380961,4948359.175079312,2,19,1
60000761,5613636.0,6666747.444444444,5273246.528149475,4948434.89327679,2,19,1
60002380,5613578.777777778,6666929.777777778,5273269.709471529,4948625.692115357,2,19,1
60002048,5613532.111111111,6666892.444444444,5273118.855121759,4948476.619510597,2,19,1
60001570,5613473.222222222,6666839.444444444,5273187.397557804,4948561.068533006,2,19,1
60001203,5613421.666666667,6666798.444444445,5273246.939983325,4948641.167776112,2,19,1
60002665,5613364.777777777,6666961.0,5273311.272575629,4948860.930821759,2,19,1
60001112,5613217.444444444,6666786.888888889,5273548.400897827,4949113.754794045,2,19,1
59999723,5613105.333333333,6666634.333333333,5273721.567395078,4949331.438125255,2,19,1
60002438,5613347.111111111,6666932.555555556,5273399.421680915,4948949.380154568,2,19,1
60002167,5613300.777777778,6666903.444444444,5273452.93485077,4949023.517387474,2,19,1
60001904,5613264.888888889,6666874.666666667,5273493.647702475,4949076.284523229,2,19,1
60001028,5613157.777777778,6666779.11111111,5273571.724800796,4949226.05049076,2,19,1
60000663,5613156.777777778,6666735.111111111,5273662.283655988,4949297.771422438,2,19,1
60001427,5613057.888888889,6666823.444444444,5273777.054978966,4949552.0643095095,2,19,1
60000431,5612944.666666667,6666712.888888889,5273906.717171152,4949710.788263048,2,19,1
60000057,5612902.88888889,6666671.555555556,5273954.357492451,4949767.344205057,2,19,1
60001189,5613025.444444444,6666797.777777779,5273814.259440223,4949599.876559715,2,19,1
60000929,5612986.777777778,6666768.555555555,5273858.570825937,4949660.004417881,2,19,1
60001814,5612845.666666667,6666866.555555556,5273992.897644582,4950007.2147127,2,19,1
60001102,5612805.111111111,6666787.444444444,5274143.922957744,4950143.535300419,2,19,1
60001858,5612856.222222222,6666871.444444444,5274084.855394389,4950091.455077424,2,19,1
60000986,5612752.222222222,6666774.555555556,5274205.507538642,4950244.847112467,2,19,1
60004842,5612700.888888889,6667203.0,5274247.200477202,4950609.597108067,2,19,1
60001444,5612310.555555556,6666815.0,5274712.135087281,4951220.318382934,2,19,1
60000711,5612228.777777778,6666743.888888889,5274807.381309667,4951323.725806904,2,19,1
60000322,5612178.333333332,6666699.111111111,5274865.663048942,4951400.076043099,2,19,1
60001524,5612136.333333332,6666832.777777779,5274885.666239435,4951567.267258135,2,19,1
60000062,5612025.999999999,6666669.777777778,5275137.601491642,4951815.19103805,2,19,1
60001303,5612144.222222222,6666807.666666668,5275000.205000726,4951658.080780745,2,19,1
60000795,5612084.0,6666744.666666667,5275069.987748362,4951756.727958196,2,19,1
60001374,5611934.0,6666806.555555555,5275187.8988486985,4952066.164977532,2,19,1
60001886,5611978.888888889,6666873.444444444,5275191.99780002,4952041.160063296,2,19,1
60001069,5611871.0,6666783.666666667,5275232.7575297095,4952132.234448536,2,19,1
60000750,5611831.666666667,6666745.333333333,5275251.45620197,4952166.555547582,2,19,1
60000632,5611789.333333333,6666732.888888889,5275300.269982103,4952242.119027134,2,19,1
60001004,5611699.444444444,6666776.888888888,5275454.8101263065,4952505.49088036,2,19,1
60001798,5611783.333333333,6666865.11111111,5275391.459184878,4952416.33734613,2,19,1
60001355,5611734.0,6666815.555555556,5275448.838753249,4952486.890197416,2,19,1
60000699,5611660.999999999,6666741.222222222,5275470.301309022,4952543.797094322,2,19,1
60000138,5611594.777777778,6666679.888888889,5275546.581985813,4952638.2086185245,2,19,1
60001447,5611551.333333332,6666822.555555555,5275564.539697007,4952799.516359892,2,19,1
60000719,5611424.444444444,6666744.444444444,5275691.343829146,4952984.827354413,2,19,1
60001639,5611490.444444444,6666842.777777778,5275613.887942713,4952919.038454893,2,19,1
60000636,5611405.666666667,6666735.888888888,5275742.385516089,4953049.425152662,2,19,1
60000337,5611370.88888889,6666690.888888889,5275781.308546926,4953114.075174462,2,19,1
60000691,5611285.111111111,6666737.0,5275858.3734072475,4953292.569629493,2,19,1
60000215,5611225.555555556,6666686.333333333,5275926.552245707,4953376.984937448,2,19,1
60001074,5611128.555555556,6666776.222222221,5276021.065280448,4953638.003350006,2,19,1
60000575,5611057.555555556,6666728.777777778,5276072.497976693,4953706.690383166,2,19,1
60000230,5611002.111111111,6666690.777777779,5276120.3319154745,4953783.349570603,2,19,1
60001839,5610955.0,6666869.555555556,5276155.794654997,4953975.804358937,2,19,1
60001224,5610893.888888889,6666800.888888889,5276234.910648891,4954068.455020794,2,19,1
60000776,5610840.0,6666748.444444444,5276270.493354041,4954127.143535128,2,19,1
60001727,5610753.555555556,6666852.999999999,5276370.688454188,4954376.904794158,2,19,1
60000828,5610645.111111111,6666756.333333333,5276475.041348945,4954519.8705720715,2,19,1
60000443,5610595.11111111,6666711.888888889,5276512.197124002,4954578.455613667,2,19,1
60001618,5610531.222222222,6666843.444444444,5276583.80767625,4954785.372765003,2,19,1
60001899,5610469.222222222,6666871.888888889,5276618.961475562,4954910.987161184,2,19,1
60001321,5610397.888888889,6666811.444444444,5276699.218004529,4955008.096367733,2,19,1
60000169,5610301.555555556,6666682.0,5276848.628200431,4955174.456038102,2,19,1
60000240,5610163.88888889,6666678.666666667,5277011.156707257,4955486.563798201,2,19,1
60001439,5610090.444444444,6666819.222222222,5277096.695620782,4955714.685627159,2,19,1
60000995,5610018.666666666,6666775.0,5277146.467601359,4955799.650362139,2,19,1
60000117,5609919.555555556,6666676.222222221,5277234.712956733,4955921.679068404,2,19,1
60001072,5609975.555555556,6666779.555555555,5277195.907085815,4955899.014972362,2,19,1
60002224,5609866.333333333,6666911.777777779,5277296.167719626,4956180.45627179,2,19,1
60001427,5609819.444444444,6666820.999999999,5277404.704564003,4956283.345571685,2,19,1
60000503,5609716.555555556,6666715.222222222,5277523.692619677,4956426.945112824,2,19,1
59999554,5609610.999999999,6666615.666666667,5277601.010414699,4956535.471718981,2,19,1
60001857,5609815.555555556,6666870.888888889,5277354.6125792535,4956258.585800166,2,19,1
60001226,5609774.666666667,6666798.222222222,5277456.146993881,4956360.374424608,2,19,1
60000255,5609661.333333333,6666689.555555556,5277542.879588592,4956490.532804337,2,19,1
60000551,5609539.666666667,6666723.888888889,5277639.716257567,4956720.837816253,2,19,1
60000875,5609571.333333332,6666762.666666667,5277646.427286835,4956702.353116561,2,19,1
60000223,5609494.666666667,6666688.555555556,5277691.857387257,4956779.569094588,2,19,1
60001885,5609495.0,6666868.888888889,5277765.72053729,4956969.0946297115,2,19,1
60001266,5609388.666666667,6666803.666666667,5277819.474043945,4957095.855548186,2,19,1
60001823,5609430.444444444,6666867.666666667,5277840.07054612,4957089.535624432,2,19,1
60004622,5609347.444444444,6667176.666666666,5277866.589745403,4957420.359808793,2,19,1
60001890,5608942.666666667,6666851.666666667,5278345.624434279,4958123.100290219,2,19,1
60001157,5608854.777777778,6666785.222222222,5278414.086250641,4958208.181289457,2,19,1
60001797,5608705.888888889,6666863.888888889,5278590.153060887,4958558.7728484785,2,19,1
60001392,5608654.333333333,6666815.777777778,5278627.218121985,4958622.438137451,2,19,1
60000431,5608591.444444444,6666710.555555556,5278735.790509601,4958716.539480304,2,19,1
60001327,5608658.666666667,6666810.444444444,5278715.03151347,4958685.771672927,2,19,1
60002049,5608536.111111111,6666892.222222222,5278798.339662173,4958941.670660126,2,19,1
60001693,5608489.777777778,6666848.0,5278851.3015790135,4959017.754014625,2,19,1
60001100,5608421.111111111,6666784.0,5278890.999823908,4959085.5939877415,2,19,1
60001533,5608312.999999999,6666832.777777778,5278910.204855993,4959215.298819254,2,19,1
60002030,5608362.555555556,6666887.666666667,5278852.689376668,4959159.081238194,2,19,1
60001187,5047441.6,6000113.8,5283542.744203598,5128943.704310682,2,21,1
60000544,5608193.777777778,6666724.888888889,5278975.213521768,4959330.195236385,2,19,1
60001732,5608122.444444444,6666856.777777779,5279057.3762909155,4959561.265824347,2,19,1
60001419,5608083.222222222,6666819.666666667,5279068.952513355,4959598.76881079,2,19,1
60000837,5608017.0,6666756.333333333,5279100.345481865,4959641.897952613,2,19,1
60000378,5607944.777777778,6666707.444444444,5279184.444425549,4959749.853212335,2,19,1
60001170,5607846.222222222,6666792.555555556,5279247.447017752,4959969.068124748,2,19,1
60001663,5607896.444444444,6666846.666666667,5279188.020714031,4959902.992357134,2,19,1
60000720,5607778.222222222,6666743.777777778,5279292.094984582,4960056.087471864,2,19,1
60001480,5607713.555555556,6666828.0,5279364.452287608,4960242.075007605,2,19,1
60000910,5607646.111111111,6666761.444444444,5279406.050897355,4960309.909050596,2,19,1
60000470,5607594.555555556,6666709.666666667,5279461.840209926,4960377.989915738,2,19,1
60000219,5607440.222222222,6666678.222222222,5279607.827103064,4960671.553653895,2,19,1
60001557,5607358.0,6666833.222222222,5279664.796595329,4960889.976784125,2,19,1
60001286,5607274.888888889,6666806.222222222,5279761.752745678,4961029.711799174,2,19,1
60000861,5607217.111111111,6666757.555555556,5279786.295070153,4961095.532692077,2,19,1
60001514,5607150.444444444,6666829.444444444,5279815.154442485,4961227.290418045,2,19,1
60001607,5607101.111111111,6666843.0,5279904.270013625,4961367.195904951,2,19,1
60000398,5606956.888888889,6666708.777777778,5279992.652419661,4961504.710308828,2,19,1
60002219,5607035.666666667,6666910.666666667,5279925.504295657,4961495.555686083,2,19,1
60001560,5606911.555555556,6666835.888888888,5280044.9493747,4961683.550654668,2,19,1
60000568,5606762.888888889,6666728.333333333,5280148.139263221,4961855.210474858,2,19,1
60001684,5606871.88888889,6666850.444444444,5280057.960724045,4961744.454575732,2,19,1
60001136,5606810.555555556,6666787.888888889,5280129.115528263,4961833.239519504,2,19,1
60000345,5606722.555555556,6666703.444444444,5280195.323405308,4961920.253667427,2,19,1
59999982,5606694.888888889,6666663.0,5280222.662264974,4961951.581401894,2,19,1
60001281,5606656.111111111,6666802.88888889,5280267.32676224,4962130.83716115,2,19,1
60000965,5606614.555555556,6666764.88888889,5280286.879337928,4962168.540368753,2,19,1
60000089,5606515.333333333,6666673.111111111,5280362.930394866,4962275.799302812,2,19,1
59999673,5606467.222222222,6666628.888888889,5280419.311639033,4962341.665048,2,19,1
60000527,5606421.88888889,6666723.555555556,5280471.931727988,4962487.364872759,2,19,1
60002006,5606563.444444444,6666884.999999999,5280346.272817511,4962344.231346814,2,19,1
60000384,5606377.555555556,6666707.555555556,5280464.1853365535,4962523.69999011,2,19,1
60001511,5606344.111111111,6666831.111111111,5280529.7343437625,4962700.23711186,2,19,1
60001151,5606299.666666667,6666790.222222222,5280581.661083488,4962768.083767409,2,19,1
60000278,5606200.888888889,6666695.888888889,5280664.6788549125,4962883.6408573855,2,19,1
60000737,5606248.666666667,6666747.111111111,5280609.6541948635,4962818.8615760105,2,19,1
59999918,5606153.0,6666656.111111111,5280678.201572763,4962919.396136423,2,19,1
60001379,5606108.0,6666814.0,5280675.70227516,4963066.985723999,2,19,1
60000797,5606001.777777778,6666753.777777778,5280588.503889594,4963007.039116301,2,19,1
60001760,5606048.888888889,6666860.444444444,5280534.008478107,4962987.277906854,2,19,1
60000924,5605985.888888889,6666768.0,5280676.441511884,4963116.706905047,2,19,1
60000553,5605941.444444444,6666726.666666667,5280728.191533818,4963176.733549593,2,19,1
60001441,5605856.222222222,6666825.333333333,5280826.035488595,4963414.7295144,2,19,1
60001906,5605905.111111111,6666876.888888889,5280770.107306283,4963347.775948594,2,19,1
60001077,5605812.888888889,6666781.111111111,5280876.465055077,4963474.364034089,2,19,1
60000800,5605766.333333333,6666752.0,5280930.264173491,4963547.22503909,2,19,1
60001556,5605726.555555556,6666834.333333333,5280919.337425542,4963681.1299001165,2,19,1
60001180,5605661.555555556,6666793.888888889,5280994.949725386,4963779.899574226,2,19,1
60000985,5605643.333333333,6666770.666666667,5281086.349916298,4963874.430128421,2,19,1
60000600,5605574.88888889,6666729.444444444,5281166.747881888,4963988.121164905,2,19,1
60000813,5605461.333333333,6666754.888888889,5281298.739745675,4964230.799830938,2,19,1
60001430,5605525.555555556,6666821.666666667,5281223.949080722,4964145.213411948,2,19,1
60000469,5605414.666666667,6666716.888888889,5281285.374144111,4964265.508588291,2,19,1
60001583,5605338.666666666,6666840.222222222,5281372.672727967,4964497.366502267,2,19,1
60001215,5605291.333333333,6666786.0,5281428.335179722,4964588.853216674,2,19,1
60001308,5605193.111111111,6666810.222222223,5281487.991697237,4964739.373767539,2,19,1
60000891,5605177.444444444,6666764.222222222,5281597.163677364,4964831.017051884,2,19,1
60002296,5605136.777777778,6666919.999999999,5281644.256230388,4965017.654475133,2,19,1
60001854,5605078.666666666,6666869.222222222,5281710.874558025,4965098.310804651,2,19,1
60001610,5605025.555555556,6666840.111111111,5281711.872914313,4965153.089550699,2,19,1
60001053,5604958.333333333,6666781.333333333,5281790.116763586,4965247.255300863,2,19,1
60001830,5604863.222222222,6666864.888888889,5281900.980928381,4965504.744308463,2,19,1
60001333,5604798.0,6666813.222222222,5281977.380755786,4965600.001308648,2,19,1
60002559,5604907.333333333,6666949.111111111,5281849.525215599,4965462.288749343,2,19,1
60001293,5604785.888888889,6666808.666666667,5282008.022699285,4965652.427990355,2,19,1
60000538,5604693.222222222,6666723.111111111,5282115.088298691,4965782.554309477,2,19,1
60001185,5604742.222222222,6666797.0,5282057.660733973,4965725.731764542,2,19,1
60001067,5604593.888888889,6666783.444444444,5282186.154664621,4965982.773410519,2,19,1
60001524,5604640.111111111,6666834.777777778,5282132.698228705,4965931.051966735,2,19,1
60000755,5604554.444444444,6666747.222222222,5282188.68472651,4966018.831472948,2,19,1
60002015,5604493.222222222,6666886.555555556,5282260.967614053,4966230.388850963,2,19,1
60001476,5604428.111111111,6666828.888888889,5282336.619309168,4966323.047351794,2,19,1
60000647,5604349.888888889,6666734.888888889,5282418.822095789,4966422.769648554,2,19,1
60000172,5604297.0,6666684.555555556,5282479.388055693,4966482.451991703,2,19,1
60001129,5604399.666666667,6666788.222222222,5282360.516851297,4966364.354701656,2,19,1
60001717,5604262.555555556,6666852.777777778,5282450.6000860315,4966627.9830738725,2,19,1
60001214,5604202.111111111,6666797.333333333,5282521.531763607,4966716.876289859,2,19,1
60000834,5604159.555555556,6666756.444444444,5282570.571366797,4966770.456760588,2,19,1
60001616,5604117.222222222,6666845.000000001,5282618.72818569,4966909.534197976,2,19,1
60001219,5604052.333333333,6666789.666666667,5282745.588857299,4967079.39552636,2,19,1
60001891,5603964.777777778,6666873.222222222,5282848.360128767,4967296.33190302,2,19,1
60001332,5603897.222222222,6666812.0,5282858.726971832,4967360.280446245,2,19,1
60000782,5603852.888888889,6666751.666666667,5282945.934747616,4967447.35718641,2,19,1
60001761,5603748.0,6666859.444444445,5283068.657479524,4967743.322681842,2,19,1
60001331,5603676.222222222,6666812.555555556,5283152.314822936,4967855.062175051,2,19,1
60001021,5603632.777777778,6666778.111111111,5283212.856176504,4967949.412616347,2,19,1
60000700,5603582.777777778,6666739.666666667,5283270.794172058,4968033.5681125885,2,19,1
60000406,5603527.777777778,6666706.888888889,5283334.4237135835,4968127.041284835,2,19,1
60001040,5603459.333333333,6666776.111111111,5283370.89867248,4968281.780718673,2,19,1
60000598,5603400.222222222,6666729.0,5283439.383214848,4968368.807439143,2,19,1
60001792,5603377.222222222,6666859.222222223,5283513.382705838,4968561.4571315,2,19,1
60001206,5603298.333333333,6666797.777777778,5283605.866690025,4968676.536408232,2,19,1
60000898,5603237.222222222,6666763.666666667,5283673.9976649005,4968779.095229481,2,19,1
60001125,5603114.444444444,6666783.666666668,5283777.916735977,4969033.889872532,2,19,1
60001378,5603042.333333333,6666813.888888888,5283860.919156039,4969192.467915421,2,19,1
59999782,5602860.777777778,6666638.333333332,5284073.594193233,4969444.05551363,2,19,1
60001211,5602913.444444444,6666795.666666667,5284013.307551707,4969448.401378392,2,19,1
60001849,5602802.222222221,6666868.111111111,5284129.309269404,4969731.600217572,2,19,1
60001217,5602713.888888889,6666799.777777779,5284226.898963117,4969861.693120312,2,19,1
60001646,5602455.777777778,6666835.222222222,5284532.461617768,4970457.595288305,2,19,1
60000935,5602324.222222222,6666767.666666667,5284687.561088233,4970667.514696895,2,19,1
60000403,5602262.0,6666709.444444445,5284760.054055293,4970757.896747716,2,19,1
60001392,5602186.777777778,6666818.555555556,5284794.882267068,4970962.076018613,2,19,1
60001261,5602138.555555556,6666801.222222223,5284850.02620621,4971049.358580283,2,19,1
60000680,5602068.444444444,6666727.888888889,5284926.973050718,4971161.0327585805,2,19,1
60000476,5601815.111111111,6666708.555555555,5285320.326200519,4971780.651148467,2,19,1
60000184,5601743.222222222,6666685.111111111,5285365.285709348,4971876.752579866,2,19,1
60001444,5601685.555555556,6666825.222222222,5285432.403243279,4972082.90473484,2,19,1
60000977,5601626.555555556,6666773.333333334,5285500.533588141,4972170.264020531,2,19,1
60000037,5601519.111111111,6666665.888888889,5285583.660798976,4972301.835626244,2,19,1
60000797,5601575.333333333,6666751.111111112,5285517.813731498,4972239.740069043,2,19,1
60001543,5601475.444444444,6666834.777777779,5285633.942325866,4972499.459487497,2,19,1
60001454,5601426.333333333,6666824.333333334,5285647.170609386,4972560.935855035,2,19,1
60000792,5601217.111111111,6666753.0,5285968.2735175975,4973026.825512507,2,19,1
60000332,5601159.444444444,6666698.333333333,5285997.451031005,4973091.7603201335,2,19,1
60001621,5601282.0,6666843.777777778,5285892.406692696,4972954.286926504,2,19,1
60001209,5601013.111111111,6666793.11111111,5286170.59525597,4973460.066654111,2,19,1
60000894,5600956.555555556,6666757.111111111,5286233.1333572045,4973551.00934997,2,19,1
60001411,5600729.555555556,6666819.444444444,5286449.314614515,4974037.161762066,2,19,1
60001562,5600541.888888889,6666823.444444444,5286669.540313009,4974467.446843509,2,19,1
60000748,5600353.888888889,6666746.999999999,5286891.21847089,4974788.980535129,2,19,1
60002157,5600279.888888889,6666900.0,5287033.251838867,4975111.792521476,2,19,1
60001444,5600191.111111111,6666824.888888889,5287091.016944016,4975204.443956058,2,19,1
60002274,5600112.555555556,6666917.111111112,5287182.248362641,4975430.566820736,2,19,1
60001768,5600036.111111111,6666850.222222222,5287272.066369727,4975571.945747865,2,19,1
60001348,5599968.333333333,6666811.0,5287351.7904313635,4975673.955181147,2,19,1
60000880,5599909.111111111,6666762.333333333,5287387.366991623,4975734.57460293,2,19,1
60001901,5599869.444444444,6666873.0,5287432.099622725,4975884.106296035,2,19,1
60001598,5599713.222222222,6666841.333333333,5287578.855646169,4976167.733376132,2,19,1
60001270,5599701.222222222,6666806.0,5287656.191139434,4976226.920886748,2,19,1
60000240,5599584.333333333,6666690.88888889,5287659.787000106,4976218.044071432,2,19,1
60002701,5599515.111111111,6666962.222222222,5287740.527033604,4976511.04722035,2,19,1
60001387,5599357.111111111,6666818.888888889,5287927.734304938,4976716.9437493235,2,19,1
60001159,5599312.0,6666791.888888889,5287793.647635987,4976718.678792746,2,19,1
60002300,5599273.333333333,6666918.222222222,5287838.772755415,4976870.411705628,2,19,1
60001033,5599124.333333333,6666777.555555556,5287959.70686339,4977061.379968433,2,19,1
60001731,5599170.444444444,6666855.111111111,5287906.339970908,4977017.968822155,2,19,1
60001022,5599081.0,6666776.0,5288051.604418304,4977193.666717194,2,19,1
60001728,5599040.555555556,6666853.666666666,5288067.650153955,4977312.011798964,2,19,1
60000800,5598956.333333333,6666752.444444444,5288203.645508818,4977454.3123797,2,19,1
60001297,5598971.0,6666807.555555556,5288133.31149218,4977408.5852913745,2,19,1
60000846,5598915.666666667,6666755.777777777,5288215.319153003,4977516.342735119,2,19,1
60000457,5598869.666666667,6666711.444444444,5288268.206635491,4977583.635945837,2,19,1
60001559,5598799.444444444,6666831.444444444,5288368.925304548,4977840.468119335,2,19,1
60001330,5598728.777777778,6666808.222222222,5288418.64185476,4977933.139348443,2,19,1
60001110,5598678.777777778,6666785.666666667,5288473.472744943,4978011.261272367,2,19,1
60000689,5598466.111111111,6666730.000000001,5288724.829208513,4978443.852134846,2,19,1
60001280,5598363.0,6666800.555555556,5288791.864461958,4978666.098933556,2,19,1
60001543,5598316.666666667,6666835.222222222,5288933.817734511,4978857.730686898,2,19,1
60000864,5598234.888888889,6666757.222222222,5289029.630573278,4978983.08081105,2,19,1
60000435,5598169.111111111,6666713.222222222,5289065.899788554,4979060.614410809,2,19,1
60001469,5598083.222222222,6666824.777777779,5289166.545183011,4979323.584822611,2,19,1
60000924,5598010.888888889,6666767.333333333,5289251.452805029,4979432.363526765,2,19,1
60000458,5597951.777777778,6666715.888888889,5289268.445462562,4979474.934795195,2,19,1
60000157,5597906.444444444,6666682.444444444,5289321.491142983,4979526.876559888,2,19,1
60001147,5597863.555555556,6666792.111111111,5289308.006620978,4979645.033670408,2,19,1
60000748,5597855.666666667,6666748.444444444,5289407.859687344,4979720.442643721,2,19,1
60000214,5597793.666666667,6666688.555555556,5289480.450219213,4979812.874104736,2,19,1
60000356,5597671.333333333,6666704.555555556,5289563.752629961,4980034.131436855,2,19,1
60001184,5597717.444444444,6666795.111111111,5289570.009802856,4980047.24110403,2,19,1
60001045,5597549.444444444,6666781.444444444,5289706.685236836,4980326.542047371,2,19,1
60000208,5597450.111111111,6666686.222222222,5289767.937073622,4980440.92941897,2,19,1
60001761,5597593.222222222,6666860.777777778,5289655.492754698,4980301.833366823,2,19,1
60001006,5597503.222222222,6666775.444444445,5289705.325872245,4980391.427519555,2,19,1
60000614,5597354.555555556,6666733.555555556,5289955.813972602,4980735.2820088,2,19,1
60001435,5597439.888888889,6666824.666666667,5289855.481824136,4980624.3075730475,2,19,1
60001151,5597399.111111111,6666793.333333333,5289903.281739739,4980682.797496042,2,19,1
60000369,5597299.555555556,6666706.444444444,5289972.031114723,4980809.94605338,2,19,1
60002186,5597262.333333333,6666908.111111111,5289991.393799616,4980997.034775704,2,19,1
60001783,5597213.0,6666862.888888889,5290013.360745203,4981038.776297707,2,19,1
60000300,5597093.666666667,6666697.0,5290213.288579417,4981244.179761945,2,19,1
60001251,5597194.111111111,6666803.888888889,5290095.657756375,4981100.428634556,2,19,1
60000872,5596959.0,6666761.999999999,5290323.146315402,4981509.081357149,2,19,1
59999640,5596813.666666667,6666624.555555556,5290425.0120616965,4981671.996865262,2,19,1
60001475,5597009.555555556,6666828.333333333,5290264.93420051,4981458.285949281,2,19,1
60000255,5596873.666666667,6666691.555555556,5290354.426116718,4981595.462273033,2,19,1
60000992,5596789.444444444,6666774.444444444,5290549.787319346,4981914.15264402,2,19,1
60000362,5596707.444444444,6666705.666666667,5290646.1341353925,4982038.724862168,2,19,1
60000626,5596663.11111111,6666732.666666667,5290641.790552387,4982121.216139141,2,19,1
60000879,5596605.111111111,6666762.555555556,5290709.941132888,4982258.730081998,2,19,1
60001904,5596551.777777778,6666876.777777778,5290772.374243972,4982447.311582526,2,19,1
60001447,5596493.444444444,6666825.777777779,5290840.728447774,4982536.856746239,2,19,1
60000900,5596474.666666667,6666765.222222223,5290954.119234711,4982621.834495639,2,19,1
59999937,5596358.111111111,6666658.0,5291048.886388937,4982765.680218266,2,19,1
60002023,5596402.222222222,6666890.222222222,5290997.2411216535,4982837.766371934,2,19,1
60000829,5596309.666666667,6666756.888888889,5291178.077527513,4983026.090607981,2,19,1
60000469,5596261.666666667,6666713.888888889,5291234.392056593,4983103.515232687,2,19,1
59999985,5596202.222222222,6666663.555555556,5291304.302058657,4983188.022493887,2,19,1
60001594,5596358.0,6666842.111111111,5291157.559339922,4982999.6333389245,2,19,1
60000819,5596147.555555556,6666756.0,5291315.335957239,4983318.285845286,2,19,1
60001579,5596093.888888889,6666840.222222222,5291378.826486567,4983483.260860389,2,19,1
60000904,5596012.222222222,6666765.333333333,5291414.066091143,4983555.384494965,2,19,1
60000525,5595967.222222222,6666723.666666667,5291412.520657498,4983565.533696081,2,19,1
60001991,5595975.111111111,6666886.666666667,5291505.017981449,4983757.709526769,2,19,1
60001214,5595879.666666667,6666800.333333334,5291525.43052991,4983808.132230111,2,19,1
60002028,5595925.222222222,6666890.444444445,5291525.663647578,4983835.22728827,2,19,1
60001821,5595838.777777778,6666858.11111111,5291573.318199484,4983944.673541618,2,19,1
60001239,5595769.444444444,6666802.333333333,5291581.93493293,4983976.469527168,2,19,1
60000893,5595717.777777778,6666764.555555556,5291642.793171247,4984047.388848322,2,19,1
60002177,5595670.444444444,6666907.111111111,5291698.891343193,4984241.469231186,2,19,1
60001315,5595589.555555556,6666811.666666667,5291773.616988049,4984336.291994678,2,19,1
60001687,5595610.999999999,6666852.333333334,5291715.009350324,4984296.733247279,2,19,1
60000949,5595543.222222222,6666766.666666667,5291827.804272966,4984398.772404652,2,19,1
60000637,5595482.333333333,6666733.777777778,5291840.80141209,4984473.647992102,2,19,1
60001122,5595348.222222222,6666790.0,5291952.312903736,4984726.908927308,2,19,1
60001774,5595415.777777778,6666861.88888889,5291873.071078207,4984642.9569571335,2,19,1
60001116,5595306.444444444,6666789.444444444,5292001.627883161,4984812.104984677,2,19,1
60000568,5595241.111111111,6666728.111111111,5292016.924438532,4984870.81582804,2,19,1
60001479,5595185.666666667,6666829.222222222,5292081.6871142965,4985055.02226186,2,19,1
60001024,5595141.777777778,6666775.222222222,5292156.469460602,4985140.530996789,2,19,1
60000436,5595063.333333333,6666712.888888889,5292211.820968148,4985232.362854825,2,19,1
60001147,5594914.000000001,6666791.444444445,5292387.382189393,4985601.345292163,2,19,1
930228,930192.0,0,0.0,0,0,2,1
930263,930193.0,0,0.0,0,0,2,1
930279,930193.0,0,0.0,0,0,2,1
930512,930415.0,0,0.0,0,0,2,1
930522,930415.0,0,0.0,0,0,2,1
930532,930415.0,0,0.0,0,0,2,1
926225,926209.0,0,0.0,0,0,2,1
926335,926265.0,0,0.0,0,0,2,1
926562,926546.0,0,0.0,0,0,2,1
926597,926546.0,0,0.0,0,0,2,1
926639,926546.0,0,0.0,0,0,2,1
926658,926546.0,0,0.0,0,0,2,1
926707,926546.0,0,0.0,0,0,2,1
926731,926546.0,0,0.0,0,0,2,1
927246,926972.0,0,0.0,0,0,2,1
926869,926546.0,0,0.0,0,0,2,1
927334,927322.0,0,0.0,0,0,2,1
927378,927323.0,0,0.0,0,0,2,1
927394,927323.0,0,0.0,0,0,2,1
927431,927323.0,0,0.0,0,0,2,1
927471,927323.0,0,0.0,0,0,2,1
927491,927323.0,0,0.0,0,0,2,1
926976,926797.0,0,0.0,0,0,2,1
926986,926797.0,0,0.0,0,0,2,1
927099,927085.0,0,0.0,0,0,2,1
927114,927085.0,0,0.0,0,0,2,1
927156,927086.0,0,0.0,0,0,2,1
927173,927086.0,0,0.0,0,0,2,1
927221,927086.0,0,0.0,0,0,2,1
927265,927086.0,0,0.0,0,0,2,1
927304,927086.0,0,0.0,0,0,2,1
923703,923469.0,0,0.0,0,0,2,1
923727,923717.0,0,0.0,0,0,2,1
923740,923718.0,0,0.0,0,0,2,1
923753,923719.0,0,0.0,0,0,2,1
919061,919015.0,0,0.0,0,0,2,1
919073,919015.0,0,0.0,0,0,2,1
919086,919015.0,0,0.0,0,0,2,1
919098,919015.0,0,0.0,0,0,2,1
919141,919015.0,0,0.0,0,0,2,1
919176,919168.0,0,0.0,0,0,2,1
919186,919168.0,0,0.0,0,0,2,1
919199,919168.0,0,0.0,0,0,2,1
915674,915661.0,0,0.0,0,0,2,1
915688,915662.0,0,0.0,0,0,2,1
915699,915662.0,0,0.0,0,0,2,1
915712,915662.0,0,0.0,0,0,2,1
915861,915848.0,0,0.0,0,0,2,1
915877,915848.0,0,0.0,0,0,2,1
915888,915848.0,0,0.0,0,0,2,1
915899,915848.0,0,0.0,0,0,2,1
912236,912133.0,0,0.0,0,0,2,1
912329,912319.0,0,0.0,0,0,2,1
912434,912408.0,0,0.0,0,0,2,1
912467,912408.0,0,0.0,0,0,2,1
912501,912408.0,0,0.0,0,0,2,1
912591,912580.0,0,0.0,0,0,2,1
912607,912580.0,0,0.0,0,0,2,1
912621,912580.0,0,0.0,0,0,2,1
912690,912679.0,0,0.0,0,0,2,1
912711,912680.0,0,0.0,0,0,2,1
904467,904423.0,0,0.0,0,0,2,1
904532,904525.0,0,0.0,0,0,2,1
904548,904525.0,0,0.0,0,0,2,1
904691,904678.0,0,0.0,0,0,2,1
904706,904679.0,0,0.0,0,0,2,1
904738,904679.0,0,0.0,0,0,2,1
904756,904679.0,0,0.0,0,0,2,1
900477,900459.0,0,0.0,0,0,2,1
905158,905091.0,0,0.0,0,0,2,1
900546,900459.0,0,0.0,0,0,2,1
900557,900459.0,0,0.0,0,0,2,1
900569,900459.0,0,0.0,0,0,2,1
900616,900459.0,0,0.0,0,0,2,1
900632,900460.0,0,0.0,0,0,2,1
900645,900461.0,0,0.0,0,0,2,1
900138,900127.0,0,0.0,0,0,2,1
900564,900513.0,0,0.0,0,0,2,1
900709,900513.0,0,0.0,0,0,2,1
900748,900513.0,0,0.0,0,0,2,1
900764,900513.0,0,0.0,0,0,2,1
900800,900513.0,0,0.0,0,0,2,1
900819,900514.0,0,0.0,0,0,2,1
900830,900514.0,0,0.0,0,0,2,1
901058,901044.0,0,0.0,0,0,2,1
893815,893752.0,0,0.0,0,0,2,1
893868,893752.0,0,0.0,0,0,2,1
893884,893752.0,0,0.0,0,0,2,1
893898,893752.0,0,0.0,0,0,2,1
893911,893752.0,0,0.0,0,0,2,1
893923,893752.0,0,0.0,0,0,2,1
892612,892411.0,0,0.0,0,0,2,1
894013,894001.0,0,0.0,0,0,2,1
885453,885359.0,0,0.0,0,0,2,1
885469,885359.0,0,0.0,0,0,2,1
885481,885359.0,0,0.0,0,0,2,1
885596,885441.0,0,0.0,0,0,2,1
885574,885359.0,0,0.0,0,0,2,1
885608,885359.0,0,0.0,0,0,2,1
885736,885441.0,0,0.0,0,0,2,1
885803,885791.0,0,0.0,0,0,2,1
885855,885791.0,0,0.0,0,0,2,1
885874,885791.0,0,0.0,0,0,2,1
885886,885791.0,0,0.0,0,0,2,1
885938,885791.0,0,0.0,0,0,2,1
885953,885791.0,0,0.0,0,0,2,1
885881,885709.0,0,0.0,0,0,2,1
885773,885591.0,0,0.0,0,0,2,1
885920,885911.0,0,0.0,0,0,2,1
885929,885911.0,0,0.0,0,0,2,1
878255,878227.0,0,0.0,0,0,2,1
878264,878227.0,0,0.0,0,0,2,1
878530,878517.0,0,0.0,0,0,2,1
878584,878517.0,0,0.0,0,0,2,1
878603,878519.0,0,0.0,0,0,2,1
878405,878391.0,0,0.0,0,0,2,1
878466,878391.0,0,0.0,0,0,2,1
878482,878391.0,0,0.0,0,0,2,1
878491,878391.0,0,0.0,0,0,2,1
878529,878391.0,0,0.0,0,0,2,1
878759,878603.0,0,0.0,0,0,2,1
878989,878787.0,0,0.0,0,0,2,1
879004,878788.0,0,0.0,0,0,2,1
879061,879048.0,0,0.0,0,0,2,1
875648,875620.0,0,0.0,0,0,2,1
875684,875620.0,0,0.0,0,0,2,1
875716,875620.0,0,0.0,0,0,2,1
875755,875620.0,0,0.0,0,0,2,1
875771,875620.0,0,0.0,0,0,2,1
875783,875620.0,0,0.0,0,0,2,1
871220,871020.0,0,0.0,0,0,2,1
875862,875852.0,0,0.0,0,0,2,1
871274,871251.0,0,0.0,0,0,2,1
871431,871397.0,0,0.0,0,0,2,1
871443,871397.0,0,0.0,0,0,2,1
871457,871398.0,0,0.0,0,0,2,1
871471,871398.0,0,0.0,0,0,2,1
871484,871398.0,0,0.0,0,0,2,1
871687,871671.0,0,0.0,0,0,2,1
871755,871672.0,0,0.0,0,0,2,1
871879,871672.0,0,0.0,0,0,2,1
867811,867801.0,0,0.0,0,0,2,1
868060,867801.0,0,0.0,0,0,2,1
867970,867667.0,0,0.0,0,0,2,1
868807,868780.0,0,0.0,0,0,2,1
868836,868780.0,0,0.0,0,0,2,1
868855,868780.0,0,0.0,0,0,2,1
868907,868781.0,0,0.0,0,0,2,1
869179,868781.0,0,0.0,0,0,2,1
869226,868782.0,0,0.0,0,0,2,1
865425,864928.0,0,0.0,0,0,2,1
865402,864850.0,0,0.0,0,0,2,1
865541,865527.0,0,0.0,0,0,2,1
865596,865527.0,0,0.0,0,0,2,1
865614,865527.0,0,0.0,0,0,2,1
865666,865527.0,0,0.0,0,0,2,1
865683,865527.0,0,0.0,0,0,2,1
865694,865527.0,0,0.0,0,0,2,1
865704,865527.0,0,0.0,0,0,2,1
857904,857713.0,0,0.0,0,0,2,1
858024,858008.0,0,0.0,0,0,2,1
858106,858010.0,0,0.0,0,0,2,1
858164,858009.0,0,0.0,0,0,2,1
858226,858009.0,0,0.0,0,0,2,1
858443,858170.0,0,0.0,0,0,2,1
858254,857941.0,0,0.0,0,0,2,1
858297,857941.0,0,0.0,0,0,2,1
858411,858009.0,0,0.0,0,0,2,1
858755,858739.0,0,0.0,0,0,2,1
858811,858739.0,0,0.0,0,0,2,1
854755,854667.0,0,0.0,0,0,2,1
854890,854759.0,0,0.0,0,0,2,1
854835,854667.0,0,0.0,0,0,2,1
855030,854759.0,0,0.0,0,0,2,1
855093,854758.0,0,0.0,0,0,2,1
855115,854759.0,0,0.0,0,0,2,1
855163,855148.0,0,0.0,0,0,2,1
855208,855149.0,0,0.0,0,0,2,1
855260,855149.0,0,0.0,0,0,2,1
855375,855149.0,0,0.0,0,0,2,1
851306,851030.0,0,0.0,0,0,2,1
851447,851031.0,0,0.0,0,0,2,1
851560,851128.0,0,0.0,0,0,2,1
851572,851128.0,0,0.0,0,0,2,1
851621,851607.0,0,0.0,0,0,2,1
851640,851607.0,0,0.0,0,0,2,1
851677,851607.0,0,0.0,0,0,2,1
851718,851607.0,0,0.0,0,0,2,1
851735,851607.0,0,0.0,0,0,2,1
851747,851607.0,0,0.0,0,0,2,1
847573,847400.0,0,0.0,0,0,2,1
847328,847136.0,0,0.0,0,0,2,1
847646,847631.0,0,0.0,0,0,2,1
847664,847631.0,0,0.0,0,0,2,1
847716,847631.0,0,0.0,0,0,2,1
847734,847631.0,0,0.0,0,0,2,1
843773,843633.0,0,0.0,0,0,2,1
843792,843633.0,0,0.0,0,0,2,1
843804,843633.0,0,0.0,0,0,2,1
843849,843633.0,0,0.0,0,0,2,1
843880,843870.0,0,0.0,0,0,2,1
840188,840133.0,0,0.0,0,0,2,1
840259,840133.0,0,0.0,0,0,2,1
840276,840133.0,0,0.0,0,0,2,1
840288,840133.0,0,0.0,0,0,2,1
840321,840133.0,0,0.0,0,0,2,1
840363,840133.0,0,0.0,0,0,2,1
840410,840133.0,0,0.0,0,0,2,1
840635,840619.0,0,0.0,0,0,2,1
836210,836139.0,0,0.0,0,0,2,1
836228,836139.0,0,0.0,0,0,2,1
836298,836139.0,0,0.0,0,0,2,1
836315,836140.0,0,0.0,0,0,2,1
836328,836140.0,0,0.0,0,0,2,1
832154,831901.0,0,0.0,0,0,2,1
832196,831901.0,0,0.0,0,0,2,1
832291,832275.0,0,0.0,0,0,2,1
832333,832275.0,0,0.0,0,0,2,1
832348,832275.0,0,0.0,0,0,2,1
832401,832276.0,0,0.0,0,0,2,1
832426,832277.0,0,0.0,0,0,2,1
832487,832276.0,0,0.0,0,0,2,1
828086,827818.0,0,0.0,0,0,2,1
828332,828016.0,0,0.0,0,0,2,1
828413,828399.0,0,0.0,0,0,2,1
828459,828399.0,0,0.0,0,0,2,1
828550,828399.0,0,0.0,0,0,2,1
828759,828399.0,0,0.0,0,0,2,1
828830,828399.0,0,0.0,0,0,2,1
828900,828400.0,0,0.0,0,0,2,1
828955,828400.0,0,0.0,0,0,2,1
825118,824512.0,0,0.0,0,0,2,1
825176,825163.0,0,0.0,0,0,2,1
825227,825163.0,0,0.0,0,0,2,1
825283,825163.0,0,0.0,0,0,2,1
825300,825163.0,0,0.0,0,0,2,1
825312,825163.0,0,0.0,0,0,2,1
825348,825163.0,0,0.0,0,0,2,1
825655,825448.0,0,0.0,0,0,2,1
825419,825164.0,0,0.0,0,0,2,1
821477,821467.0,0,0.0,0,0,2,1
821526,821467.0,0,0.0,0,0,2,1
821575,821467.0,0,0.0,0,0,2,1
821857,821732.0,0,0.0,0,0,2,1
821868,821732.0,0,0.0,0,0,2,1
821902,821733.0,0,0.0,0,0,2,1
814962,814603.0,0,0.0,0,0,2,1
815042,814604.0,0,0.0,0,0,2,1
815119,815104.0,0,0.0,0,0,2,1
815192,815104.0,0,0.0,0,0,2,1
815240,815104.0,0,0.0,0,0,2,1
815258,815104.0,0,0.0,0,0,2,1
813775,813583.0,0,0.0,0,0,2,1
815341,815104.0,0,0.0,0,0,2,1
815002,814713.0,0,0.0,0,0,2,1
813934,813583.0,0,0.0,0,0,2,1
815337,815224.0,0,0.0,0,0,2,1
815708,815225.0,0,0.0,0,0,2,1
815874,815226.0,0,0.0,0,0,2,1
815931,815226.0,0,0.0,0,0,2,1
815960,815226.0,0,0.0,0,0,2,1
815990,815226.0,0,0.0,0,0,2,1
816407,815615.0,0,0.0,0,0,2,1
811700,810883.0,0,0.0,0,0,2,1
811795,811752.0,0,0.0,0,0,2,1
812382,811754.0,0,0.0,0,0,2,1
813173,812337.0,0,0.0,0,0,2,1
813230,812338.0,0,0.0,0,0,2,1
813274,812338.0,0,0.0,0,0,2,1
813314,812338.0,0,0.0,0,0,2,1
813360,812338.0,0,0.0,0,0,2,1
813383,812339.0,0,0.0,0,0,2,1
808357,808339.0,0,0.0,0,0,2,1
808379,808339.0,0,0.0,0,0,2,1
808391,808339.0,0,0.0,0,0,2,1
808434,808339.0,0,0.0,0,0,2,1
808524,808339.0,0,0.0,0,0,2,1
808572,808339.0,0,0.0,0,0,2,1
798680,798429.0,0,0.0,0,0,2,1
798692,798429.0,0,0.0,0,0,2,1
799090,799080.0,0,0.0,0,0,2,1
798732,798710.0,0,0.0,0,0,2,1
799113,799080.0,0,0.0,0,0,2,1
798753,798710.0,0,0.0,0,0,2,1
799135,799081.0,0,0.0,0,0,2,1
799144,799080.0,0,0.0,0,0,2,1
799156,799081.0,0,0.0,0,0,2,1
799211,799081.0,0,0.0,0,0,2,1
798836,798822.0,0,0.0,0,0,2,1
798944,798888.0,0,0.0,0,0,2,1
798897,798822.0,0,0.0,0,0,2,1
799026,798888.0,0,0.0,0,0,2,1
799050,798889.0,0,0.0,0,0,2,1
799129,798889.0,0,0.0,0,0,2,1
798209,797906.0,0,0.0,0,0,2,1
798232,797906.0,0,0.0,0,0,2,1
798294,798280.0,0,0.0,0,0,2,1
790374,790343.0,0,0.0,0,0,2,1
798324,798281.0,0,0.0,0,0,2,1
790432,790343.0,0,0.0,0,0,2,1
790494,790343.0,0,0.0,0,0,2,1
790513,790343.0,0,0.0,0,0,2,1
790556,790343.0,0,0.0,0,0,2,1
790594,790343.0,0,0.0,0,0,2,1
790777,790761.0,0,0.0,0,0,2,1
790834,790761.0,0,0.0,0,0,2,1
790707,790615.0,0,0.0,0,0,2,1
790782,790677.0,0,0.0,0,0,2,1
790795,790677.0,0,0.0,0,0,2,1
790844,790677.0,0,0.0,0,0,2,1
790858,790678.0,0,0.0,0,0,2,1
790894,790678.0,0,0.0,0,0,2,1
790921,790913.0,0,0.0,0,0,2,1
790949,790914.0,0,0.0,0,0,2,1
790966,790914.0,0,0.0,0,0,2,1
782904,782840.0,0,0.0,0,0,2,1
782916,782840.0,0,0.0,0,0,2,1
783151,783064.0,0,0.0,0,0,2,1
783163,783064.0,0,0.0,0,0,2,1
783200,783064.0,0,0.0,0,0,2,1
783272,783260.0,0,0.0,0,0,2,1
783313,783259.0,0,0.0,0,0,2,1
783354,783260.0,0,0.0,0,0,2,1
783396,783260.0,0,0.0,0,0,2,1
783437,783260.0,0,0.0,0,0,2,1
783246,783034.0,0,0.0,0,0,2,1
783286,783034.0,0,0.0,0,0,2,1
783329,783034.0,0,0.0,0,0,2,1
783356,783346.0,0,0.0,0,0,2,1
783408,783346.0,0,0.0,0,0,2,1
778549,778471.0,0,0.0,0,0,2,1
783453,783347.0,0,0.0,0,0,2,1
778687,778471.0,0,0.0,0,0,2,1
778873,778642.0,0,0.0,0,0,2,1
778901,778641.0,0,0.0,0,0,2,1
778952,778643.0,0,0.0,0,0,2,1
779058,779048.0,0,0.0,0,0,2,1
779074,779049.0,0,0.0,0,0,2,1
779115,779049.0,0,0.0,0,0,2,1
779129,779049.0,0,0.0,0,0,2,1
779177,779049.0,0,0.0,0,0,2,1
771966,771762.0,0,0.0,0,0,2,1
772026,771762.0,0,0.0,0,0,2,1
772086,771762.0,0,0.0,0,0,2,1
772122,772107.0,0,0.0,0,0,2,1
772167,772107.0,0,0.0,0,0,2,1
772184,772107.0,0,0.0,0,0,2,1
772212,772107.0,0,0.0,0,0,2,1
771987,771861.0,0,0.0,0,0,2,1
771998,771863.0,0,0.0,0,0,2,1
772009,771862.0,0,0.0,0,0,2,1
772129,771950.0,0,0.0,0,0,2,1
772201,772187.0,0,0.0,0,0,2,1
772216,772188.0,0,0.0,0,0,2,1
772250,772188.0,0,0.0,0,0,2,1
772289,772188.0,0,0.0,0,0,2,1
772374,772188.0,0,0.0,0,0,2,1
772418,772188.0,0,0.0,0,0,2,1
772433,772188.0,0,0.0,0,0,2,1
772603,772346.0,0,0.0,0,0,2,1
764007,763997.0,0,0.0,0,0,2,1
764044,763997.0,0,0.0,0,0,2,1
764061,763997.0,0,0.0,0,0,2,1
764112,763997.0,0,0.0,0,0,2,1
764154,763997.0,0,0.0,0,0,2,1
764171,763997.0,0,0.0,0,0,2,1
764183,763997.0,0,0.0,0,0,2,1
764232,763998.0,0,0.0,0,0,2,1
764181,764167.0,0,0.0,0,0,2,1
764216,764168.0,0,0.0,0,0,2,1
764249,764168.0,0,0.0,0,0,2,1
764282,764168.0,0,0.0,0,0,2,1
764297,764169.0,0,0.0,0,0,2,1
764328,764169.0,0,0.0,0,0,2,1
764345,764169.0,0,0.0,0,0,2,1
756877,756657.0,0,0.0,0,0,2,1
764436,764424.0,0,0.0,0,0,2,1
756968,756912.0,0,0.0,0,0,2,1
757000,756912.0,0,0.0,0,0,2,1
757040,756912.0,0,0.0,0,0,2,1
757078,756913.0,0,0.0,0,0,2,1
757096,756913.0,0,0.0,0,0,2,1
757339,757145.0,0,0.0,0,0,2,1
757350,757145.0,0,0.0,0,0,2,1
757428,757415.0,0,0.0,0,0,2,1
757447,757415.0,0,0.0,0,0,2,1
757486,757415.0,0,0.0,0,0,2,1
757252,757104.0,0,0.0,0,0,2,1
757295,757104.0,0,0.0,0,0,2,1
757390,757183.0,0,0.0,0,0,2,1
757423,757183.0,0,0.0,0,0,2,1
748345,748053.0,0,0.0,0,0,2,1
748374,748363.0,0,0.0,0,0,2,1
748412,748363.0,0,0.0,0,0,2,1
748430,748363.0,0,0.0,0,0,2,1
748465,748364.0,0,0.0,0,0,2,1
748183,748029.0,0,0.0,0,0,2,1
748223,748030.0,0,0.0,0,0,2,1
748264,748030.0,0,0.0,0,0,2,1
748329,748030.0,0,0.0,0,0,2,1
748421,748408.0,0,0.0,0,0,2,1
748910,748742.0,0,0.0,0,0,2,1
748971,748742.0,0,0.0,0,0,2,1
748987,748742.0,0,0.0,0,0,2,1
741484,741228.0,0,0.0,0,0,2,1
741791,741470.0,0,0.0,0,0,2,1
741849,741470.0,0,0.0,0,0,2,1
742231,741601.0,0,0.0,0,0,2,1
742301,742285.0,0,0.0,0,0,2,1
742347,742285.0,0,0.0,0,0,2,1
742405,742285.0,0,0.0,0,0,2,1
742422,742285.0,0,0.0,0,0,2,1
742472,742285.0,0,0.0,0,0,2,1
742512,742285.0,0,0.0,0,0,2,1
742546,742287.0,0,0.0,0,0,2,1
742073,741797.0,0,0.0,0,0,2,1
742131,742118.0,0,0.0,0,0,2,1
742295,742233.0,0,0.0,0,0,2,1
742336,742232.0,0,0.0,0,0,2,1
742478,742233.0,0,0.0,0,0,2,1
742516,742232.0,0,0.0,0,0,2,1
742532,742233.0,0,0.0,0,0,2,1
742572,742233.0,0,0.0,0,0,2,1
743354,742233.0,0,0.0,0,0,2,1
739840,739825.0,0,0.0,0,0,2,1
739884,739825.0,0,0.0,0,0,2,1
739931,739825.0,0,0.0,0,0,2,1
739978,739825.0,0,0.0,0,0,2,1
740080,739825.0,0,0.0,0,0,2,1
740142,739825.0,0,0.0,0,0,2,1
740254,739825.0,0,0.0,0,0,2,1
736984,736375.0,0,0.0,0,0,2,1
740579,740560.0,0,0.0,0,0,2,1
737287,737109.0,0,0.0,0,0,2,1
737359,737109.0,0,0.0,0,0,2,1
737378,737109.0,0,0.0,0,0,2,1
737389,737109.0,0,0.0,0,0,2,1
737403,737109.0,0,0.0,0,0,2,1
737414,737109.0,0,0.0,0,0,2,1
737425,737109.0,0,0.0,0,0,2,1
729170,729160.0,0,0.0,0,0,2,1
729428,729406.0,0,0.0,0,0,2,1
729437,729406.0,0,0.0,0,0,2,1
729448,729406.0,0,0.0,0,0,2,1
729460,729406.0,0,0.0,0,0,2,1
725051,724984.0,0,0.0,0,0,2,1
725062,724984.0,0,0.0,0,0,2,1
729496,729407.0,0,0.0,0,0,2,1
725105,725095.0,0,0.0,0,0,2,1
725121,725095.0,0,0.0,0,0,2,1
725358,725321.0,0,0.0,0,0,2,1
725142,725095.0,0,0.0,0,0,2,1
725379,725322.0,0,0.0,0,0,2,1
725389,725322.0,0,0.0,0,0,2,1
725396,725322.0,0,0.0,0,0,2,1
725406,725322.0,0,0.0,0,0,2,1
725431,725422.0,0,0.0,0,0,2,1
725493,725423.0,0,0.0,0,0,2,1
725532,725422.0,0,0.0,0,0,2,1
725201,725074.0,0,0.0,0,0,2,1
725213,725074.0,0,0.0,0,0,2,1
725225,725074.0,0,0.0,0,0,2,1
725358,725195.0,0,0.0,0,0,2,1
725369,725195.0,0,0.0,0,0,2,1
725450,725438.0,0,0.0,0,0,2,1
717428,717399.0,0,0.0,0,0,2,1
717441,717399.0,0,0.0,0,0,2,1
717564,717510.0,0,0.0,0,0,2,1
717468,717399.0,0,0.0,0,0,2,1
717593,717510.0,0,0.0,0,0,2,1
717606,717510.0,0,0.0,0,0,2,1
717617,717510.0,0,0.0,0,0,2,1
717643,717633.0,0,0.0,0,0,2,1
717655,717633.0,0,0.0,0,0,2,1
717668,717634.0,0,0.0,0,0,2,1
717679,717633.0,0,0.0,0,0,2,1
717455,717398.0,0,0.0,0,0,2,1
717467,717398.0,0,0.0,0,0,2,1
717600,717521.0,0,0.0,0,0,2,1
717613,717522.0,0,0.0,0,0,2,1
717640,717632.0,0,0.0,0,0,2,1
717654,717633.0,0,0.0,0,0,2,1
717664,717633.0,0,0.0,0,0,2,1
714054,714012.0,0,0.0,0,0,2,1
714063,714011.0,0,0.0,0,0,2,1
714075,714012.0,0,0.0,0,0,2,1
714085,714011.0,0,0.0,0,0,2,1
714097,714012.0,0,0.0,0,0,2,1
714122,714114.0,0,0.0,0,0,2,1
714136,714114.0,0,0.0,0,0,2,1
710177,710142.0,0,0.0,0,0,2,1
710188,710142.0,0,0.0,0,0,2,1
710200,710142.0,0,0.0,0,0,2,1
710214,710142.0,0,0.0,0,0,2,1
710596,710511.0,0,0.0,0,0,2,1
710608,710511.0,0,0.0,0,0,2,1
710641,710630.0,0,0.0,0,0,2,1
710657,710630.0,0,0.0,0,0,2,1
710672,710630.0,0,0.0,0,0,2,1
701562,701505.0,0,0.0,0,0,2,1
701576,701505.0,0,0.0,0,0,2,1
701586,701505.0,0,0.0,0,0,2,1
701597,701506.0,0,0.0,0,0,2,1
701608,701506.0,0,0.0,0,0,2,1
701633,701623.0,0,0.0,0,0,2,1
701647,701623.0,0,0.0,0,0,2,1
701658,701623.0,0,0.0,0,0,2,1
701560,701513.0,0,0.0,0,0,2,1
701572,701513.0,0,0.0,0,0,2,1
701584,701513.0,0,0.0,0,0,2,1
698755,698673.0,0,0.0,0,0,2,1
698766,698673.0,0,0.0,0,0,2,1
698792,698786.0,0,0.0,0,0,2,1
698803,698788.0,0,0.0,0,0,2,1
694833,694816.0,0,0.0,0,0,2,1
694851,694816.0,0,0.0,0,0,2,1
694894,694816.0,0,0.0,0,0,2,1
691125,691032.0,0,0.0,0,0,2,1
691301,691286.0,0,0.0,0,0,2,1
691345,691286.0,0,0.0,0,0,2,1
691361,691286.0,0,0.0,0,0,2,1
691394,691287.0,0,0.0,0,0,2,1
691449,691288.0,0,0.0,0,0,2,1
686467,686289.0,0,0.0,0,0,2,1
686478,686289.0,0,0.0,0,0,2,1
686521,686289.0,0,0.0,0,0,2,1
686574,686561.0,0,0.0,0,0,2,1
686609,686561.0,0,0.0,0,0,2,1
686655,686561.0,0,0.0,0,0,2,1
686780,686562.0,0,0.0,0,0,2,1
679158,678926.0,0,0.0,0,0,2,1
679171,678928.0,0,0.0,0,0,2,1
679205,678928.0,0,0.0,0,0,2,1
679247,678928.0,0,0.0,0,0,2,1
679281,679270.0,0,0.0,0,0,2,1
679323,679270.0,0,0.0,0,0,2,1
679279,679183.0,0,0.0,0,0,2,1
679324,679184.0,0,0.0,0,0,2,1
679458,679269.0,0,0.0,0,0,2,1
679500,679270.0,0,0.0,0,0,2,1
675921,675649.0,0,0.0,0,0,2,1
675962,675649.0,0,0.0,0,0,2,1
676028,676015.0,0,0.0,0,0,2,1
676071,676015.0,0,0.0,0,0,2,1
676124,676015.0,0,0.0,0,0,2,1
676228,676015.0,0,0.0,0,0,2,1
671812,671559.0,0,0.0,0,0,2,1
671831,671560.0,0,0.0,0,0,2,1
672137,671824.0,0,0.0,0,0,2,1
672152,671824.0,0,0.0,0,0,2,1
672291,672251.0,0,0.0,0,0,2,1
672332,672251.0,0,0.0,0,0,2,1
672370,672251.0,0,0.0,0,0,2,1
672404,672251.0,0,0.0,0,0,2,1
668960,668758.0,0,0.0,0,0,2,1
668978,668758.0,0,0.0,0,0,2,1
669010,668758.0,0,0.0,0,0,2,1
669065,668758.0,0,0.0,0,0,2,1
669120,669110.0,0,0.0,0,0,2,1
669179,669110.0,0,0.0,0,0,2,1
669221,669110.0,0,0.0,0,0,2,1
665078,664948.0,0,0.0,0,0,2,1
665190,664948.0,0,0.0,0,0,2,1
665226,664948.0,0,0.0,0,0,2,1
660275,659956.0,0,0.0,0,0,2,1
660318,659957.0,0,0.0,0,0,2,1
661544,661530.0,0,0.0,0,0,2,1
661594,661531.0,0,0.0,0,0,2,1
661625,661530.0,0,0.0,0,0,2,1
661661,661532.0,0,0.0,0,0,2,1
657632,657462.0,0,0.0,0,0,2,1
657722,657462.0,0,0.0,0,0,2,1
657787,657462.0,0,0.0,0,0,2,1
657826,657462.0,0,0.0,0,0,2,1
657881,657869.0,0,0.0,0,0,2,1
653699,653627.0,0,0.0,0,0,2,1
653760,653627.0,0,0.0,0,0,2,1
653800,653627.0,0,0.0,0,0,2,1
653837,653627.0,0,0.0,0,0,2,1
653939,653627.0,0,0.0,0,0,2,1
653996,653627.0,0,0.0,0,0,2,1
646107,645689.0,0,0.0,0,0,2,1
654180,654165.0,0,0.0,0,0,2,1
646289,646226.0,0,0.0,0,0,2,1
646306,646226.0,0,0.0,0,0,2,1
646357,646226.0,0,0.0,0,0,2,1
646399,646226.0,0,0.0,0,0,2,1
646438,646226.0,0,0.0,0,0,2,1
646686,646402.0,0,0.0,0,0,2,1
646738,646402.0,0,0.0,0,0,2,1
646770,646759.0,0,0.0,0,0,2,1
646815,646761.0,0,0.0,0,0,2,1
646519,646449.0,0,0.0,0,0,2,1
646694,646584.0,0,0.0,0,0,2,1
646712,646584.0,0,0.0,0,0,2,1
642781,642619.0,0,0.0,0,0,2,1
642818,642619.0,0,0.0,0,0,2,1
642855,642619.0,0,0.0,0,0,2,1
642916,642903.0,0,0.0,0,0,2,1
642953,642904.0,0,0.0,0,0,2,1
638437,638349.0,0,0.0,0,0,2,1
638452,638349.0,0,0.0,0,0,2,1
638495,638349.0,0,0.0,0,0,2,1
638535,638349.0,0,0.0,0,0,2,1
638552,638349.0,0,0.0,0,0,2,1
638585,638350.0,0,0.0,0,0,2,1
634723,634711.0,0,0.0,0,0,2,1
634754,634711.0,0,0.0,0,0,2,1
634792,634711.0,0,0.0,0,0,2,1
634806,634711.0,0,0.0,0,0,2,1
630660,630536.0,0,0.0,0,0,2,1
630693,630536.0,0,0.0,0,0,2,1
630740,630537.0,0,0.0,0,0,2,1
630795,630537.0,0,0.0,0,0,2,1
631517,631483.0,0,0.0,0,0,2,1
631617,631484.0,0,0.0,0,0,2,1
627904,627711.0,0,0.0,0,0,2,1
627924,627711.0,0,0.0,0,0,2,1
627959,627711.0,0,0.0,0,0,2,1
628001,627711.0,0,0.0,0,0,2,1
628041,627711.0,0,0.0,0,0,2,1
624617,624271.0,0,0.0,0,0,2,1
624831,624812.0,0,0.0,0,0,2,1
624903,624812.0,0,0.0,0,0,2,1
624957,624812.0,0,0.0,0,0,2,1
625012,624812.0,0,0.0,0,0,2,1
625054,624813.0,0,0.0,0,0,2,1
625099,624813.0,0,0.0,0,0,2,1
620606,620281.0,0,0.0,0,0,2,1
620657,620281.0,0,0.0,0,0,2,1
620722,620708.0,0,0.0,0,0,2,1
620779,620710.0,0,0.0,0,0,2,1
617089,616965.0,0,0.0,0,0,2,1
617130,616965.0,0,0.0,0,0,2,1
617183,616966.0,0,0.0,0,0,2,1
613042,612770.0,0,0.0,0,0,2,1
612636,612299.0,0,0.0,0,0,2,1
613283,612299.0,0,0.0,0,0,2,1
613838,613820.0,0,0.0,0,0,2,1
613906,613820.0,0,0.0,0,0,2,1
613961,613820.0,0,0.0,0,0,2,1
614045,613821.0,0,0.0,0,0,2,1
614119,613821.0,0,0.0,0,0,2,1
610601,610106.0,0,0.0,0,0,2,1
610639,610106.0,0,0.0,0,0,2,1
610673,610106.0,0,0.0,0,0,2,1
610784,610770.0,0,0.0,0,0,2,1
610819,610770.0,0,0.0,0,0,2,1
610852,610770.0,0,0.0,0,0,2,1
610887,610771.0,0,0.0,0,0,2,1
606437,606288.0,0,0.0,0,0,2,1
606469,606287.0,0,0.0,0,0,2,1
606511,606287.0,0,0.0,0,0,2,1
606555,606287.0,0,0.0,0,0,2,1
606611,606596.0,0,0.0,0,0,2,1
606653,606596.0,0,0.0,0,0,2,1
606693,606596.0,0,0.0,0,0,2,1
606731,606596.0,0,0.0,0,0,2,1
602766,602593.0,0,0.0,0,0,2,1
602806,602593.0,0,0.0,0,0,2,1
603284,603032.0,0,0.0,0,0,2,1
603461,603032.0,0,0.0,0,0,2,1
603540,603526.0,0,0.0,0,0,2,1
603589,603526.0,0,0.0,0,0,2,1
603648,603526.0,0,0.0,0,0,2,1
603692,603527.0,0,0.0,0,0,2,1
600021,599812.0,0,0.0,0,0,2,1
600063,599812.0,0,0.0,0,0,2,1
600104,599812.0,0,0.0,0,0,2,1
600150,599813.0,0,0.0,0,0,2,1
600207,600192.0,0,0.0,0,0,2,1
600248,600192.0,0,0.0,0,0,2,1
600288,600192.0,0,0.0,0,0,2,1
595647,595509.0,0,0.0,0,0,2,1
595689,595509.0,0,0.0,0,0,2,1
595727,595509.0,0,0.0,0,0,2,1
595764,595509.0,0,0.0,0,0,2,1
595809,595509.0,0,0.0,0,0,2,1
596196,595881.0,0,0.0,0,0,2,1
596257,595882.0,0,0.0,0,0,2,1
596272,595881.0,0,0.0,0,0,2,1
592490,592085.0,0,0.0,0,0,2,1
592537,592085.0,0,0.0,0,0,2,1
592576,592085.0,0,0.0,0,0,2,1
592626,592086.0,0,0.0,0,0,2,1
592674,592086.0,0,0.0,0,0,2,1
592720,592706.0,0,0.0,0,0,2,1
588796,588726.0,0,0.0,0,0,2,1
588857,588726.0,0,0.0,0,0,2,1
588906,588726.0,0,0.0,0,0,2,1
588993,588726.0,0,0.0,0,0,2,1
589070,588726.0,0,0.0,0,0,2,1
589387,588727.0,0,0.0,0,0,2,1
581952,581224.0,0,0.0,0,0,2,1
582068,582053.0,0,0.0,0,0,2,1
582108,582054.0,0,0.0,0,0,2,1
582124,582054.0,0,0.0,0,0,2,1
582165,582055.0,0,0.0,0,0,2,1
582086,581923.0,0,0.0,0,0,2,1
582135,581922.0,0,0.0,0,0,2,1
582162,581923.0,0,0.0,0,0,2,1
582215,581923.0,0,0.0,0,0,2,1
582388,582373.0,0,0.0,0,0,2,1
578399,578338.0,0,0.0,0,0,2,1
578418,578338.0,0,0.0,0,0,2,1
578452,578338.0,0,0.0,0,0,2,1
578504,578339.0,0,0.0,0,0,2,1
578551,578339.0,0,0.0,0,0,2,1
573232,572964.0,0,0.0,0,0,2,1
573247,572964.0,0,0.0,0,0,2,1
573525,573509.0,0,0.0,0,0,2,1
573782,573723.0,0,0.0,0,0,2,1
573831,573724.0,0,0.0,0,0,2,1
570369,570069.0,0,0.0,0,0,2,1
570442,570069.0,0,0.0,0,0,2,1
570513,570069.0,0,0.0,0,0,2,1
570555,570069.0,0,0.0,0,0,2,1
570597,570069.0,0,0.0,0,0,2,1
570665,570649.0,0,0.0,0,0,2,1
567215,566151.0,0,0.0,0,0,2,1
567304,566151.0,0,0.0,0,0,2,1
568156,566393.0,0,0.0,0,0,2,1
568225,566394.0,0,0.0,0,0,2,1
568506,566619.0,0,0.0,0,0,2,1
568568,566619.0,0,0.0,0,0,2,1
568624,566619.0,0,0.0,0,0,2,1
568700,568684.0,0,0.0,0,0,2,1
568748,568684.0,0,0.0,0,0,2,1
568766,568684.0,0,0.0,0,0,2,1
568816,568684.0,0,0.0,0,0,2,1
568858,568684.0,0,0.0,0,0,2,1
560876,560522.0,0,0.0,0,0,2,1
561229,560833.0,0,0.0,0,0,2,1
561269,560835.0,0,0.0,0,0,2,1
561303,561293.0,0,0.0,0,0,2,1
561344,561293.0,0,0.0,0,0,2,1
561076,560981.0,0,0.0,0,0,2,1
561130,560982.0,0,0.0,0,0,2,1
561203,560981.0,0,0.0,0,0,2,1
561258,560982.0,0,0.0,0,0,2,1
553800,553505.0,0,0.0,0,0,2,1
553836,553505.0,0,0.0,0,0,2,1
553998,553985.0,0,0.0,0,0,2,1
554016,553986.0,0,0.0,0,0,2,1
554056,553986.0,0,0.0,0,0,2,1
554098,553987.0,0,0.0,0,0,2,1
554122,553987.0,0,0.0,0,0,2,1
554184,553987.0,0,0.0,0,0,2,1
554200,553987.0,0,0.0,0,0,2,1
554214,553987.0,0,0.0,0,0,2,1
550454,550432.0,0,0.0,0,0,2,1
550504,550432.0,0,0.0,0,0,2,1
550618,550432.0,0,0.0,0,0,2,1
550696,550432.0,0,0.0,0,0,2,1
550750,550433.0,0,0.0,0,0,2,1
550768,550432.0,0,0.0,0,0,2,1
550821,550433.0,0,0.0,0,0,2,1
550865,550434.0,0,0.0,0,0,2,1
550854,550840.0,0,0.0,0,0,2,1
550909,550840.0,0,0.0,0,0,2,1
550929,550840.0,0,0.0,0,0,2,1
550979,550841.0,0,0.0,0,0,2,1
551022,550841.0,0,0.0,0,0,2,1
551071,550841.0,0,0.0,0,0,2,1
551124,550841.0,0,0.0,0,0,2,1
543467,543135.0,0,0.0,0,0,2,1
543535,543522.0,0,0.0,0,0,2,1
543577,543522.0,0,0.0,0,0,2,1
543620,543522.0,0,0.0,0,0,2,1
543636,543522.0,0,0.0,0,0,2,1
543695,543523.0,0,0.0,0,0,2,1
543721,543435.0,0,0.0,0,0,2,1
543781,543435.0,0,0.0,0,0,2,1
543850,543435.0,0,0.0,0,0,2,1
543979,543965.0,0,0.0,0,0,2,1
544040,543965.0,0,0.0,0,0,2,1
544151,544052.0,0,0.0,0,0,2,1
544204,544053.0,0,0.0,0,0,2,1
535337,535162.0,0,0.0,0,0,2,1
535382,535162.0,0,0.0,0,0,2,1
535441,535163.0,0,0.0,0,0,2,1
535495,535163.0,0,0.0,0,0,2,1
535552,535538.0,0,0.0,0,0,2,1
535541,535471.0,0,0.0,0,0,2,1
535583,535471.0,0,0.0,0,0,2,1
535648,535471.0,0,0.0,0,0,2,1
535689,535471.0,0,0.0,0,0,2,1
535758,535471.0,0,0.0,0,0,2,1
535800,535471.0,0,0.0,0,0,2,1
535815,535471.0,0,0.0,0,0,2,1
535934,535920.0,0,0.0,0,0,2,1
535947,535920.0,0,0.0,0,0,2,1
535975,535920.0,0,0.0,0,0,2,1
528823,528724.0,0,0.0,0,0,2,1
528877,528724.0,0,0.0,0,0,2,1
528894,528724.0,0,0.0,0,0,2,1
528740,528530.0,0,0.0,0,0,2,1
528786,528530.0,0,0.0,0,0,2,1
528838,528825.0,0,0.0,0,0,2,1
520928,520874.0,0,0.0,0,0,2,1
520970,520874.0,0,0.0,0,0,2,1
521099,520960.0,0,0.0,0,0,2,1
521029,520875.0,0,0.0,0,0,2,1
521159,520960.0,0,0.0,0,0,2,1
521226,520960.0,0,0.0,0,0,2,1
521272,520960.0,0,0.0,0,0,2,1
521337,521319.0,0,0.0,0,0,2,1
521402,521320.0,0,0.0,0,0,2,1
521442,521320.0,0,0.0,0,0,2,1
521483,521321.0,0,0.0,0,0,2,1
521386,521186.0,0,0.0,0,0,2,1
521456,521186.0,0,0.0,0,0,2,1
521555,521234.0,0,0.0,0,0,2,1
521573,521234.0,0,0.0,0,0,2,1
521628,521614.0,0,0.0,0,0,2,1
521668,521614.0,0,0.0,0,0,2,1
521716,521614.0,0,0.0,0,0,2,1
513762,513644.0,0,0.0,0,0,2,1
513810,513644.0,0,0.0,0,0,2,1
513861,513645.0,0,0.0,0,0,2,1
513877,513645.0,0,0.0,0,0,2,1
513606,513347.0,0,0.0,0,0,2,1
513665,513652.0,0,0.0,0,0,2,1
513698,513652.0,0,0.0,0,0,2,1
513742,513652.0,0,0.0,0,0,2,1
513757,513652.0,0,0.0,0,0,2,1
509701,509564.0,0,0.0,0,0,2,1
514132,513948.0,0,0.0,0,0,2,1
509787,509564.0,0,0.0,0,0,2,1
509828,509564.0,0,0.0,0,0,2,1
509857,509848.0,0,0.0,0,0,2,1
509916,509848.0,0,0.0,0,0,2,1
509956,509848.0,0,0.0,0,0,2,1
510478,510330.0,0,0.0,0,0,2,1
510535,510330.0,0,0.0,0,0,2,1
510581,510330.0,0,0.0,0,0,2,1
505906,505519.0,0,0.0,0,0,2,1
510734,510330.0,0,0.0,0,0,2,1
510866,510843.0,0,0.0,0,0,2,1
506104,506031.0,0,0.0,0,0,2,1
506141,506031.0,0,0.0,0,0,2,1
506488,506343.0,0,0.0,0,0,2,1
506520,506343.0,0,0.0,0,0,2,1
507007,506792.0,0,0.0,0,0,2,1
507264,506792.0,0,0.0,0,0,2,1
507320,506792.0,0,0.0,0,0,2,1
503114,503098.0,0,0.0,0,0,2,1
503411,503352.0,0,0.0,0,0,2,1
503195,503099.0,0,0.0,0,0,2,1
503630,503352.0,0,0.0,0,0,2,1
504055,503352.0,0,0.0,0,0,2,1
504134,503352.0,0,0.0,0,0,2,1
504157,503352.0,0,0.0,0,0,2,1
504193,503353.0,0,0.0,0,0,2,1
504239,504226.0,0,0.0,0,0,2,1
500361,500304.0,0,0.0,0,0,2,1
500381,500304.0,0,0.0,0,0,2,1
500418,500304.0,0,0.0,0,0,2,1
500436,500304.0,0,0.0,0,0,2,1
500475,500304.0,0,0.0,0,0,2,1
500494,500304.0,0,0.0,0,0,2,1
500525,500304.0,0,0.0,0,0,2,1
495873,495836.0,0,0.0,0,0,2,1
495954,495836.0,0,0.0,0,0,2,1
495969,495836.0,0,0.0,0,0,2,1
495999,495837.0,0,0.0,0,0,2,1
496017,495837.0,0,0.0,0,0,2,1
496028,495837.0,0,0.0,0,0,2,1
496055,495837.0,0,0.0,0,0,2,1
496067,495837.0,0,0.0,0,0,2,1
488610,488600.0,0,0.0,0,0,2,1
488622,488600.0,0,0.0,0,0,2,1
488632,488600.0,0,0.0,0,0,2,1
488641,488600.0,0,0.0,0,0,2,1
488935,488885.0,0,0.0,0,0,2,1
488659,488601.0,0,0.0,0,0,2,1
488952,488885.0,0,0.0,0,0,2,1
488962,488885.0,0,0.0,0,0,2,1
488990,488980.0,0,0.0,0,0,2,1
488641,488619.0,0,0.0,0,0,2,1
488650,488619.0,0,0.0,0,0,2,1
488659,488620.0,0,0.0,0,0,2,1
488691,488620.0,0,0.0,0,0,2,1
488701,488620.0,0,0.0,0,0,2,1
488726,488620.0,0,0.0,0,0,2,1
488812,488695.0,0,0.0,0,0,2,1
488840,488831.0,0,0.0,0,0,2,1
488852,488831.0,0,0.0,0,0,2,1
484968,484923.0,0,0.0,0,0,2,1
484991,484923.0,0,0.0,0,0,2,1
485017,484924.0,0,0.0,0,0,2,1
485089,484924.0,0,0.0,0,0,2,1
485351,485158.0,0,0.0,0,0,2,1
485364,485160.0,0,0.0,0,0,2,1
481064,481039.0,0,0.0,0,0,2,1
481075,481039.0,0,0.0,0,0,2,1
481084,481039.0,0,0.0,0,0,2,1
481109,481040.0,0,0.0,0,0,2,1
481122,481041.0,0,0.0,0,0,2,1
481307,481215.0,0,0.0,0,0,2,1
481319,481215.0,0,0.0,0,0,2,1
476757,476626.0,0,0.0,0,0,2,1
476857,476847.0,0,0.0,0,0,2,1
477754,477728.0,0,0.0,0,0,2,1
477782,477728.0,0,0.0,0,0,2,1
477793,477728.0,0,0.0,0,0,2,1
473521,473444.0,0,0.0,0,0,2,1
473548,473444.0,0,0.0,0,0,2,1
464679,464561.0,0,0.0,0,0,2,1
464690,464561.0,0,0.0,0,0,2,1
464712,464703.0,0,0.0,0,0,2,1
464725,464703.0,0,0.0,0,0,2,1
464735,464703.0,0,0.0,0,0,2,1
464749,464704.0,0,0.0,0,0,2,1
464664,464608.0,0,0.0,0,0,2,1
464675,464608.0,0,0.0,0,0,2,1
464686,464608.0,0,0.0,0,0,2,1
464699,464608.0,0,0.0,0,0,2,1
464822,464813.0,0,0.0,0,0,2,1
464834,464813.0,0,0.0,0,0,2,1
460918,460874.0,0,0.0,0,0,2,1
460945,460874.0,0,0.0,0,0,2,1
460955,460874.0,0,0.0,0,0,2,1
460981,460874.0,0,0.0,0,0,2,1
460995,460874.0,0,0.0,0,0,2,1
457907,457649.0,0,0.0,0,0,2,1
458054,458023.0,0,0.0,0,0,2,1
453500,453450.0,0,0.0,0,0,2,1
453532,453450.0,0,0.0,0,0,2,1
453547,453450.0,0,0.0,0,0,2,1
449995,449869.0,0,0.0,0,0,2,1
450182,450040.0,0,0.0,0,0,2,1
450210,450040.0,0,0.0,0,0,2,1
450225,450040.0,0,0.0,0,0,2,1
450286,450273.0,0,0.0,0,0,2,1
450325,450274.0,0,0.0,0,0,2,1
446021,445906.0,0,0.0,0,0,2,1
446071,445906.0,0,0.0,0,0,2,1
446090,445906.0,0,0.0,0,0,2,1
446102,445906.0,0,0.0,0,0,2,1
442349,442110.0,0,0.0,0,0,2,1
442453,442110.0,0,0.0,0,0,2,1
442510,442496.0,0,0.0,0,0,2,1
442527,442496.0,0,0.0,0,0,2,1
442775,442721.0,0,0.0,0,0,2,1
442576,442496.0,0,0.0,0,0,2,1
442812,442722.0,0,0.0,0,0,2,1
438632,438516.0,0,0.0,0,0,2,1
438647,438516.0,0,0.0,0,0,2,1
438660,438516.0,0,0.0,0,0,2,1
438689,438680.0,0,0.0,0,0,2,1
438701,438680.0,0,0.0,0,0,2,1
438710,438680.0,0,0.0,0,0,2,1
438719,438680.0,0,0.0,0,0,2,1
438728,438681.0,0,0.0,0,0,2,1
433896,433838.0,0,0.0,0,0,2,1
433907,433838.0,0,0.0,0,0,2,1
433919,433838.0,0,0.0,0,0,2,1
433944,433935.0,0,0.0,0,0,2,1
433957,433936.0,0,0.0,0,0,2,1
429337,429290.0,0,0.0,0,0,2,1
429361,429291.0,0,0.0,0,0,2,1
430484,430402.0,0,0.0,0,0,2,1
430497,430402.0,0,0.0,0,0,2,1
430513,430402.0,0,0.0,0,0,2,1
430558,430402.0,0,0.0,0,0,2,1
430678,430664.0,0,0.0,0,0,2,1
427245,427213.0,0,0.0,0,0,2,1
427261,427213.0,0,0.0,0,0,2,1
427282,427214.0,0,0.0,0,0,2,1
427302,427213.0,0,0.0,0,0,2,1
427328,427214.0,0,0.0,0,0,2,1
427351,427214.0,0,0.0,0,0,2,1
423270,423110.0,0,0.0,0,0,2,1
423307,423292.0,0,0.0,0,0,2,1
423324,423294.0,0,0.0,0,0,2,1
423336,423294.0,0,0.0,0,0,2,1
423355,423294.0,0,0.0,0,0,2,1
423375,423294.0,0,0.0,0,0,2,1
423391,423295.0,0,0.0,0,0,2,1
423402,423294.0,0,0.0,0,0,2,1
418612,418484.0,0,0.0,0,0,2,1
418656,418642.0,0,0.0,0,0,2,1
419006,418975.0,0,0.0,0,0,2,1
418690,418642.0,0,0.0,0,0,2,1
419038,418975.0,0,0.0,0,0,2,1
419048,418975.0,0,0.0,0,0,2,1
419067,418976.0,0,0.0,0,0,2,1
419115,418977.0,0,0.0,0,0,2,1
415477,415271.0,0,0.0,0,0,2,1
415585,415573.0,0,0.0,0,0,2,1
415632,415573.0,0,0.0,0,0,2,1
415650,415573.0,0,0.0,0,0,2,1
415664,415573.0,0,0.0,0,0,2,1
415677,415573.0,0,0.0,0,0,2,1
415689,415573.0,0,0.0,0,0,2,1
415702,415573.0,0,0.0,0,0,2,1
415714,415573.0,0,0.0,0,0,2,1
411757,411747.0,0,0.0,0,0,2,1
411770,411748.0,0,0.0,0,0,2,1
411781,411748.0,0,0.0,0,0,2,1
411792,411748.0,0,0.0,0,0,2,1
412044,411989.0,0,0.0,0,0,2,1
407543,407476.0,0,0.0,0,0,2,1
407585,407475.0,0,0.0,0,0,2,1
407698,407566.0,0,0.0,0,0,2,1
407737,407724.0,0,0.0,0,0,2,1
407754,407724.0,0,0.0,0,0,2,1
407772,407724.0,0,0.0,0,0,2,1
407787,407724.0,0,0.0,0,0,2,1
407807,407724.0,0,0.0,0,0,2,1
407823,407724.0,0,0.0,0,0,2,1
407835,407725.0,0,0.0,0,0,2,1
403989,403858.0,0,0.0,0,0,2,1
404040,404028.0,0,0.0,0,0,2,1
404055,404028.0,0,0.0,0,0,2,1
404071,404028.0,0,0.0,0,0,2,1
404090,404028.0,0,0.0,0,0,2,1
404113,404028.0,0,0.0,0,0,2,1
404136,404028.0,0,0.0,0,0,2,1
398613,398483.0,0,0.0,0,0,2,1
13039228,2607789.4,3259797.25,4572535.959699421,5004387.434820394,2,10,1
13038755,2607681.6,3259666.75,4572414.217677659,5004328.097908341,2,10,1
13038340,2607583.4,3259574.75,4572288.520196129,5004225.677387154,2,10,1
13037908,2607490.6,3259473.75,4572113.366920193,5004054.299470605,2,10,1
13037625,2607418.2,3259402.75,4571933.7505405415,5003708.633863578,2,10,1
13037061,2607299.0,3259255.75,4571825.33047026,5003619.551635553,2,10,1
13036569,2607234.4,3259138.75,4571639.036543929,5003431.352125751,2,10,1
13036354,2607174.6,3259077.0,4571500.866683917,5003232.975676694,2,10,1
13035973,2607087.8,3258984.0,4571243.503616297,5002947.817992908,2,10,1
13034999,2606852.6,3258745.75,4570908.929942906,5002617.044935206,2,10,1
13035551,2606959.6,3258875.5,4571124.181162475,5002833.270501993,2,10,1
13034716,2606792.2,3258666.75,4570803.172184644,5002458.774640619,2,10,1
13033712,2606657.6,3258424.5,4570367.86771145,5002002.54999272,2,10,1
13032377,2606390.4,3258083.25,4569805.68807967,5001354.407942071,2,10,1
13031755,2606312.4,3257932.25,4569511.912075052,5001050.8069640305,2,10,1
13031068,2606205.6,3257760.75,4569332.201728421,5000798.142948208,2,10,1
13034796,2606701.8,3258685.0,4570601.927966349,5002221.205230665,2,10,1
13030780,2606134.8,3257690.25,4569111.255184065,5000523.313733365,2,10,1
13033885,2606533.8,3258467.0,4570240.795868824,5001848.236629136,2,10,1
13030101,2605988.4,3257513.5,4567841.834851585,4999027.800998143,2,10,1
13033747,2606470.2,3258433.0,4570046.2363857655,5001562.140050313,2,10,1
13032856,2606291.2,3258206.75,4569662.811150151,5001157.840718912,2,10,1
13032015,2606262.0,3257995.0,4569360.2313767085,5000865.514852004,2,10,1
13030759,2606076.2,3257684.5,4568359.691566843,4999629.533898787,2,10,1
13028690,2605706.6,3257133.5,4567740.2707066,4999043.739077872,2,10,1
13029618,2605880.0,3257393.5,4567800.798269831,4999038.762181552,2,10,1
13028245,2605622.8,3257054.25,4567543.374632878,4998753.817171928,2,10,1
13027971,2605552.0,3256985.25,4566715.247884139,4997647.270926216,2,10,1
13025064,2604952.2,3256248.25,4566264.770991406,4997392.146416927,2,10,1
13027438,2605417.2,3256835.25,4566463.751107053,4997502.224914787,2,10,1
13024406,2604839.4,3256095.0,4565925.213662758,4996970.4113181755,2,10,1
13026001,2605079.0,3256487.25,4566367.747129221,4997445.633154093,2,10,1
13025134,2604914.6,3256277.0,4566104.235165279,4997141.469159143,2,10,1
13023878,2604708.0,3255961.25,4565472.985973469,4996433.911252596,2,10,1
13023317,2604643.4,3255823.0,4565276.451836548,4996220.6510686325,2,10,1
13022809,2604544.2,3255695.25,4564878.304892442,4995774.244386041,2,10,1
13025227,2604734.4,3256296.75,4565822.856199067,4996833.872623568,2,10,1
13024793,2604779.6,3256194.75,4565585.330201627,4996520.648544636,2,10,1
13022471,2604448.4,3255610.5,4564790.45002493,4995662.987288774,2,10,1
13024085,2604707.0,3256018.0,4565346.4533131,4996285.448114495,2,10,1
13023581,2604577.8,3255886.25,4565086.3082594285,4995968.283912964,2,10,1
13022552,2604367.2,3255635.5,4564641.68639694,4995482.916267088,2,10,1
13022482,2604448.8,3255613.0,4564460.466633072,4995277.265613391,2,10,1
13022155,2604396.0,3255529.25,4564418.223449019,4995231.34185791,2,10,1
13021839,2604321.2,3255456.25,4564256.877599868,4995034.284160311,2,10,1
13021282,2604240.2,3255292.25,4563918.2015634,4994673.744848698,2,10,1
13020134,2603989.2,3255030.0,4563584.096052432,4994300.517056618,2,10,1
13020116,2604003.2,3255026.25,4563373.636394757,4994047.768464332,2,10,1
13022287,2604330.6,3255563.5,4564071.988387431,4994819.045256161,2,10,1
13019736,2603924.4,3254924.0,4562974.216987786,4993563.604898677,2,10,1
13021645,2604139.4,3255408.0,4563621.784907553,4994295.879063834,2,10,1
13020209,2603941.2,3255036.5,4563192.563654497,4993815.951122515,2,10,1
13019223,2603830.2,3254801.5,4562686.463396723,4993176.291073816,2,10,1
13018570,2603660.0,3254632.5,4562437.821253623,4992960.312278378,2,10,1
13017525,2603464.0,3254372.25,4561799.031637354,4992270.582168824,2,10,1
13018229,2603566.0,3254553.0,4562027.618375572,4992501.170346249,2,10,1
13016969,2603361.4,3254233.0,4561612.653123378,4992041.807281598,2,10,1
13016781,2603330.6,3254191.75,4561484.324014367,4991891.637222599,2,10,1
13016420,2603241.4,3254101.75,4561347.059232043,4991743.56673353,2,10,1
13015770,2603130.6,3253935.5,4560944.365967129,4991276.239268436,2,10,1
13014997,2602980.2,3253742.75,4560714.915942093,4991036.216321174,2,10,1
13018031,2603453.8,3254491.25,4561696.393182004,4992074.71066265,2,10,1
13014505,2602875.6,3253619.25,4560422.77744326,4990699.661100327,2,10,1
13013952,2602769.4,3253479.75,4560092.475774785,4990269.071864053,2,10,1
13016806,2603199.6,3254198.5,4561196.487837517,4991521.603251825,2,10,1
13016211,2603072.6,3254036.25,4560885.111813803,4991186.912441594,2,10,1
13015495,2602956.0,3253864.75,4560606.727874648,4990868.609979254,2,10,1
13014751,2602856.2,3253678.5,4560310.537430121,4990543.497160771,2,10,1
13013688,2602720.8,3253418.5,4559926.334524133,4990111.857418996,2,10,1
13014301,2602827.2,3253571.0,4559967.119708726,4990136.571001707,2,10,1
13013283,2602622.8,3253317.75,4559694.084900729,4989855.598361765,2,10,1
13012974,2602542.2,3253232.25,4559492.962413058,4989666.954855296,2,10,1
13012159,2602405.2,3253036.0,4559246.890424524,4989397.170212382,2,10,1
13010997,2602150.0,3252742.5,4558655.132180104,4988686.916850331,2,10,1
13010443,2602066.2,3252601.5,4558370.992238752,4988374.16798817,2,10,1
13009744,2601911.6,3252428.25,4558147.478683451,4988125.456499557,2,10,1
13009076,2601785.4,3252262.5,4557919.4337515235,4987879.407554042,2,10,1
13008699,2601703.6,3252170.75,4557785.119761769,4987724.954770419,2,10,1
13007971,2601560.2,3251977.75,4557223.661737835,4987085.279963128,2,10,1
13006965,2601351.8,3251730.75,4556908.915767485,4986731.771481155,2,10,1
13013732,2602508.4,3253423.5,4559489.04009696,4989569.99620485,2,10,1
13012894,2602310.8,3253220.75,4559187.421306751,4989224.4737944575,2,10,1
13012504,2602226.8,3253119.25,4558836.762104638,4988835.3002731595,2,10,1
13011693,2602123.4,3252903.75,4558503.586199127,4988472.832307724,2,10,1
13006639,2601309.0,3251638.5,4556242.298895714,4985941.521595863,2,10,1
13011100,2601980.4,3252765.75,4558284.412355026,4988205.3648818005,2,10,1
13010453,2601842.8,3252604.25,4558023.95673396,4987949.738716926,2,10,1
13009293,2601644.4,3252320.0,4557473.012485955,4987307.98376285,2,10,1
13008537,2601449.4,3252106.5,4557056.215731632,4986874.363975729,2,10,1
13007633,2601424.6,3251893.75,4556626.3534717,4986397.796510448,2,10,1
13006587,2601238.6,3251636.5,4556158.292491197,4985861.730861276,2,10,1
13007026,2601375.8,3251722.0,4555958.0110123595,4985648.6218017815,2,10,1
13005871,2601125.8,3251462.5,4555519.857501304,4985081.812128563,2,10,1
13004917,2600951.2,3251220.25,4555152.433724112,4984710.749456474,2,10,1
13004106,2600778.0,3251019.0,4554895.320772531,4984416.633172298,2,10,1
13002957,2600535.8,3250724.75,4554331.203697058,4983806.873172112,2,10,1
13001792,2600297.0,3250443.25,4553948.060550483,4983377.797203845,2,10,1
13001320,2600214.8,3250326.5,4553772.708440904,4983184.740698027,2,10,1
13000994,2600137.0,3250245.75,4553672.364824682,4983073.190100287,2,10,1
13000132,2599958.6,3250029.5,4553436.035418561,4982864.820287322,2,10,1
13006787,2601242.8,3251692.5,4555730.936666552,4985369.107977831,2,10,1
12999902,2599893.2,3249972.75,4553261.608719369,4982664.936535962,2,10,1
12999581,2599828.2,3249892.5,4553181.595065004,4982512.775948731,2,10,1
12999119,2599735.6,3249776.75,4552961.921970993,4982291.690845112,2,10,1
12998778,2599667.4,3249686.75,4552846.781661426,4982184.414529928,2,10,1
12998337,2599571.6,3249574.5,4552636.004433289,4981892.912863174,2,10,1
12997905,2599469.6,3249473.25,4552374.547945204,4981584.490214024,2,10,1
12997527,2599387.6,3249372.5,4552329.430285642,4981567.212830216,2,10,1
12997116,2599293.4,3249275.25,4552176.718521404,4981388.14199726,2,10,1
13006018,2601015.4,3251498.75,4555349.82999553,4984878.424994227,2,10,1
12996330,2599118.0,3249074.0,4551797.598627162,4980963.6470432775,2,10,1
13005169,2600847.8,3251288.0,4555039.476311452,4984528.550599144,2,10,1
13004435,2600698.8,3251102.0,4554771.958485705,4984236.308405866,2,10,1
12995883,2599008.0,3248966.5,4551660.77253111,4980822.966124206,2,10,1
12995585,2598933.8,3248884.25,4551393.9099322865,4980533.601189091,2,10,1
12995238,2598865.8,3248790.25,4551332.85814136,4980455.615023682,2,10,1
12994752,2598757.4,3248677.0,4551140.6270584855,4980242.817640454,2,10,1
13004300,2600629.2,3251066.25,4554490.8451093845,4983909.391994493,2,10,1
13003301,2600426.6,3250821.0,4554251.591457184,4983632.356242048,2,10,1
12994410,2598681.0,3248593.75,4550948.467008993,4980012.321152856,2,10,1
12993925,2598582.0,3248468.0,4550972.685443245,4980040.7638761345,2,10,1
12993094,2598404.6,3248266.75,4550482.880584027,4979505.30201454,2,10,1
13001370,2600040.0,3250338.75,4553540.736541675,4982874.747492347,2,10,1
12992055,2598183.6,3248002.5,4550104.9262731075,4979091.271375698,2,10,1
12991126,2598002.6,3247772.5,4549832.06445472,4978807.84081387,2,10,1
12990325,2597842.2,3247574.75,4549482.9102742765,4978412.748791083,2,10,1
12989316,2597638.4,3247326.0,4549261.809665146,4978171.179132687,2,10,1
12988933,2597560.2,3247229.5,4549098.250670972,4977973.079278385,2,10,1
12987438,2597266.4,3246853.25,4548418.599048443,4977249.159164888,2,10,1
12986496,2597075.4,3246621.75,4548124.147252392,4976931.403827823,2,10,1
12985797,2596924.4,3246438.5,4547858.01672428,4976625.825769002,2,10,1
12985000,2596758.6,3246247.0,4547587.120069312,4976340.547679255,2,10,1
12984309,2596619.6,3246074.25,4547287.904084346,4975987.467835798,2,10,1
12997488,2599213.0,3249363.0,4551879.505807629,4981029.243912213,2,10,1
12983662,2596520.8,3245912.25,4547049.4323721845,4975756.311276198,2,10,1
12981902,2596156.4,3245450.0,4545822.185005954,4974331.033690124,2,10,1
12980421,2595849.2,3245096.0,4545642.004627257,4974144.169188706,2,10,1
12979601,2595675.2,3244896.5,4545292.773794357,4973779.3814501865,2,10,1
12979151,2595579.4,3244775.75,4545205.028597148,4973680.730272258,2,10,1
12994112,2598476.8,3248520.0,4550563.418438447,4979558.442885406,2,10,1
12993043,2598262.4,3248256.5,4550266.141374459,4979230.422779574,2,10,1
12978456,2595435.8,3244599.25,4544904.070492654,4973373.65879543,2,10,1
12992257,2598092.6,3248043.75,4550010.871454408,4978977.403241779,2,10,1
12977575,2595247.4,3244382.25,4544484.36927126,4972863.072575286,2,10,1
12991567,2597916.6,3247882.75,4549718.45710466,4978629.984649684,2,10,1
12990957,2597748.4,3247724.5,4549352.863030884,4978239.242034778,2,10,1
12989774,2597465.2,3247439.5,4548673.045704835,4977438.987234198,2,10,1
12989340,2597378.0,3247327.0,4548563.515575385,4977316.115342418,2,10,1
12988366,2597168.8,3247081.0,4548344.400308776,4977101.868159086,2,10,1
12987771,2597014.8,3246934.75,4547872.402324651,4976592.233225019,2,10,1
12987074,2596827.2,3246760.5,4547763.879696834,4976453.309174751,2,10,1
12986346,2596687.2,3246583.5,4547477.772764832,4976120.424686719,2,10,1
12985743,2596548.2,3246426.25,4547219.104871207,4975841.779029914,2,10,1
12985217,2596442.6,3246301.25,4546095.915490269,4974424.639989525,2,10,1
12978149,2595580.0,3244533.25,4544167.059383656,4972503.956033443,2,10,1
12977428,2595471.0,3244352.75,4543807.824771587,4972054.441168317,2,10,1
12983046,2595950.4,3245749.0,4545838.076149194,4974271.733188488,2,10,1
12982493,2595770.6,3245615.0,4545495.433876411,4973867.916311074,2,10,1
12977113,2595390.6,3244270.5,4543481.714114606,4971689.949118475,2,10,1
12976106,2595205.6,3244018.25,4542869.420274899,4970973.602941672,2,10,1
12981429,2595507.6,3245347.75,4545078.543174122,4973407.609476048,2,10,1
12975236,2595010.4,3243797.25,4542625.669087516,4970738.596376825,2,10,1
12980723,2595340.2,3245174.0,4544631.127135755,4972923.515838746,2,10,1
12979843,2595526.0,3244956.5,4544374.483291457,4972651.201395255,2,10,1
12979030,2595564.2,3244753.5,4543934.8024469605,4972181.637553111,2,10,1
12978152,2595466.4,3244528.25,4543652.160724873,4971847.594231369,2,10,1
12977420,2595311.8,3244352.25,4543356.199184552,4971523.90531075,2,10,1
12977128,2595248.2,3244274.75,4543119.953830869,4971224.751631223,2,10,1
12976297,2595111.0,3244059.0,4542728.759375526,4970793.887520987,2,10,1
12975380,2595045.0,3243835.5,4542069.783091295,4970036.644478288,2,10,1
12974397,2594859.6,3243592.25,4542002.367540808,4970003.180389618,2,10,1
12976074,2595132.4,3244014.25,4542308.078305048,4970278.750752609,2,10,1
12973829,2594746.8,3243453.75,4541525.836810213,4969474.51506987,2,10,1
12975021,2594941.2,3243738.75,4542043.360540243,4970017.801481022,2,10,1
12974293,2594790.4,3243565.75,4541716.372821877,4969613.575556647,2,10,1
12973004,2594583.6,3243246.75,4541299.485173468,4969244.601493831,2,10,1
12973543,2594653.6,3243381.5,4541408.072288627,4969361.400155992,2,10,1
12972877,2594520.0,3243215.0,4540988.856877156,4968910.837409408,2,10,1
12972083,2594376.0,3243001.25,4540622.582920486,4968423.44041839,2,10,1
12972515,2594437.8,3243121.5,4540803.662672193,4968584.205722022,2,10,1
12972049,2594385.6,3243003.75,4540387.448137527,4968137.106826218,2,10,1
12971768,2594311.2,3242932.75,4540241.415586588,4967982.748448333,2,10,1
12971591,2594254.6,3242891.0,4540119.432181857,4967862.943884087,2,10,1
12971265,2594174.0,3242812.5,4539993.234273648,4967671.163981334,2,10,1
12971125,2594167.8,3242778.5,4539879.442105065,4967542.666234651,2,10,1
12971091,2594196.0,3242764.0,4539693.405778687,4967318.178064095,2,10,1
12970837,2594151.4,3242686.0,4539590.952241215,4967224.100831436,2,10,1
12970405,2594046.2,3242597.5,4539481.932615186,4967113.705149132,2,10,1
12969898,2593961.8,3242466.25,4538973.033121556,4966498.290021409,2,10,1
12970450,2594010.2,3242609.5,4539251.675054348,4966799.666834872,2,10,1
12969100,2593789.8,3242271.5,4538777.515053717,4966310.139189088,2,10,1
12969708,2593850.6,3242417.5,4538889.663853793,4966419.02160262,2,10,1
12968992,2593761.0,3242245.5,4538572.859997898,4966040.425797967,2,10,1
12969043,2593783.2,3242252.25,4538325.227438388,4965750.926537789,2,10,1
12968709,2593728.8,3242169.75,4538152.113858316,4965599.469650526,2,10,1
12967583,2593500.8,3241882.0,4537757.598496553,4965119.006079982,2,10,1
12968126,2593598.4,3242027.25,4537855.144574671,4965258.591106433,2,10,1
12967181,2593407.0,3241784.75,4537467.208635893,4964770.935818783,2,10,1
12966771,2593316.6,3241689.25,4537318.861555831,4964615.153988566,2,10,1
12966043,2593161.4,3241504.0,4537048.985344802,4964326.275174709,2,10,1
12967756,2593500.6,3241929.25,4537553.981491162,4964870.7111147335,2,10,1
12965762,2593122.8,3241431.25,4536966.91352204,4964237.333448874,2,10,1
12965229,2593015.8,3241304.25,4536822.244907188,4964107.117661972,2,10,1
12964846,2592937.2,3241207.75,4536657.866977099,4963927.9260717435,2,10,1
12966528,2593230.0,3241628.5,4537189.910772801,4964466.8871637825,2,10,1
12964642,2592865.8,3241157.0,4536456.595393557,4963718.57078387,2,10,1
12964216,2592830.2,3241049.5,4536346.542692831,4963599.29964312,2,10,1
12962985,2592572.0,3240738.0,4535501.60473183,4962573.138376433,2,10,1
12961652,2592306.2,3240406.25,4535060.26880164,4962096.236491816,2,10,1
12960243,2592038.4,3240051.75,4534572.385951326,4961570.192532559,2,10,1
12964629,2592846.6,3241154.0,4536262.8842872195,4963395.6201501805,2,10,1
12964408,2592765.4,3241098.5,4535955.602040247,4963060.611428766,2,10,1
12964105,2592670.4,3241023.25,4535673.906862717,4962721.529628165,2,10,1
12963063,2592438.2,3240761.75,4535425.464710251,4962472.964454609,2,10,1
12962748,2592380.8,3240684.25,4535202.09846074,4962200.862617338,2,10,1
12961855,2592197.0,3240459.5,4534972.190103927,4961969.342943754,2,10,1
12961670,2592119.0,3240411.0,4534700.145497109,4961653.602618049,2,10,1
12960828,2592146.8,3240196.75,4534493.9012168385,4961436.159280387,2,10,1
12960916,2592164.6,3240222.75,4534276.911340804,4961166.143073244,2,10,1
12959733,2591882.2,3239928.75,4533806.045599293,4960633.978840096,2,10,1
12960844,2592086.4,3240197.0,4534121.078878827,4960984.562513239,2,10,1
12960262,2591983.2,3240060.75,4533904.091064918,4960742.907290021,2,10,1
12959362,2591802.8,3239828.0,4533579.313852378,4960378.345491467,2,10,1
12958779,2591686.0,3239689.75,4533455.520530063,4960255.828361837,2,10,1
12958435,2591617.0,3239598.75,4533294.380959778,4960070.168147044,2,10,1
12958344,2591620.8,3239574.0,4533105.274746793,4959858.454740216,2,10,1
12958448,2591661.4,3239599.75,4533052.146780886,4959783.816752995,2,10,1
12958067,2591574.0,3239513.5,4532919.416799013,4959657.045442187,2,10,1
12958356,2591645.2,3239576.75,4532719.807078163,4959418.122983472,2,10,1
12957921,2591545.2,3239476.5,4532660.761978907,4959321.513683197,2,10,1
12957608,2591468.6,3239398.5,4532471.882049276,4959094.730569179,2,10,1
12957233,2591388.0,3239304.5,4532155.390627952,4958758.372905628,2,10,1
12956701,2591297.2,3239171.25,4532007.170859695,4958573.82376898,2,10,1
12956289,2591204.8,3239062.0,4531805.33599036,4958357.877814254,2,10,1
12955950,2591140.8,3238980.5,4531757.691534567,4958297.03553821,2,10,1
12955683,2591111.4,3238912.0,4531385.630787817,4957863.062524889,2,10,1
12956077,2591177.0,3239015.75,4531563.279761633,4958067.5591848865,2,10,1
12955346,2591030.4,3238827.75,4531201.493124401,4957672.049060619,2,10,1
12955236,2591026.6,3238802.0,4531140.139686678,4957587.224301152,2,10,1
12954847,2590937.2,3238707.75,4531133.699053991,4957601.652990982,2,10,1
12953691,2590726.6,3238415.5,4530561.373379607,4956983.763857916,2,10,1
12954592,2590892.6,3238644.75,4530828.919209188,4957248.244947417,2,10,1
12954052,2590781.6,3238507.25,4530717.164827584,4957142.677985197,2,10,1
12953315,2590636.4,3238318.0,4530301.396231525,4956669.453299665,2,10,1
12952874,2590559.2,3238209.5,4530226.323748594,4956616.51903322,2,10,1
12953757,2590710.4,3238436.0,4530439.732723889,4956799.302861677,2,10,1
12952625,2590490.6,3238153.5,4530085.999666044,4956467.70611871,2,10,1
12951819,2590345.8,3237945.25,4529588.082981245,4955931.268689964,2,10,1
12952375,2590426.4,3238090.75,4529732.529644416,4956061.822815462,2,10,1
12951937,2590347.2,3237978.5,4529626.263068147,4955890.964657549,2,10,1
12951688,2590316.8,3237915.5,4529378.562800001,4955608.217920144,2,10,1
12950067,2589996.8,3237505.0,4528699.952690805,4954844.891327679,2,10,1
12951542,2590218.8,3237874.5,4529249.491058282,4955456.469386751,2,10,1
12949405,2589849.0,3237345.25,4528333.735818618,4954445.127278827,2,10,1
12951262,2590124.4,3237808.25,4529168.318179929,4955353.54307429,2,10,1
12948648,2589713.2,3237156.0,4528158.532229376,4954242.931266693,2,10,1
12950995,2590082.8,3237745.75,4528838.5371287195,4954953.079539258,2,10,1
12950042,2589886.2,3237502.0,4528609.282707904,4954740.373461559,2,10,1
12949580,2589775.6,3237380.75,4528300.364817555,4954383.7560595,2,10,1
12949023,2589741.0,3237248.0,4528124.225869803,4954176.278375313,2,10,1
12948075,2589573.0,3237015.5,4527812.903562602,4953839.024874244,2,10,1
12948601,2589655.6,3237147.25,4527951.633077953,4953989.97697912,2,10,1
12947606,2589496.8,3236893.5,4527635.367977604,4953653.1783310855,2,10,1
12947242,2589423.2,3236803.0,4527503.243421665,4953544.87012005,2,10,1
12946963,2589380.0,3236737.5,4527119.698881343,4953088.064905334,2,10,1
12948252,2589533.8,3237060.0,4527693.195032289,4953682.929227304,2,10,1
12946216,2589226.8,3236550.0,4526718.89891599,4952687.98131634,2,10,1
12946990,2589345.0,3236717.5,4526865.895001088,4952793.191982244,2,10,1
12945921,2589164.4,3236476.25,4526644.120176259,4952611.662013916,2,10,1
12945690,2589122.0,3236418.75,4526471.360045537,4952312.300621019,2,10,1
12945437,2589068.6,3236349.0,4526234.10169009,4952066.648444869,2,10,1
12945073,2588961.2,3236253.5,4526105.364575177,4951944.185673172,2,10,1
12944687,2588904.0,3236163.75,4525853.26716427,4951648.436031135,2,10,1
12944112,2588773.6,3236021.75,4525635.1604400575,4951448.769580971,2,10,1
12943280,2588624.8,3235812.25,4525285.931663401,4950977.109661376,2,10,1
12943834,2588679.2,3235954.75,4525407.07206365,4951179.408004209,2,10,1
12942639,2588503.0,3235651.5,4524977.976822982,4950657.537480619,2,10,1
12943344,2588591.6,3235814.5,4525138.624389898,4950825.253701481,2,10,1
12942588,2588489.2,3235638.0,4524981.021244144,4950615.744640862,2,10,1
12941819,2588348.2,3235449.0,4524453.657912212,4950061.812251303,2,10,1
12942316,2588390.6,3235575.5,4524649.137245484,4950263.168608412,2,10,1
12941501,2588252.4,3235360.75,4524336.265933634,4949938.414401965,2,10,1
12940534,2588081.8,3235130.25,4523936.469925909,4949446.212994229,2,10,1
12939934,2587972.2,3234977.0,4523637.697951638,4949115.736602718,2,10,1
12941279,2588166.6,3235316.5,4524126.386256777,4949639.326939657,2,10,1
12940559,2588059.0,3235134.5,4523714.305435026,4949168.463448751,2,10,1
12939580,2587863.2,3234890.75,4523366.783227644,4948800.423328154,2,10,1
12938808,2587745.6,3234694.25,4523060.824030482,4948485.773568408,2,10,1
12939459,2587786.4,3234856.5,4523263.323901263,4948671.969288023,2,10,1
12938508,2587649.6,3234618.5,4522622.596179267,4947974.798382432,2,10,1
12937899,2587553.8,3234467.0,4522520.754999716,4947885.393729257,2,10,1
12937611,2587502.4,3234396.25,4522312.321454955,4947666.262020063,2,10,1
12937203,2587408.2,3234288.5,4522290.617901696,4947594.148687185,2,10,1
12936779,2587318.0,3234191.75,4522037.602120199,4947301.2602238925,2,10,1
12936404,2587237.4,3234089.0,4521956.770906905,4947223.879832675,2,10,1
12936038,2587169.0,3234006.0,4521799.371579748,4947036.967665324,2,10,1
12935126,2586997.2,3233773.5,4521408.197963628,4946637.81715517,2,10,1
12935903,2587150.2,3233972.25,4521746.196079419,4946985.069435078,2,10,1
12935557,2587078.0,3233885.0,4521543.81268406,4946758.944110443,2,10,1
12935000,2586977.4,3233743.25,4521284.1805230295,4946501.621741866,2,10,1
12933850,2586739.2,3233458.0,4520828.636408618,4945968.568389276,2,10,1
12934831,2586918.0,3233700.75,4521154.090467997,4946290.794599012,2,10,1
12934691,2586856.2,3233669.25,4521060.173545659,4946182.806841344,2,10,1
12933991,2586780.6,3233494.5,4520763.695514764,4945865.89791855,2,10,1
12932141,2586418.8,3233031.0,4519846.75763075,4944825.008269555,2,10,1
12933656,2586694.8,3233410.0,4520560.072701081,4945656.334325911,2,10,1
12933209,2586618.8,3233297.5,4520415.185553778,4945482.008104536,2,10,1
12932796,2586536.0,3233195.0,4520189.073421321,4945227.225094582,2,10,1
12931714,2586319.2,3232913.5,4519666.181942114,4944629.991397704,2,10,1
12931405,2586256.4,3232839.5,4519498.452317337,4944448.830630197,2,10,1
12930493,2586091.8,3232619.5,4519240.004995829,4944159.320099121,2,10,1
12930984,2586160.4,3232737.75,4519460.991776431,4944416.372268917,2,10,1
12930325,2586056.8,3232570.5,4519085.278424407,4943993.369983451,2,10,1
12930113,2586007.2,3232518.75,4519139.015002714,4944061.46248179,2,10,1
12929501,2585895.2,3232368.75,4518888.828757873,4943779.83341258,2,10,1
12929967,2585947.4,3232476.5,4519006.861025142,4943925.252217614,2,10,1
12929103,2585791.8,3232266.75,4518582.741126713,4943421.359416126,2,10,1
12929578,2585855.8,3232378.75,4518717.47429342,4943582.538561104,2,10,1
12928855,2585761.2,3232203.0,4518467.898365851,4943325.240771506,2,10,1
12928497,2585686.4,3232118.25,4518419.414218295,4943254.594840014,2,10,1
12928410,2585657.0,3232098.0,4518260.153796094,4943082.988537485,2,10,1
12927646,2585520.2,3231904.5,4517891.110522829,4942650.565425161,2,10,1
12926282,2585240.6,3231567.5,4517460.178541124,4942177.471707149,2,10,1
12928200,2585603.2,3232045.75,4517993.302912389,4942775.441013371,2,10,1
12927417,2585425.0,3231842.25,4517827.0029949695,4942581.317199706,2,10,1
12925135,2585012.6,3231276.5,4516935.410122809,4941592.638744888,2,10,1
12927307,2585340.0,3231823.25,4517606.850704253,4942311.750501539,2,10,1
12923770,2584740.6,3230935.5,4516348.626153355,4940928.336466438,2,10,1
12926571,2585193.4,3231625.5,4516914.668953887,4941503.666366645,2,10,1
12923514,2584676.0,3230869.75,4516302.695702481,4940893.80858898,2,10,1
12923054,2584577.0,3230756.0,4516170.298633844,4940756.9458068535,2,10,1
12922681,2584515.6,3230666.5,4515993.357905578,4940546.1320423875,2,10,1
12925208,2584906.8,3231293.75,4516753.376461205,4941349.7905893,2,10,1
12924646,2584806.0,3231157.5,4516558.718950026,4941144.397304299,2,10,1
12923084,2584593.2,3230758.0,4515873.762812763,4940390.245747866,2,10,1
12922660,2584498.4,3230661.75,4515761.258927813,4940262.102469961,2,10,1
12922214,2584403.8,3230550.0,4515693.576410682,4940178.50682051,2,10,1
12921858,2584323.8,3230457.75,4515374.973535332,4939811.566393423,2,10,1
12921275,2584193.6,3230311.5,4515184.8039751155,4939619.884692242,2,10,1
12920902,2584112.6,3230222.0,4515035.7585366145,4939454.575851535,2,10,1
12920459,2584018.2,3230111.25,4514849.773858616,4939240.508054679,2,10,1
12920046,2583962.0,3230008.75,4514728.704597432,4939122.999731792,2,10,1
12919610,2583869.6,3229898.25,4514567.316548652,4938923.74953568,2,10,1
12919146,2583813.2,3229775.25,4514120.914241853,4938452.454691744,2,10,1
12918820,2583749.2,3229696.5,4513977.147669082,4938279.894004153,2,10,1
12918209,2583620.2,3229547.0,4513818.862703199,4938089.138331884,2,10,1
12919873,2583920.0,3229956.0,4514322.773923737,4938654.749622883,2,10,1
12918346,2583630.8,3229582.75,4513492.197582566,4937684.891194548,2,10,1
12917409,2583430.6,3229327.5,4512375.51805729,4936385.704529546,2,10,1
12914821,2582934.8,3228700.25,4512189.144545162,4936305.671611876,2,10,1
12914476,2582849.6,3228614.75,4511923.920493929,4936000.37275771,2,10,1
12912726,2582520.6,3228178.0,4511469.325323936,4935446.600045295,2,10,1
12918058,2583524.0,3229504.5,4512738.588613958,4936716.5072835265,2,10,1
12915772,2583040.6,3228926.25,4512328.930197831,4936424.8758161925,2,10,1
12914292,2582767.0,3228561.0,4511748.631015696,4935860.688799675,2,10,1
12914004,2582677.8,3228492.25,4511642.146425645,4935744.624089282,2,10,1
12913640,2582603.6,3228405.75,4511580.385209688,4935562.709280835,2,10,1
12912961,2582571.8,3228232.5,4511238.034552954,4935183.057181465,2,10,1
12912668,2582489.4,3228163.75,4510965.038394423,4934863.720855614,2,10,1
12911882,2582322.0,3227964.25,4510684.065880695,4934546.596249168,2,10,1
12911543,2582241.6,3227877.0,4510547.041496774,4934399.452047432,2,10,1
12911161,2582205.6,3227786.5,4510434.353966178,4934282.470865816,2,10,1
12913780,2582642.4,3228438.0,4511226.360367356,4935121.3418182535,2,10,1
12912702,2582396.6,3228172.5,4510812.061499049,4934688.76197682,2,10,1
12910779,2582132.0,3227691.25,4510254.9329698095,4934077.679078996,2,10,1
12911240,2582120.2,3227807.0,4510325.41276272,4934134.941876978,2,10,1
12910537,2582091.2,3227630.75,4510157.157914257,4933968.289707408,2,10,1
12910751,2582125.8,3227684.5,4510035.800909478,4933806.902167028,2,10,1
12910495,2582057.2,3227621.0,4509912.919228231,4933666.280588977,2,10,1
12910166,2582000.4,3227537.75,4509779.139976459,4933517.534828092,2,10,1
12909237,2581830.0,3227299.0,4509411.475691424,4933115.780921897,2,10,1
12910267,2581957.2,3227557.0,4509664.793431514,4933383.9850676535,2,10,1
12910147,2581894.2,3227533.75,4509377.986456414,4933056.458051024,2,10,1
12909562,2581875.2,3227387.0,4509079.008808141,4932691.784935551,2,10,1
12910007,2581957.8,3227498.75,4509022.26593429,4932633.003446629,2,10,1
12909497,2581837.0,3227368.25,4508885.8069317965,4932472.308060964,2,10,1
12908690,2581700.4,3227154.0,4508427.51366985,4931941.831141631,2,10,1
12907627,2581515.0,3226897.0,4508178.691441534,4931677.409303722,2,10,1
12909244,2581751.8,3227308.0,4508659.829392954,4932199.006830321,2,10,1
12906916,2581357.4,3226718.25,4507938.966865767,4931421.892259498,2,10,1
12908432,2581593.2,3227099.5,4508351.47981174,4931855.203789915,2,10,1
12907607,2581421.8,3226891.0,4508063.501446014,4931544.562491215,2,10,1
12906716,2581315.2,3226674.5,4507798.214242813,4931264.390380929,2,10,1
12906404,2581250.0,3226597.25,4507676.146309482,4931127.693257488,2,10,1
12906010,2581188.0,3226498.0,4506866.7710091565,4930064.800168114,2,10,1
12905543,2581080.8,3226299.5,4506629.946153189,4929959.676340128,2,10,1
12903760,2580737.4,3225928.25,4506468.918944943,4929779.542564513,2,10,1
12904211,2580788.6,3226049.0,4506531.940628547,4929845.088091781,2,10,1
12902763,2580532.0,3225665.0,4505933.586384679,4929241.20518287,2,10,1
12903685,2580648.6,3225918.75,4506318.293957419,4929609.096234804,2,10,1
12902194,2580412.4,3225543.0,4505772.503454297,4928984.466334013,2,10,1
12901662,2580276.2,3225410.0,4505435.276104763,4928608.469638599,2,10,1
12903557,2580611.8,3225878.25,4506087.188564232,4929366.897450582,2,10,1
12902795,2580434.8,3225691.25,4505834.585987728,4929106.1601984445,2,10,1
12902217,2580331.4,3225550.5,4505664.793585104,4928856.418373232,2,10,1
12901668,2580197.0,3225406.75,4505324.5468815565,4928481.7026831135,2,10,1
12901098,2580188.0,3225266.25,4505287.038392504,4928432.326742476,2,10,1
12900436,2580054.2,3225105.5,4504954.120602862,4928111.934473655,2,10,1
12899776,2579927.8,3224940.5,4504745.787625558,4927840.150584805,2,10,1
12899289,2579827.6,3224813.25,4504367.782156037,4927426.721513598,2,10,1
12902033,2580198.4,3225502.0,4505260.168224672,4928361.466494112,2,10,1
12901420,2580112.2,3225352.25,4505162.468129834,4928279.197822256,2,10,1
12900679,2579978.4,3225166.75,4504783.089249005,4927891.323684223,2,10,1
12900050,2579865.4,3225004.5,4504613.219612068,4927660.513098178,2,10,1
12899338,2579737.0,3224824.75,4504270.852845775,4927295.037786917,2,10,1
12897238,2579351.8,3224307.0,4503151.534364039,4926014.969663748,2,10,1
12896490,2579222.0,3224099.0,4503007.562441185,4925852.899707691,2,10,1
12899071,2149715.333333333,2579811.6,4163574.4029561267,4503645.588227198,2,12,1
12898032,2579419.6,3224496.0,4503541.754035683,4926449.818577877,2,10,1
12896428,2579253.8,3224101.75,4502463.930454213,4925131.834550109,2,10,1
12894980,2578978.8,3223735.25,4500003.943064295,4922261.5018840935,2,10,1
12895903,2579106.6,3223959.25,4501969.710053679,4924630.6257068915,2,10,1
12891220,2578198.6,3222775.5,4500074.644858105,4922514.743545179,2,10,1
12889264,2577838.4,3222304.5,4499855.770027891,4922345.00744144,2,10,1
12889757,2577930.4,3222430.5,4499970.100532925,4922458.247125752,2,10,1
12888912,2577742.8,3222223.25,4499712.784527552,4922183.526405829,2,10,1
12888433,2577645.0,3222104.5,4499547.662054988,4921998.49929887,2,10,1
12888170,2577616.0,3222038.75,4499369.026341472,4921776.137950024,2,10,1
12888069,2577595.0,3222013.0,4499239.39110129,4921640.118456109,2,10,1
12887705,2577510.2,3221912.25,4499109.598469368,4921520.3329439685,2,10,1
12887274,2577449.4,3221815.25,4498933.137370215,4921311.9272535695,2,10,1
12886587,2577306.0,3221639.0,4498329.76000554,4920652.390244407,2,10,1
12887060,2577386.6,3221762.0,4498774.888475284,4921151.9577432955,2,10,1
12885267,2577039.2,3221308.75,4497660.3340902375,4919803.938161044,2,10,1
12886544,2577251.2,3221615.25,4498326.642238,4920593.572907329,2,10,1
12883153,2576616.2,3220765.75,4497160.6016580835,4919316.029709508,2,10,1
12885764,2577106.6,3221435.75,4498186.628180605,4920449.112113403,2,10,1
12885003,2576964.6,3221238.25,4497074.562553005,4919153.527492466,2,10,1
12882881,2576525.2,3220715.75,4497040.238587676,4919190.78226581,2,10,1
12882834,2576486.6,3220705.5,4496914.716575054,4919073.044637136,2,10,1
12882615,2576491.8,3220642.0,4496722.47371346,4918807.802457285,2,10,1
12882177,2576385.2,3220540.5,4496374.028922327,4918382.847869443,2,10,1
12881341,2576234.6,3220306.25,4496149.70815211,4918188.551081206,2,10,1
12880284,2576042.6,3220065.75,4495471.049033383,4917334.015024494,2,10,1
12882182,2576334.6,3220539.75,4496381.860473519,4918416.247692433,2,10,1
12881082,2576131.6,3220266.25,4495561.694061411,4917448.8232449945,2,10,1
12879616,2575904.4,3219896.25,4494944.026037176,4916162.912313584,2,10,1
12878360,2575641.4,3219474.75,4494160.154391286,4915939.077272173,2,10,1
12876520,2575264.8,3219124.75,4494074.807263081,4915856.885710525,2,10,1
12876158,2575182.6,3219026.75,4493823.156886217,4915553.7503956,2,10,1
12875794,2145939.333333333,2575155.6,4154023.641721634,4493152.653782731,2,12,1
12874191,2574800.6,3218539.25,4493126.070784661,4914793.576945925,2,10,1
12873790,2574697.0,3218443.75,4492951.309879565,4914609.083290985,2,10,1
12873460,2574567.2,3218362.5,4492760.060650101,4914371.747323456,2,10,1
12873244,2574546.0,3218307.75,4492621.330652017,4914212.996259617,2,10,1
12871721,2574330.0,3217927.5,4491986.640262802,4913493.450131145,2,10,1
12872199,2574402.2,3218046.5,4492107.040474904,4913641.597162299,2,10,1
12870346,2574041.4,3217583.0,4491456.704005317,4912929.688727152,2,10,1
12870192,2574008.2,3217545.25,4491255.731581336,4912683.085055482,2,10,1
12870043,2573938.2,3217506.75,4491147.283863746,4912555.381533415,2,10,1
12869864,2573890.2,3217463.5,4490955.042556171,4912328.739073115,2,10,1
12867855,2573551.6,3216958.25,4490014.4883866245,4911302.46606148,2,10,1
12869572,2573791.0,3217389.25,4490728.2069484005,4912100.6866126275,2,10,1
12866919,2573369.8,3216725.25,4489523.677320257,4910710.548373924,2,10,1
12869362,2573775.2,3217337.75,4490626.625208357,4911957.496764902,2,10,1
12869219,2573690.4,3217298.25,4490214.108755427,4911456.1439008005,2,10,1
12868205,2573450.8,3217030.0,4489655.441641229,4910838.436150729,2,10,1
12864084,2572782.8,3216014.0,4488146.041354014,4909142.052106118,2,10,1
12866935,2573238.4,3216728.25,4489306.6378788715,4910452.329413681,2,10,1
12863054,2572595.6,3215757.25,4487711.751007054,4908676.362647088,2,10,1
12866316,2573128.2,3216574.0,4488162.404965611,4909010.152203599,2,10,1
12863883,2572674.8,3215965.75,4487889.060502688,4908851.761227151,2,10,1
12862250,2572435.6,3215559.0,4487334.698107698,4908250.006585714,2,10,1
12861912,2572357.2,3215458.0,4487203.250475256,4908131.080259981,2,10,1
12863177,2572537.2,3215789.5,4487490.007057196,4908404.95114292,2,10,1
12861679,2572320.2,3215416.0,4487022.596223659,4907897.330303681,2,10,1
12861240,2572237.8,3215306.75,4486925.986885644,4907779.169411108,2,10,1
12861059,2572191.6,3215261.0,4486684.433486413,4907508.364528854,2,10,1
12860659,2572103.6,3215158.0,4486636.407106308,4907459.3261432815,2,10,1
12860168,2572000.4,3215038.75,4486454.98793455,4907278.526368179,2,10,1
12859833,2571945.6,3214952.0,4486353.615646264,4907190.133139534,2,10,1
12859440,2571857.4,3214857.0,4486200.119989555,4906981.9377550185,2,10,1
12859001,2571760.0,3214746.75,4486085.911021545,4906873.787939688,2,10,1
12858418,2571657.8,3214600.75,4485820.015812014,4906584.61371746,2,10,1
12856355,2571242.0,3214084.75,4484688.344508624,4905287.715176102,2,10,1
12852783,2570546.2,3213182.5,4483248.993659308,4903721.077611471,2,10,1
12858832,2571708.2,3214704.75,4485596.598432832,4906302.37221667,2,10,1
12858213,2571568.4,3214550.0,4485038.05305566,4905630.098853153,2,10,1
12857247,2571358.6,3214306.0,4484839.758547434,4905430.766773156,2,10,1
12856210,2571137.0,3214038.75,4484445.055100185,4904975.813736794,2,10,1
12855694,2571000.4,3213918.5,4483938.51934996,4904377.949727535,2,10,1
12855356,2570880.4,3213833.25,4483515.308934364,4903888.238539113,2,10,1
12854447,2570667.2,3213605.0,4483425.5304720625,4903831.7457308825,2,10,1
12853203,2570418.2,3213296.0,4483043.369263752,4903400.526389892,2,10,1
12852519,2570260.2,3213114.75,4482822.610437948,4903136.517695068,2,10,1
12848480,2569678.4,3212116.75,4481377.667115415,4901621.337699624,2,10,1
12851475,2570033.6,3212842.0,4481922.155051089,4902152.453382969,2,10,1
12850166,2569794.6,3212538.25,4481900.576344181,4902153.658644493,2,10,1
12849716,2569762.6,3212419.75,4481742.266449434,4901980.754205751,2,10,1
12849309,2569639.8,3212322.25,4481554.47222297,4901784.937956334,2,10,1
12848651,2569593.6,3212159.25,4481250.966643724,4901434.447818949,2,10,1
12848119,2569576.6,3212026.0,4480948.337718513,4901109.907436546,2,10,1
12847691,2569512.8,3211914.5,4480836.71770521,4900980.419004447,2,10,1
12847475,2141231.6666666665,2569493.0,4142479.977712272,4480523.002012098,2,12,1
12846838,2569337.2,3211705.25,4480295.388389888,4900422.038718187,2,10,1
12846641,2569282.8,3211653.25,4479998.542896828,4900080.264085366,2,10,1
12846248,2569236.6,3211558.0,4479865.253836247,4899940.734870167,2,10,1
12845829,2569145.8,3211454.0,4479705.761960846,4899757.529062977,2,10,1
12845234,2569021.2,3211305.0,4479539.202183937,4899491.830060406,2,10,1
12844827,2568934.4,3211203.5,4479388.3887348175,4899333.766286901,2,10,1
12844332,2568826.2,3211080.25,4479230.21834999,4899156.949707869,2,10,1
12844293,2568838.2,3211070.0,4479030.735455407,4898939.693619222,2,10,1
12844061,2568792.2,3211012.0,4478928.636450596,4898798.498245123,2,10,1
12843734,2568712.4,3210930.0,4478809.624177311,4898670.981509032,2,10,1
12843288,2568616.6,3210818.75,4478598.294679576,4898441.014951278,2,10,1
12842908,2568526.8,3210723.75,4478436.932397139,4898281.744025237,2,10,1
12842542,2568472.0,3210632.0,4478200.70478535,4898028.875296538,2,10,1
12842067,2568360.8,3210513.5,4477942.111934756,4897660.235130818,2,10,1
12841778,2568331.2,3210426.0,4477787.482846434,4897519.145978571,2,10,1
12841229,2568198.2,3210303.0,4477657.18566721,4897377.466416421,2,10,1
12840663,2568120.8,3210161.5,4477383.619255636,4897070.188793329,2,10,1
12836158,2567219.0,3209035.75,4475501.804043319,4894968.557089438,2,10,1
12840797,2568104.0,3210193.75,4477274.685596976,4896921.801020675,2,10,1
12840164,2567947.6,3210035.5,4477060.445530281,4896661.608643893,2,10,1
12839721,2567841.0,3209923.75,4475895.081013741,4895276.922708552,2,10,1
12837680,2567406.8,3209414.5,4475812.054063452,4895294.44784918,2,10,1
12833594,2566702.2,3208394.0,4474484.693670848,4893839.840147476,2,10,1
12837536,2567327.6,3209372.0,4475640.575008264,4895109.849026815,2,10,1
12836663,2567143.2,3209162.5,4475336.771770667,4894753.41268325,2,10,1
12832526,2566482.6,3208129.0,4473809.350633787,4893068.830887149,2,10,1
12836368,2567063.6,3209089.0,4475234.58702483,4894625.6226066975,2,10,1
12835949,2566988.4,3208980.25,4475030.355791209,4894399.1854302455,2,10,1
12835445,2566892.6,3208858.0,4474870.886273514,4894240.88846643,2,10,1
12834941,2566768.8,3208728.25,4474514.090523205,4893855.816905886,2,10,1
12834047,2566582.6,3208507.5,4474212.064349465,4893500.279393643,2,10,1
12833520,2566551.8,3208376.5,4473992.122275832,4893264.743415688,2,10,1
12832474,2566475.8,3208115.0,4473461.272358821,4892675.564524861,2,10,1
12833257,2566629.2,3208307.25,4473706.855467477,4892943.523275151,2,10,1
12832929,2566550.8,3208229.5,4473588.772502643,4892776.728880817,2,10,1
12832216,2566407.6,3208050.75,4473339.759315549,4892503.317428162,2,10,1
12831934,2566370.2,3207980.0,4473257.110833637,4892420.139905471,2,10,1
12831461,2566268.4,3207862.25,4473092.827596059,4892249.542591654,2,10,1
12831095,2566189.6,3207771.0,4472868.174781569,4892001.80209036,2,10,1
12830648,2566088.8,3207658.75,4472718.557325478,4891815.122549459,2,10,1
12830209,2566035.2,3207549.5,4472564.396022901,4891646.016480513,2,10,1
12830219,2566012.8,3207551.5,4472352.582835873,4891397.175523404,2,10,1
12829775,2565915.0,3207436.75,4472240.8125415165,4891261.882966015,2,10,1
12828684,2565694.4,3207155.75,4471562.029326251,4890495.869814524,2,10,1
12829300,2565811.6,3207321.75,4471841.700527905,4890795.611963925,2,10,1
12828101,2565555.6,3207010.25,4471374.993786733,4890293.541599888,2,10,1
12827442,2565477.6,3206855.25,4471172.013356599,4890061.052933346,2,10,1
12827522,2137895.6666666665,2565500.8,4133202.6441639015,4470214.233503379,2,12,1
12826294,2565221.2,3206528.5,4470001.086458112,4888752.646049535,2,10,1
12823026,2564588.8,3205753.75,4469507.016223679,4888229.240805125,2,10,1
12824795,2564908.4,3206194.5,4470052.855479485,4888820.144507227,2,10,1
12822103,2564408.2,3205520.0,4469135.555715132,4887822.944281295,2,10,1
12824247,2564784.4,3206058.5,4469830.528657021,4888571.682199856,2,10,1
12823692,2564677.8,3205916.25,4469656.798188168,4888397.393995184,2,10,1
12822915,2564518.6,3205725.0,4469204.111483196,4887866.35160612,2,10,1
12821349,2136876.5,2564263.6,4131763.9806685355,4468736.405632391,2,12,1
12822059,2564328.8,3205511.5,4468960.328086522,4887612.818932128,2,10,1
12821354,2564132.4,3205335.25,4468613.460506548,4887214.944372195,2,10,1
12821004,2564169.4,3205248.0,4468396.04598376,4886994.635491019,2,10,1
12820886,2564149.8,3205218.75,4468284.558734896,4886839.792955455,2,10,1
12820496,2564068.0,3205120.5,4468146.361648027,4886707.773104267,2,10,1
12819411,2563846.4,3204849.75,4467606.530492731,4886077.1469398895,2,10,1
12819375,2563841.4,3204840.5,4467508.336262206,4885957.719319348,2,10,1
12819068,2563799.0,3204763.75,4467275.91130708,4885695.141480167,2,10,1
12818734,2563723.0,3204675.5,4467155.45701518,4885566.129946832,2,10,1
12818325,2563652.8,3204578.25,4467038.54424827,4885431.084753482,2,10,1
12817951,2563566.2,3204484.75,4466981.4973520655,4885375.741507189,2,10,1
12817834,2563526.0,3204455.25,4466820.3638694165,4885196.520076367,2,10,1
12817187,2563411.6,3204294.25,4466416.10314459,4884758.300914616,2,10,1
12816790,2563324.8,3204194.25,4466284.866053127,4884575.475603202,2,10,1
12817659,2563466.8,3204406.75,4466535.754633249,4884876.664196778,2,10,1
12816460,2563273.8,3204111.5,4466067.640598125,4884323.346872693,2,10,1
12816026,2563179.4,3204002.0,4465789.683456365,4883984.442337356,2,10,1
12815959,2563165.4,3203984.5,4465690.878018406,4883870.739483079,2,10,1
12815179,2563001.6,3203789.75,4465412.917490307,4883576.510117516,2,10,1
12814649,2562921.8,3203656.75,4465124.655826665,4883265.423445898,2,10,1
12814327,2562810.4,3203559.25,4464879.466546471,4882975.987028291,2,10,1
12810600,2562105.4,3202641.75,4463553.195078927,4881538.911229488,2,10,1
12813829,2562640.2,3203441.25,4464595.997045556,4882654.1596824415,2,10,1
12813312,2562562.4,3203315.25,4463649.179624761,4881490.638748877,2,10,1
12811472,2562160.0,3202860.0,4463666.288219304,4881623.699253763,2,10,1
12810717,2562029.4,3202672.5,4463400.9197205,4881333.223098275,2,10,1
12810152,2561899.8,3202535.0,4463167.708781141,4881079.057679152,2,10,1
12806534,2561289.6,3201630.5,4461656.083889737,4879394.406585138,2,10,1
12809953,2561799.0,3202481.25,4462930.578372635,4880805.913412754,2,10,1
12809288,2561655.8,3202318.0,4462655.648529607,4880470.592087679,2,10,1
12808764,2561549.0,3202188.25,4462358.941840515,4880135.39926352,2,10,1
12808451,2561505.6,3202106.25,4462253.2078721505,4880026.229294017,2,10,1
12808030,2561403.0,3202004.25,4461975.804412492,4879713.930994478,2,10,1
12807627,2561374.0,3201903.75,4461902.089299193,4879636.661449182,2,10,1
12806785,2561219.2,3201692.25,4461584.780371062,4879286.551799718,2,10,1
12806505,2561145.0,3201623.25,4461435.782686164,4879112.212542043,2,10,1
12805973,2561141.8,3201489.5,4461218.176242079,4878883.705993992,2,10,1
12805769,2561075.0,3201439.75,4461154.59576638,4878784.790734634,2,10,1
12805356,2561018.0,3201335.5,4460950.076698236,4878578.2465531565,2,10,1
12805048,2560996.8,3201259.0,4460641.681534138,4878230.593367982,2,10,1
12804882,2560953.8,3201217.5,4460515.571480578,4878083.452459343,2,10,1
12804731,2560920.2,3201176.0,4460380.8084655395,4877948.5685104,2,10,1
12804395,2560833.4,3201095.5,4460167.710824538,4877700.6037207395,2,10,1
12803981,2560744.8,3200991.5,4459973.3733830415,4877434.35830065,2,10,1
12803560,2560649.2,3200885.25,4459798.1468611,4877244.206536472,2,10,1
12802677,2560466.8,3200663.5,4459466.0214388,4876889.308555916,2,10,1
12801954,2560354.8,3200483.5,4459097.186307751,4876458.642372727,2,10,1
12801315,2560216.0,3200322.25,4458661.035163808,4875869.417792576,2,10,1
12800774,2560134.6,3200175.5,4457832.1987974495,4874982.688715281,2,10,1
12799080,2559800.6,3199765.0,4457882.847088829,4875109.713405227,2,10,1
12798623,2559697.4,3199652.5,4457754.305890838,4874961.547301715,2,10,1
12798935,2559754.2,3199727.25,4457540.661974683,4874698.775113485,2,10,1
12798422,2559647.8,3199602.25,4457411.375776775,4874563.663821776,2,10,1
12797896,2559520.0,3199470.5,4457225.065878097,4874361.787068505,2,10,1
12793378,2558661.8,3198341.75,4455355.069995959,4872314.044714782,2,10,1
12797542,2559397.0,3199379.0,4457002.742925508,4874113.197544828,2,10,1
12792726,2558521.2,3198177.5,4454987.368391374,4871915.249309557,2,10,1
12792290,2558432.8,3198066.25,4454712.117869033,4871528.664648116,2,10,1
12791974,2558356.0,3197990.0,4454590.281665475,4871406.484335709,2,10,1
12797710,2559281.0,3199424.75,4456704.961605435,4873739.7336677285,2,10,1
12797486,2559201.0,3199368.5,4456670.354262978,4873697.469379177,2,10,1
12788392,2557661.0,3197094.0,4453120.848213363,4869744.139015382,2,10,1
12787959,2557573.2,3196986.0,4452979.832530539,4869615.952023185,2,10,1
12787520,2557471.4,3196861.75,4452817.794126861,4869460.1499803085,2,10,1
12786716,2557324.4,3196675.0,4451674.070720115,4868104.804451112,2,10,1
12796164,2558872.2,3199034.25,4455982.040153854,4872933.267005023,2,10,1
12795780,2558820.2,3198942.25,4455790.241865375,4872694.95514562,2,10,1
12784962,2556980.8,3196231.75,4451603.243664265,4868083.554892649,2,10,1
12784282,2556831.0,3196064.0,4451252.384066422,4867712.22132903,2,10,1
12783807,2556717.4,3195947.0,4451068.943480689,4867518.626262324,2,10,1
12783264,2556601.4,3195811.0,4450938.608572219,4867338.762590977,2,10,1
12782773,2556491.4,3195689.0,4450646.213174139,4867022.617002582,2,10,1
12782401,2556437.4,3195589.75,4450450.012916368,4866782.967218583,2,10,1
12796031,2558719.6,3199002.5,4455570.459977633,4872439.779911258,2,10,1
12795303,2558574.6,3198822.5,4455098.973494057,4871924.696342264,2,10,1
12782225,2556428.6,3195553.0,4450359.272008981,4866681.087669295,2,10,1
12794525,2558442.4,3198628.5,4454777.781876365,4871583.836436394,2,10,1
12793251,2558288.0,3198309.25,4454352.499883401,4871070.227269594,2,10,1
12792626,2558163.0,3198144.5,4454190.654456037,4870890.065288513,2,10,1
12782321,2556363.2,3195573.75,4450231.493321747,4866501.916887623,2,10,1
12792318,2558053.2,3198075.25,4453963.623188699,4870611.7817119835,2,10,1
12791972,2557983.0,3197990.25,4453784.173659238,4870417.307802236,2,10,1
12791456,2557841.0,3197860.25,4453423.479073094,4869987.409764038,2,10,1
12791160,2557770.2,3197784.75,4453317.875970645,4869887.529047625,2,10,1
12782701,2556412.6,3195671.75,4450130.189193155,4866371.011084911,2,10,1
12775558,2555092.2,3193886.5,4447239.207261085,4863156.953998812,2,10,1
12774277,2554844.4,3193559.5,4446714.186861159,4862592.750418203,2,10,1
12782507,2556294.4,3195624.0,4449875.586643777,4866076.761082244,2,10,1
12773094,2554587.8,3193269.0,4445746.816390042,4861392.604900027,2,10,1
12771307,2554229.6,3192817.25,4445611.446567761,4861358.626359945,2,10,1
12782078,2556222.0,3195516.5,4449662.429215952,4865824.245582003,2,10,1
12770733,2554129.4,3192678.5,4445387.027695317,4861133.722946634,2,10,1
12770406,2554064.2,3192598.75,4445201.239516013,4860907.347851111,2,10,1
12769940,2553958.6,3192481.0,4445118.268344534,4860814.75882456,2,10,1
12781845,2556105.6,3195452.0,4449427.320035726,4865563.364617297,2,10,1
12781541,2556031.4,3195382.5,4449291.559019683,4865375.799312971,2,10,1
12781147,2555924.2,3195279.75,4449054.462620199,4865137.950267007,2,10,1
12769802,2553937.2,3192447.5,4444915.528362963,4860605.590954382,2,10,1
12780659,2555841.6,3195158.0,4448781.105159345,4864813.760451335,2,10,1
12780337,2555749.2,3195076.5,4448751.799762232,4864796.237827404,2,10,1
12779885,2555643.2,3194968.25,4448547.906073082,4864483.526798734,2,10,1
12779502,2555561.2,3194868.25,4448353.541484445,4864343.219103711,2,10,1
12779187,2555476.6,3194789.75,4448093.692487525,4864046.338777169,2,10,1
12778750,2555384.2,3194684.25,4447893.838872473,4863807.453997357,2,10,1
12769831,2553949.6,3192451.25,4444602.636613009,4860238.175406934,2,10,1
12778157,2555248.0,3194534.25,4447745.560616918,4863663.0638663955,2,10,1
12777709,2555146.2,3194424.25,4447479.624407199,4863374.106254516,2,10,1
12776820,2554983.6,3194200.0,4446880.816829736,4862667.375081499,2,10,1
12775468,2554714.2,3193861.25,4446458.045993147,4862227.2871836815,2,10,1
12769658,2553900.8,3192410.0,4444433.354800497,4860018.571838658,2,10,1
12769384,2553862.0,3192343.25,4444218.337209762,4859774.236904726,2,10,1
12769253,2553802.0,3192310.25,4444000.871822991,4859483.983896876,2,10,1
12768859,2553742.6,3192205.75,4443904.151850803,4859392.402331481,2,10,1
12768379,2553640.2,3192091.5,4443743.575515491,4859208.089819198,2,10,1
12768011,2553552.4,3191998.5,4443516.241749466,4858944.133373937,2,10,1
12767377,2553448.0,3191830.75,4443334.021824997,4858761.377048021,2,10,1
12766232,2553213.4,3191553.5,4442889.973735654,4858276.677272473,2,10,1
12766956,2553317.0,3191725.5,4443082.867327538,4858497.524760544,2,10,1
12766287,2553233.2,3191564.5,4442704.108884385,4858070.8284172155,2,10,1
12765885,2553163.6,3191468.5,4442535.602831485,4857871.508513271,2,10,1
12764256,2552818.6,3191061.0,4441858.382387411,4857121.002404133,2,10,1
12765508,2553038.0,3191370.0,4442279.99983871,4857600.601183881,2,10,1
12765221,2552986.0,3191303.0,4442201.016510116,4857474.311290522,2,10,1
12762328,2552451.4,3190576.25,4440931.196244522,4856054.596517793,2,10,1
12764920,2552903.0,3191227.25,4442027.393861839,4857285.7802769765,2,10,1
12764272,2552787.6,3191065.25,4441694.301545673,4856891.609455673,2,10,1
12760701,2552126.8,3190169.5,4439550.675644969,4854422.501457168,2,10,1
12763702,2552648.6,3190922.75,4441491.627967153,4856668.047289992,2,10,1
12763531,2552565.4,3190879.75,4441145.478942432,4856248.809419425,2,10,1
12757971,2551578.8,3189483.75,4439140.921656261,4854047.971530248,2,10,1
12762688,2552374.6,3190660.5,4440825.302835083,4855903.649255855,2,10,1
12757324,2551449.2,3189328.25,4438934.969090638,4853850.086634415,2,10,1
12762132,2552273.4,3190520.25,4440471.856965575,4855503.562233573,2,10,1
12756142,2551208.6,3189033.0,4438486.520048619,4853339.504125999,2,10,1
12760237,2551856.6,3190030.0,4439388.0771027785,4854280.190026323,2,10,1
12759213,2551694.0,3189798.25,4439251.049893664,4854132.437175455,2,10,1
12756029,2551183.8,3189003.5,4438425.611487107,4853271.604456283,2,10,1
12755581,2551106.0,3188892.25,4438188.294293461,4853008.4841696825,2,10,1
12758372,2551531.8,3189588.75,4439159.100963233,4854068.420169784,2,10,1
12757539,2551364.4,3189381.75,4438880.698098823,4853755.49042858,2,10,1
12755326,2551037.0,3188828.75,4438031.732516793,4852818.50220408,2,10,1
12757141,2551255.6,3189281.5,4438580.7058212655,4853402.638445493,2,10,1
12755068,2550985.2,3188763.75,4437906.1519649895,4852678.519120299,2,10,1
12754684,2550895.0,3188667.75,4437719.9427169245,4852462.130352067,2,10,1
12754049,2550759.6,3188508.75,4437412.508867167,4852149.656738642,2,10,1
12753640,2550708.0,3188406.5,4437427.000517417,4852165.141990017,2,10,1
12753080,2550589.8,3188267.25,4437165.956016937,4851890.901439588,2,10,1
12752726,2550513.2,3188174.75,4437199.692960719,4851941.83826444,2,10,1
12752329,2550448.2,3188079.5,4437041.513293142,4851750.619936719,2,10,1
12751686,2550316.8,3187918.0,4436864.50803861,4851577.926067284,2,10,1
12752367,2550407.0,3188088.75,4437037.567977761,4851746.255183548,2,10,1
12751539,2550279.8,3187882.25,4436637.893460509,4851282.282126131,2,10,1
12751055,2550166.0,3187759.5,4436387.108145377,4851031.3844001945,2,10,1
12750714,2550120.8,3187676.0,4436221.521483931,4850847.851266622,2,10,1
12750328,2550034.8,3187571.75,4436067.387240268,4850695.309867949,2,10,1
12750030,2549973.6,3187504.75,4436062.827596032,4850657.4281107765,2,10,1
12749746,2549912.2,3187433.5,4435832.041615157,4850394.471053978,2,10,1
12748754,2549735.0,3187183.25,4435166.5193912955,4849611.653063874,2,10,1
12749633,2549867.4,3187403.5,4435479.565867179,4849992.576792498,2,10,1
12748518,2549615.4,3187124.0,4435035.282823272,4849444.045008321,2,10,1
12742332,2548429.4,3185578.25,4432555.438683232,4846715.274085765,2,10,1
12741909,2548363.4,3185473.75,4432401.067892977,4846552.0239296155,2,10,1
12741449,2548260.4,3185358.5,4432300.727928476,4846471.47889008,2,10,1
12741131,2548184.0,3185279.5,4432114.662229701,4846224.254467905,2,10,1
12740742,2548135.8,3185182.25,4431968.532173677,4846064.770852901,2,10,1
12740412,2548059.8,3185099.5,4431864.683424033,4845954.077189376,2,10,1
12748396,2549443.8,3187094.25,4434651.536729205,4848912.269573825,2,10,1
12746788,2549127.6,3186668.75,4433809.982909258,4848082.535803021,2,10,1
12740481,2548078.8,3185117.25,4431705.804847577,4845755.032605162,2,10,1
12746030,2548903.8,3186504.0,4433743.359395444,4847998.275517639,2,10,1
12745778,2548837.8,3186442.0,4433539.20558736,4847763.025223077,2,10,1
12740241,2548023.6,3185050.5,4431595.85014939,4845640.440109199,2,10,1
12745250,2548737.8,3186309.25,4433339.557627319,4847563.112229372,2,10,1
12744987,2548689.0,3186244.25,4433253.592990818,4847419.93840843,2,10,1
12744659,2548603.6,3186161.25,4433044.764875694,4847197.56021947,2,10,1
12744103,2548533.6,3186022.75,4432764.858161473,4846881.889331145,2,10,1
12740187,2548003.4,3185043.75,4431460.461826135,4845469.550089676,2,10,1
12740088,2547979.2,3185015.0,4431362.864468808,4845340.562084018,2,10,1
12739716,2547926.0,3184925.75,4431124.829058024,4845092.0159675935,2,10,1
12739227,2547818.6,3184802.5,4430920.852356574,4844872.5341804745,2,10,1
12738978,2547760.8,3184741.25,4430786.315463001,4844703.843513477,2,10,1
12738573,2547694.4,3184640.25,4430647.249816814,4844553.64262704,2,10,1
12738108,2547606.6,3184524.0,4430405.482149608,4844275.703319881,2,10,1
12737724,2547527.2,3184428.0,4430260.302737718,4844121.509550794,2,10,1
12737507,2547482.8,3184373.5,4430181.895687263,4844033.271351227,2,10,1
12737370,2547439.4,3184339.75,4430031.626983807,4843851.330997775,2,10,1
12735543,2547088.6,3183880.5,4429146.054191801,4842863.38431597,2,10,1
12734516,2546889.8,3183624.5,4428879.278404606,4842562.718853486,2,10,1
12733452,2546670.4,3183359.5,4427784.149208135,4841306.568835697,2,10,1
12737347,2547361.4,3184333.5,4429951.5645696735,4843756.546092885,2,10,1
12737205,2547280.0,3184298.75,4429882.593628922,4843657.045842833,2,10,1
12731547,2546295.4,3182883.5,4427540.8923934065,4841079.931293464,2,10,1
12736828,2547177.8,3184201.25,4429462.421449097,4843186.964496785,2,10,1
12729132,2545797.8,3182280.25,4426463.676165625,4839898.14788124,2,10,1
12735982,2546970.6,3183978.0,4428963.561223924,4842642.512667301,2,10,1
12734960,2546757.8,3183736.0,4428669.3197000725,4842323.608014855,2,10,1
12727555,2545476.6,3181886.0,4425805.13919759,4839126.902821417,2,10,1
12727117,2545377.4,3181775.5,4425643.451884969,4838945.254765099,2,10,1
12725798,2545140.4,3181445.25,4425147.360613237,4838404.567183166,2,10,1
12725426,2545060.2,3181346.75,4425058.008850641,4838287.58981525,2,10,1
12725040,2544977.8,3181256.25,4424853.399885153,4838081.393060158,2,10,1
12733081,2546380.4,3183247.0,4427733.822611947,4841257.772243972,2,10,1
12732116,2546198.8,3183026.25,4427311.572587556,4840750.978349494,2,10,1
12724736,2544911.2,3181181.0,4424677.0379417185,4837881.03110215,2,10,1
12724300,2544844.2,3181068.25,4424513.12540936,4837710.557507781,2,10,1
12723925,2544759.6,3180978.0,4424319.337400365,4837493.1562960725,2,10,1
12732207,2546144.8,3183048.0,4426998.851477567,4840365.128108347,2,10,1
12723519,2544679.8,3180876.25,4424056.559661133,4837177.821489192,2,10,1
12731587,2545953.8,3182891.0,4426893.49793585,4840280.497342071,2,10,1
12731256,2545877.4,3182810.75,4426726.303591888,4840109.829237789,2,10,1
12730579,2545747.0,3182641.0,4426420.090902128,4839722.996472491,2,10,1
12730281,2545646.4,3182566.25,4426219.267629463,4839494.363903621,2,10,1
12721124,2544205.8,3180275.5,4422808.770039656,4835761.454869371,2,10,1
12719835,2543946.8,3179936.5,4421765.370971667,4834558.978975331,2,10,1
12729829,2545514.8,3182454.0,4425981.251278207,4839236.989361718,2,10,1
12728576,2545322.6,3182140.25,4425379.647714793,4838556.720128733,2,10,1
12724889,2544699.2,3181219.25,4424137.680220655,4837235.902114579,2,10,1
12724234,2544605.2,3181055.0,4423952.0136467,4837012.022584673,2,10,1
12723729,2544535.4,3180928.75,4423672.1611149935,4836683.97815772,2,10,1
12717767,2543537.8,3179438.25,4421376.053754386,4834159.385608034,2,10,1
12723095,2544386.2,3180768.25,4423209.014500977,4836156.240425129,2,10,1
12722531,2544272.8,3180620.25,4422902.908275819,4835802.321935101,2,10,1
12721378,2544084.0,3180339.0,4422338.775746211,4835150.6357015055,2,10,1
12719217,2543597.6,3179798.75,4421763.990541366,4834579.67194663,2,10,1
12719007,2543544.0,3179748.75,4421592.523785689,4834363.999436974,2,10,1
12718355,2543608.8,3179575.75,4421289.9247053685,4834007.755213223,2,10,1
12715323,2543042.0,3178826.25,4420079.230854522,4832704.488125766,2,10,1
12714241,2542807.8,3178554.75,4419635.028710143,4832207.157558291,2,10,1
12713635,2542705.4,3178401.75,4419419.90354671,4831957.694377948,2,10,1
12713237,2542618.8,3178306.0,4419179.7943399185,4831674.427528826,2,10,1
12712830,2542544.0,3178200.5,4418916.169369589,4831390.385917254,2,10,1
12712333,2542438.2,3178076.0,4418924.665181531,4831412.230419867,2,10,1
12712025,2542392.8,3178003.25,4418730.134772965,4831192.948348428,2,10,1
12718783,2543498.8,3179689.0,4421157.924479254,4833845.964581067,2,10,1
12711775,2542336.8,3177940.5,4418555.365542985,4830997.472518106,2,10,1
12711333,2542244.8,3177830.25,4418300.524026766,4830696.52236006,2,10,1
12711004,2542152.4,3177747.5,4417991.703173378,4830355.791668249,2,10,1
12718643,2543394.4,3179650.5,4420916.373645888,4833558.262696438,2,10,1
12710670,2542105.8,3177660.5,4417875.95253366,4830198.6191016,2,10,1
12718177,2543302.4,3179541.5,4420645.997316037,4833245.600334176,2,10,1
12717727,2543224.0,3179428.0,4420467.056117883,4833048.894999995,2,10,1
12717224,2543128.8,3179302.25,4420245.440794006,4832805.027311667,2,10,1
12716398,2542962.4,3179095.0,4419915.291773169,4832424.068776111,2,10,1
12710393,2542063.2,3177590.25,4417647.129790948,4829937.329077357,2,10,1
12710794,2542140.6,3177682.5,4417764.688479379,4830068.682590514,2,10,1
12709326,2541851.8,3177326.5,4417105.491756644,4829322.219314114,2,10,1
12710240,2542007.2,3177557.25,4417468.789315121,4829724.520955164,2,10,1
12708297,2541635.6,3177068.75,4415953.275634356,4827950.764562288,2,10,1
12709097,2541772.6,3177269.5,4416749.674134284,4828902.1763488855,2,10,1
12706100,2541172.6,3176516.25,4415645.166201741,4827727.459789638,2,10,1
12705621,2541113.0,3176401.75,4415424.047750453,4827488.264814625,2,10,1
12705268,2541037.2,3176306.25,4415106.185544205,4827124.033431182,2,10,1
12704756,2540937.8,3176184.5,4415039.812359703,4827074.384576818,2,10,1
12704428,2540844.4,3176100.25,4414844.308234245,4826859.784831223,2,10,1
12704436,2540865.2,3176106.0,4414691.701471996,4826672.76293342,2,10,1
12704002,2540759.2,3175996.5,4414446.953470695,4826398.414526406,2,10,1
12701712,2540330.6,3175425.0,4413555.790435451,4825324.266615802,2,10,1
12702675,2540487.8,3175664.5,4413913.286394421,4825718.674398837,2,10,1
12702237,2540380.8,3175556.5,4413618.595558037,4825376.127218375,2,10,1
12701629,2540245.0,3175398.0,4413444.7456583725,4825207.692296433,2,10,1
12701222,2540232.2,3175302.25,4413215.318111014,4824961.724238744,2,10,1
12700924,2540170.0,3175228.75,4413036.199208772,4824766.237600213,2,10,1
12699104,2539791.0,3174773.0,4412372.375627651,4823992.423683313,2,10,1
12700862,2540101.8,3175212.0,4412899.556555157,4824559.973310312,2,10,1
12700170,2539962.8,3175039.0,4412644.493540999,4824283.359967779,2,10,1
12698233,2539616.8,3174550.25,4411963.767480553,4823542.358486922,2,10,1
12699654,2539866.4,3174911.0,4412457.162159062,4824075.10005438,2,10,1
12697897,2539555.0,3174471.0,4411746.580926651,4823313.595702993,2,10,1
12697421,2539452.6,3174351.75,4411627.995657703,4823159.562385524,2,10,1
12696984,2539350.6,3174242.25,4411534.990075371,4823065.033779134,2,10,1
12696662,2539306.6,3174158.75,4411257.331826301,4822767.971055444,2,10,1
12699352,2539728.2,3174828.75,4412154.146786034,4823721.613108381,2,10,1
12696531,2539270.0,3174129.0,4411101.37296543,4822513.237397004,2,10,1
12696028,2539157.0,3174002.25,4410645.169945549,4821985.52254825,2,10,1
12695128,2538970.8,3173774.75,4410226.250554296,4821444.033433232,2,10,1
12694501,2538886.0,3173605.0,4410099.599832639,4821438.612299929,2,10,1
12693397,2538663.4,3173344.0,4408792.210420366,4819878.150794755,2,10,1
12694239,2538807.4,3173555.0,4409556.335662784,4820657.558757173,2,10,1
12691522,2538260.2,3172874.75,4408729.678006149,4819920.754908624,2,10,1
12691007,2538105.8,3172747.25,4408503.181225879,4819664.13252752,2,10,1
12690078,2537992.8,3172508.0,4408150.725951156,4819249.51734735,2,10,1
12690703,2538030.8,3172672.75,4408208.877030295,4819279.375455379,2,10,1
12689889,2537906.8,3172469.25,4408067.144638192,4819154.28075635,2,10,1
12689459,2537858.2,3172358.0,4407871.64044896,4818934.747976362,2,10,1
12689037,2537770.4,3172255.75,4407671.555210166,4818734.2473046025,2,10,1
12688604,2537678.4,3172147.75,4407583.152296596,4818612.785620178,2,10,1
12688155,2537605.6,3172031.75,4407422.9861234445,4818449.265714533,2,10,1
12687972,2537580.0,3171990.25,4407295.9260821715,4818295.347620178,2,10,1
12688212,2537598.0,3172049.75,4407147.810797194,4818110.158468386,2,10,1
12687348,2537439.0,3171824.25,4406772.266225474,4817691.831625346,2,10,1
12686526,2537291.0,3171628.5,4406545.852356186,4817436.351471981,2,10,1
12686126,2537197.6,3171528.25,4406323.246254784,4817221.347134146,2,10,1
12685639,2537122.2,3171406.0,4406261.2813151125,4817136.163471473,2,10,1
12684947,2536969.4,3171234.0,4406036.976827623,4816883.361352512,2,10,1
12688147,2537524.6,3172034.0,4406920.189217046,4817826.600557075,2,10,1
12687210,2537343.6,3171798.5,4406700.473052293,4817613.301080837,2,10,1
12685753,2537039.6,3171435.25,4406174.043518969,4817025.195939182,2,10,1
12684382,2536849.4,3171092.5,4405613.7441284275,4816401.965009462,2,10,1
12685308,2537006.2,3171323.5,4405858.94261581,4816687.226861528,2,10,1
12683094,2536596.6,3170771.0,4404836.801015254,4815461.941040686,2,10,1
12682621,2536505.6,3170650.25,4404639.430827375,4815285.047521166,2,10,1
12681957,2536364.8,3170484.0,4404469.982776782,4815106.814274287,2,10,1
12681396,2113538.3333333335,2536275.4,4072983.127574268,4404144.111353681,2,12,1
12680658,2536099.6,3170159.25,4403219.312615521,4813666.901001867,2,10,1
12685480,2536936.8,3171367.5,4405695.142644655,4816448.877814061,2,10,1
12679041,2535754.4,3169751.75,4403086.151930746,4813585.710940606,2,10,1
12678567,2535657.4,3169638.75,4403033.717747321,4813505.694966706,2,10,1
12684868,2536752.4,3171214.0,4405427.793177843,4816161.755770875,2,10,1
12684332,2536672.4,3171079.5,4405234.293284275,4815936.354293074,2,10,1
12678282,2535641.0,3169567.5,4402852.685114334,4813303.288329509,2,10,1
12677469,2535478.2,3169364.25,4402634.832966641,4813065.531283181,2,10,1
12676615,2535316.8,3169151.0,4402247.921181086,4812658.722298587,2,10,1
12676198,2535222.2,3169046.0,4402115.8075796,4812489.233416251,2,10,1
12679196,2535708.0,3169796.0,4402898.275645997,4813312.788536879,2,10,1
12678595,2535556.2,3169645.25,4402664.890934149,4813076.935463936,2,10,1
12673664,2534700.0,3168413.5,4401082.952491864,4811392.422062211,2,10,1
12673268,2534618.0,3168314.0,4401006.942979528,4811256.051874743,2,10,1
12677746,2535384.6,3169432.75,4402453.3721983135,4812857.485103652,2,10,1
12676564,2535164.8,3169131.75,4402066.032667298,4812421.087239034,2,10,1
12672622,2534494.6,3168152.5,4400724.443835219,4810929.519637586,2,10,1
12675975,2535030.8,3168989.25,4401825.834183834,4812146.677428649,2,10,1
12675587,2535002.8,3168890.0,4401758.136781449,4812061.055197381,2,10,1
12675230,2534910.4,3168800.25,4401466.117530476,4811735.476888589,2,10,1
12674867,2534786.0,3168713.5,4401256.601148359,4811532.508511503,2,10,1
12669709,2533906.8,3167424.5,4399460.398285647,4809530.788432659,2,10,1
12673790,2534513.2,3168444.25,4400876.797541281,4811088.449928449,2,10,1
12673307,2534419.8,3168323.25,4400613.043481352,4810782.580715351,2,10,1
12669131,2533800.0,3167279.5,4399188.065131621,4809225.5766207315,2,10,1
12668538,2533696.2,3167130.5,4398886.144026656,4808891.227979654,2,10,1
12668148,2533603.8,3167032.5,4398723.288095729,4808708.980426417,2,10,1
12673015,2534299.2,3168250.5,4400433.599110115,4810580.2015080955,2,10,1
12667808,2533541.4,3166948.0,4398513.05256814,4808476.647443623,2,10,1
12667360,2533444.6,3166837.0,4398360.464413565,4808312.115327651,2,10,1
12667072,2533402.4,3166765.0,4398007.427150368,4807906.8361577755,2,10,1
12666383,2533255.2,3166592.0,4397959.781073515,4807852.5104175145,2,10,1
12672845,2534300.0,3168208.25,4400174.859434736,4810269.559664502,2,10,1
12672470,2534199.6,3168112.0,4399940.641319244,4810003.570950927,2,10,1
12665903,2533158.0,3166473.25,4397641.09624245,4807479.743439201,2,10,1
12665650,2533111.2,3166408.5,4397400.946217175,4807206.541906953,2,10,1
12672288,2534120.8,3168058.25,4399893.394781765,4809963.135617457,2,10,1
12671604,2533983.2,3167897.75,4399682.273104525,4809738.811907314,2,10,1
12670964,2533868.6,3167736.75,4399310.1583331,4809320.969558064,2,10,1
12666984,2533231.8,3166743.0,4397801.525162623,4807657.05212598,2,10,1
12665226,2533021.6,3166301.5,4396970.809974783,4806694.848139797,2,10,1
12665875,2533147.8,3166464.25,4397161.040659268,4806902.111095279,2,10,1
12665188,2532965.2,3166289.25,4396795.552625651,4806505.981993391,2,10,1
12664639,2532833.6,3166155.25,4396461.921271501,4806125.80402888,2,10,1
12664237,2532830.4,3166054.75,4396318.022022383,4805942.038911093,2,10,1
12663732,2532706.8,3165924.0,4396182.704148191,4805810.353959049,2,10,1
12663420,2532623.0,3165852.0,4395975.593598934,4805568.860821024,2,10,1
12663032,2532529.0,3165754.5,4395841.160212913,4805420.278377429,2,10,1
12662655,2532505.8,3165660.5,4395495.13558674,4805011.101581521,2,10,1
12661665,2532317.0,3165410.25,4395029.1478113085,4804499.12407661,2,10,1
12663571,2532590.8,3165889.0,4395670.8733137315,4805196.239987985,2,10,1
12662777,2532469.4,3165691.25,4395377.656619657,4804867.45981235,2,10,1
12662461,2532394.8,3165612.5,4395247.936310726,4804716.093178625,2,10,1
12661618,2532219.8,3165401.0,4394917.261681692,4804349.880959754,2,10,1
12661296,2532144.0,3165320.75,4394719.549906797,4804132.280977796,2,10,1
12661129,2532202.2,3165279.25,4394657.483237653,4804058.192372526,2,10,1
12660386,2532035.2,3165092.75,4393903.948858714,4803149.760918584,2,10,1
12657319,2531431.8,3164311.0,4392850.478049782,4802057.560738105,2,10,1
12656434,2531269.4,3164104.0,4392709.1350992955,4801870.523378711,2,10,1
12655140,2531004.6,3163779.5,4392225.440455818,4801357.074028238,2,10,1
12661153,2532120.2,3165284.75,4394461.352139498,4803844.922909105,2,10,1
12659398,2531768.6,3164842.75,4393779.563389566,4803098.416132263,2,10,1
12653986,2530770.0,3163493.0,4391800.14451563,4800885.827777967,2,10,1
12653200,2530627.8,3163297.0,4391420.726266467,4800466.962952598,2,10,1
12652413,2530464.6,3163100.5,4391218.717104091,4800239.347468172,2,10,1
12658892,2531639.8,3164718.5,4393692.5699061155,4802984.092513077,2,10,1
12658260,2531510.6,3164561.0,4393076.061326539,4802227.428906646,2,10,1
12656056,2531121.6,3163995.75,4392366.5831291685,4801508.207543707,2,10,1
12655430,2530915.0,3163853.25,4392000.432401903,4801073.262930028,2,10,1
12654497,2530702.2,3163621.5,4391670.8565558735,4800709.158364314,2,10,1
12653863,2530539.6,3163461.75,4391384.5250667585,4800396.758623144,2,10,1
12653693,2530693.6,3163419.25,4391127.337622573,4800082.811568246,2,10,1
12653275,2530594.4,3163315.25,4390948.803909731,4799890.819789646,2,10,1
12652906,2530504.6,3163223.5,4390706.342271002,4799614.997315618,2,10,1
12652463,2530409.8,3163112.25,4390511.938926849,4799407.800094326,2,10,1
12652003,2530307.0,3162997.5,4390311.175093573,4799186.210080865,2,10,1
12651620,2530224.4,3162901.75,4390250.206088977,4799096.137191279,2,10,1
12651374,2530169.2,3162835.0,4390124.360991235,4798957.667009438,2,10,1
12647582,2529467.0,3161885.25,4388770.146639945,4797480.372622305,2,10,1
12651046,2530112.2,3162758.75,4389983.297493818,4798771.432506058,2,10,1
12650537,2529999.4,3162630.75,4389904.204681556,4798699.148935773,2,10,1
12650163,2529910.0,3162536.0,4389703.602094052,4798512.44731323,2,10,1
12649717,2529794.4,3162423.0,4389411.600545317,4798192.0471854815,2,10,1
12649365,2529710.8,3162337.25,4389233.956368092,4797999.016887587,2,10,1
12648869,2529639.6,3162207.75,4388981.488040568,4797724.76435976,2,10,1
12648490,2529549.8,3162118.5,4388836.691154183,4797507.9695931375,2,10,1
12645172,2529016.0,3161290.0,4387557.02697908,4796085.430085527,2,10,1
12644964,2528976.0,3161237.75,4387315.525362577,4795818.5612799805,2,10,1
12648074,2529385.8,3162015.5,4388650.966679875,4797306.263765496,2,10,1
12647524,2529287.4,3161877.5,4388383.028195499,4797011.737143622,2,10,1
12643887,2528765.6,3160966.5,4386863.078813128,4795305.916203366,2,10,1
12647062,2529264.4,3161762.75,4388087.1807741355,4796678.0220593205,2,10,1
12646737,2529189.2,3161673.0,4387972.194571623,4796567.225182402,2,10,1
12646386,2529101.6,3161593.5,4387714.141965415,4796268.485116772,2,10,1
12645156,2528907.6,3161285.25,4387031.5697085885,4795454.928803758,2,10,1
12643986,2528724.4,3160992.0,4386700.931561588,4795106.997458207,2,10,1
12643425,2528668.0,3160853.0,4386280.870331664,4794623.795569158,2,10,1
12643982,2528763.4,3160992.5,4386554.809047221,4794922.575938184,2,10,1
12642962,2528554.0,3160734.75,4386183.764379749,4794493.076132893,2,10,1
12641523,2528281.2,3160377.25,4385625.624596928,4793912.215047078,2,10,1
12640331,2528022.4,3160079.5,4385165.3590723695,4793390.312580613,2,10,1
12639498,2527883.0,3159871.25,4384807.4710738445,4793005.549241684,2,10,1
12642699,2528430.6,3160670.5,4386007.099370485,4794311.934706829,2,10,1
12642306,2528338.6,3160573.0,4385837.138794919,4794133.291202557,2,10,1
12641437,2528188.0,3160355.25,4385464.150451353,4793733.69266145,2,10,1
12641191,2528106.2,3160294.5,4385274.832871847,4793529.693013038,2,10,1
12640464,2527933.8,3160113.25,4384984.4056205265,4793182.975041976,2,10,1
12639794,2527806.6,3159945.25,4384640.535509702,4792778.994330212,2,10,1
12639665,2527896.0,3159908.5,4384502.897149459,4792633.163453016,2,10,1
12639237,2527819.2,3159806.0,4384433.855114386,4792547.4443866145,2,10,1
12638756,2527721.2,3159686.25,4384271.969126881,4792375.439452018,2,10,1
12638325,2527637.8,3159571.75,4384003.46163854,4792097.165301665,2,10,1
12637964,2527577.8,3159488.25,4383857.741865399,4791952.702825254,2,10,1
12637627,2527504.2,3159391.0,4383698.4614014225,4791795.561027829,2,10,1
12637863,2527542.6,3159462.5,4383524.104153678,4791566.242780086,2,10,1
12637501,2527461.4,3159372.5,4383364.244237786,4791395.141712172,2,10,1
12637183,2527385.2,3159292.75,4383257.763414981,4791206.868712821,2,10,1
12636335,2527210.0,3159081.0,4382897.759126204,4790850.467536288,2,10,1
12633587,2526679.6,3158393.0,4381876.429284925,4789677.546776819,2,10,1
12636926,2527289.8,3159228.5,4383093.125814771,4791040.770938503,2,10,1
12636149,2527124.4,3159030.75,4382670.778021354,4790598.449334375,2,10,1
12635584,2527020.2,3158892.75,4382507.632446657,4790358.274670861,2,10,1
12635100,2526894.2,3158772.25,4382239.332293902,4790048.375264727,2,10,1
12634709,2526769.0,3158674.25,4382015.3290634435,4789798.130912852,2,10,1
12633974,2526582.6,3158489.25,4381586.07339218,4789320.467841646,2,10,1
12633246,2526433.6,3158308.0,4381426.17994293,4789136.480749252,2,10,1
12632837,2526322.2,3158206.0,4381180.484691107,4788867.971334353,2,10,1
12629872,2525955.6,3157457.25,4379989.454608801,4787553.118795751,2,10,1
12628979,2525790.8,3157241.75,4379730.031396935,4787263.87737062,2,10,1
12632426,2526336.8,3158101.75,4381005.836861063,4788680.610286677,2,10,1
12631262,2526131.6,3157810.25,4380509.678847063,4788117.41941203,2,10,1
12630873,2526067.4,3157712.5,4380133.738968628,4787664.644911442,2,10,1
12629871,2525872.2,3157464.25,4379820.559914093,4787387.172104868,2,10,1
12629074,2525758.8,3157265.5,4379590.212257957,4787074.131900647,2,10,1
12628545,2525674.4,3157133.25,4379332.440378819,4786795.902432536,2,10,1
12628239,2525595.2,3157051.5,4379205.934593988,4786673.337071687,2,10,1
12627719,2525471.2,3156926.75,4379024.253150375,4786463.885052261,2,10,1
12627459,2525470.6,3156862.0,4378856.48176842,4786270.131234342,2,10,1
12627171,2525393.2,3156789.75,4378722.462546205,4786110.458600412,2,10,1
12626799,2525325.6,3156693.0,4378504.821107807,4785866.253623406,2,10,1
12626205,2525200.8,3156534.0,4378268.66200633,4785606.809876396,2,10,1
12625718,2525117.8,3156422.5,4378202.0636325935,4785545.943905843,2,10,1
12625281,2525018.8,3156316.25,4378040.325064252,4785374.177177816,2,10,1
12625012,2524974.2,3156250.0,4377704.135594958,4784981.24069677,2,10,1
12624714,2524930.6,3156174.75,4377603.45560631,4784855.708896237,2,10,1
12624353,2524838.2,3156081.5,4377406.742386946,4784631.50152712,2,10,1
12624061,2524792.0,3156012.5,4377224.833991224,4784425.142924244,2,10,1
12623777,2524742.8,3155941.0,4377055.949316527,4784239.317722515,2,10,1
12623448,2524675.8,3155858.75,4376895.300446334,4784054.83550822,2,10,1
12623157,2524619.4,3155785.75,4376705.81450642,4783863.137108152,2,10,1
12622467,2524445.6,3155613.75,4376418.431737566,4783500.573467607,2,10,1
12622147,2524401.2,3155534.5,4376240.626317491,4783311.608697368,2,10,1
12621863,2524320.4,3155462.75,4376153.036874145,4783213.94341283,2,10,1
12621671,2524252.0,3155415.25,4376133.739927231,4783190.57310713,2,10,1
12621582,2524162.2,3155392.0,4375875.170309386,4782904.376849977,2,10,1
12621261,2524070.6,3155311.25,4375647.340878638,4782643.055433705,2,10,1
12618342,2523643.0,3154574.5,4374519.786534861,4781389.409007281,2,10,1
12620762,2523928.2,3155184.5,4375371.355047386,4782307.21082321,2,10,1
12620405,2523854.6,3155095.75,4375039.076437467,4781917.157369094,2,10,1
12615179,2523007.4,3153792.25,4373194.825468539,4779895.058864534,2,10,1
12620103,2523841.2,3155013.75,4374898.341555573,4781759.883345557,2,10,1
12619636,2523751.4,3154905.0,4374590.608386378,4781401.194453847,2,10,1
12618638,2523531.4,3154656.0,4374302.34471256,4781106.69952296,2,10,1
12618027,2523445.0,3154503.5,4374099.334751498,4780872.756162728,2,10,1
12616474,2523119.4,3154115.25,4373542.506093578,4780251.556688091,2,10,1
12616116,2523032.0,3154025.75,4373323.062020059,4780021.063107664,2,10,1
12615407,2522912.2,3153848.75,4373066.0212559905,4779739.241257232,2,10,1
12615139,2522925.0,3153782.0,4372864.071393713,4779492.833503781,2,10,1
114593101,1.637042714285714E7,4208595.6,3.435183120992083E7,5386237.464353647,2,13,1
114593215,1.6370454714285715E7,4208406.6,3.435230465522322E7,5386413.1518206345,2,13,1
114591741,1.6370221142857144E7,4207273.2,3.435430054421352E7,5387209.980367361,2,13,1
114591701,1.6370208857142856E7,4207151.0,3.435455047063121E7,5387330.717031998,2,13,1
114591314,1.6370186142857144E7,4206220.2,3.4356512111096956E7,5388141.247456928,2,13,1
114591071,1.6370151285714287E7,4205018.8,3.4359118542661615E7,5389041.5248167,2,13,1
114591841,1.6370261285714287E7,4204580.8,3.436040001956959E7,5389484.04073903,2,13,1
114591906,1.6370270142857144E7,4204244.2,3.4361180798460916E7,5389817.618507764,2,13,1
114591391,1.6370196571428573E7,4204079.4,3.436136288579041E7,5389996.408271003,2,13,1
114591814,1.6370242571428569E7,4203269.2,3.436335528025126E7,5390698.624174394,2,13,1
114591591,1.6370207285714285E7,4203154.2,3.436352883724798E7,5390742.698785641,2,13,1
114591400,1.6370196285714285E7,4202877.4,3.4364075157686844E7,5390924.018881949,2,13,1
114591236,1.6370166714285715E7,4202026.0,3.4365941161377594E7,5391639.437004621,2,13,1
114590132,1.6370016142857144E7,4201065.0,3.4367668704729214E7,5392203.700020893,2,13,1
114590006,1.6369994857142858E7,4200284.4,3.4369364928345375E7,5392840.5772725465,2,13,1
114589650,1.6369939E7,4200115.2,3.436961268483432E7,5392906.857297945,2,13,1
114589903,1.6369978714285716E7,4199706.0,3.437063230228513E7,5393208.664060894,2,13,1
114591278,1.6370172714285713E7,4199328.8,3.437198837227601E7,5393475.811339725,2,13,1
114591241,1.6370162E7,4198662.6,3.437347862772569E7,5394058.939739656,2,13,1
114589738,1.636995857142857E7,4198229.4,3.437388460267074E7,5394324.662133232,2,13,1
114590144,1.637001542857143E7,4197527.2,3.437560962261867E7,5394829.846461304,2,13,1
114589953,1.6369974714285715E7,4196422.8,3.437802453563709E7,5395643.176774638,2,13,1
114589085,1.636986757142857E7,4196336.4,3.437788968857505E7,5395717.457695806,2,13,1
114588298,1.6369744000000002E7,4195691.2,3.4379021251523025E7,5395989.840181197,2,13,1
114588191,1.636972442857143E7,4195574.4,3.437924603324806E7,5396062.126172688,2,13,1
114590046,1.6370000714285713E7,4195444.8,3.438022746616807E7,5396134.549289028,2,13,1
114587845,1.636966957142857E7,4194603.2,3.4381281195229284E7,5396665.17023909,2,13,1
114589691,1.6369951714285713E7,4194079.8,3.438313410176668E7,5397003.627470312,2,13,1
114587951,1.6369706142857144E7,4193535.0,3.438371649262833E7,5397460.366002746,2,13,1
114588078,1.6369720142857144E7,4193046.2,3.438487319942813E7,5397828.725727661,2,13,1
114588022,1.6369715285714287E7,4192568.4,3.438588606467765E7,5397898.686176159,2,13,1
114587750,1.636967442857143E7,4192367.8,3.438622219433058E7,5397994.982687387,2,13,1
114586485,1.6369495E7,4191397.8,3.4387911577036835E7,5398779.00010745,2,13,1
114587805,1.6369678285714287E7,4190783.6,3.4389805182785444E7,5399163.265544051,2,13,1
114587875,1.6369666571428573E7,4190136.6,3.439122595588786E7,5399008.8293812135,2,13,1
114587331,1.6369613714285715E7,4189424.2,3.4392622995136306E7,5399559.852452068,2,13,1
114586381,1.6369480857142858E7,4187998.4,3.4395479320848994E7,5400810.435988408,2,13,1
114586208,1.6369453E7,4187862.6,3.439572279608713E7,5400895.775406363,2,13,1
114586287,1.6369466571428573E7,4187201.2,3.439722862470414E7,5401323.132445531,2,13,1
114585760,1.6369383714285715E7,4187022.8,3.439742713084174E7,5401374.944950193,2,13,1
114585762,1.6369388428571431E7,4186363.8,3.439886873612962E7,5401519.611714532,2,13,1
114585583,1.636936157142857E7,4185389.8,3.440101544456448E7,5402474.904150291,2,13,1
114585353,1.636933114285714E7,4184682.0,3.440252736594596E7,5403123.265771382,2,13,1
114585049,1.636928342857143E7,4184564.6,3.440267897691661E7,5403224.636255123,2,13,1
114585036,1.6369287857142858E7,4184370.8,3.4403117319645785E7,5403450.097331306,2,13,1
114584626,1.6369218714285715E7,4183493.6,3.440492692608635E7,5404141.545134833,2,13,1
114584551,1.636921757142857E7,4183055.8,3.440590103937975E7,5404558.110956593,2,13,1
114584479,1.6369196999999998E7,4182687.8,3.440671206904859E7,5404874.02479005,2,13,1
114584383,1.6369177142857144E7,4181289.2,3.4409848070744105E7,5406291.523468625,2,13,1
114584107,1.6369156428571427E7,4181158.0,3.4410052686127335E7,5406449.137344677,2,13,1
114583701,1.636909242857143E7,4181046.4,3.4410149268537074E7,5406546.344739848,2,13,1
114582937,1.636898057142857E7,4180953.2,3.441007477213902E7,5406623.00115143,2,13,1
114583534,1.636907457142857E7,4180861.0,3.441050537413298E7,5406715.448498885,2,13,1
114583510,1.636906242857143E7,4180592.4,3.4411114853129484E7,5407009.599863893,2,13,1
114583484,1.6369066714285715E7,4180544.0,3.441121987734713E7,5407128.066523485,2,13,1
114583117,1.6369009285714285E7,4179941.6,3.441244218646086E7,5407683.5167940715,2,13,1
114583467,1.6369043142857142E7,4179279.0,3.4414026453587696E7,5408322.070902028,2,13,1
114582960,1.6368973285714285E7,4178753.8,3.4415089989525385E7,5408931.723347199,2,13,1
114582588,1.6368910714285715E7,4178504.6,3.441550800965629E7,5409178.39240557,2,13,1
114583340,1.6369003857142856E7,4178252.2,3.441635410589049E7,5409205.009280911,2,13,1
114582558,1.6368936E7,4177945.0,3.441673699884163E7,5409370.234002892,2,13,1
114583257,1.6369029000000002E7,4176844.6,3.441948882035578E7,5410359.435227137,2,13,1
114582484,1.6368922857142856E7,4175450.0,3.442230402423706E7,5411136.1918060705,2,13,1
114581822,1.6368829714285715E7,4175116.4,3.442282497297878E7,5411589.658982313,2,13,1
114581631,1.6368787999999998E7,4174481.4,3.442422076573807E7,5412378.238276987,2,13,1
114580490,1.636862157142857E7,4174296.0,3.4424206663701475E7,5412514.779581069,2,13,1
114580070,1.6368578285714285E7,4173385.2,3.442611639437333E7,5413443.142832268,2,13,1
114580081,1.6368579857142854E7,4172652.4,3.442777319357585E7,5414053.04142186,2,13,1
114580091,1.6368582142857146E7,4172572.0,3.44279594022122E7,5414147.685650069,2,13,1
114579749,1.6368531000000002E7,4172287.8,3.442848308951447E7,5414444.2332772445,2,13,1
114579254,1.6368450285714284E7,4171849.2,3.442930506597931E7,5414974.5044924915,2,13,1
114579040,1.6368415571428573E7,4171657.8,3.442965714405753E7,5415098.553731797,2,13,1
114579064,1.6368433857142858E7,4170635.4,3.443197283764744E7,5416050.913221717,2,13,1
114579008,1.6368427285714285E7,4169654.8,3.443417062914977E7,5417056.788733592,2,13,1
114577728,1.6368242428571427E7,4168407.8,3.4436481419294275E7,5417752.137596386,2,13,1
114578351,1.636833357142857E7,4168093.2,3.443741485701238E7,5418030.997124112,2,13,1
114577808,1.6368250142857144E7,4167946.2,3.443752951386936E7,5418164.713226122,2,13,1
114577190,1.6368168285714285E7,4166284.0,3.444103091248848E7,5419215.267805802,2,13,1
114576825,1.6368115714285715E7,4166035.8,3.444146223578209E7,5419451.073227223,2,13,1
114576785,1.6368100714285713E7,4165511.4,3.4442619954803534E7,5419923.330816341,2,13,1
114576864,1.6368119999999998E7,4164690.8,3.444451197091891E7,5420570.344222617,2,13,1
114576923,1.4322110500000002E7,3470218.166666667,3.24110569947369E7,5137987.160166612,2,15,1
114577171,1.6368163142857142E7,4163758.6,3.444671620849429E7,5421232.732404808,2,13,1
114576753,1.6368099714285713E7,4163655.4,3.44467881582973E7,5421317.726824661,2,13,1
114576727,1.6368102142857144E7,4163507.2,3.4447106715641275E7,5421418.323517999,2,13,1
114576675,1.6368086714285713E7,4162115.8,3.4450042128610514E7,5421586.152350408,2,13,1
114576705,1.636808657142857E7,4161685.0,3.445110093559757E7,5421894.291658036,2,13,1
114576049,1.6367997714285713E7,4161149.4,3.445201907909499E7,5421823.003417698,2,13,1
114575476,1.6367914428571427E7,4160076.2,3.445418311925795E7,5422400.363510814,2,13,1
114574034,1.636771657142857E7,4159959.6,3.4453876380160436E7,5422442.817075787,2,13,1
114574459,1.6367771999999998E7,4158774.6,3.44567256499063E7,5423369.981126707,2,13,1
60008818,5701548.222222222,6667643.0,5213693.138399756,4815506.287190917,2,19,1
60008286,5701479.666666667,6667585.555555556,5213768.833766366,4815593.85814694,2,19,1
60007942,5701432.666666667,6667547.222222222,5213817.911757396,4815641.614539069,2,19,1
28873783,1.00894725E7,9624578.666666666,1595.9400051380378,805219.4186073341,0,7,1
60007193,5701363.888888889,6667463.777777778,5213889.067179615,4815764.312440232,2,19,1
28873968,1.00896235E7,9624621.333333334,1809.486253056375,805343.0178013176,0,7,1
60006212,5701273.222222222,6667355.222222222,5214014.157398855,4815913.684995968,2,19,1
60005594,5701219.444444444,6667286.444444444,5214084.823519922,4815993.7245689,2,19,1
60005097,5701156.111111111,6667231.0,5214152.090549777,4816075.293538116,2,19,1
60004664,5701099.222222222,6667183.333333334,5214166.03710835,4816118.3782102205,2,19,1
60004299,5701038.777777778,6667142.666666667,5214229.905364472,4816207.175270313,2,19,1
60003821,5701002.666666667,6667089.666666667,5214320.989802363,4816299.368741602,2,19,1
60003493,5700952.888888889,6667053.0,5214264.942017653,4816266.930150415,2,19,1
60002460,5700833.888888889,6666938.0,5214360.61377796,4816392.302497612,2,19,1
28876317,1.0089377E7,9625400.333333334,1155.4124804588187,803550.974991838,0,7,1
60000378,5700298.444444444,6666706.444444444,5214901.002391443,4817245.637182832,2,19,1
60006977,5700899.333333333,6667440.222222222,5214288.1944591915,4816515.028991054,2,19,1
60005941,5700767.888888889,6667322.111111111,5214432.5253599845,4816700.399897435,2,19,1
60005586,5700713.555555555,6667286.0,5214436.824804168,4816735.212975174,2,19,1
60005192,5700665.777777778,6667242.222222223,5214484.722633694,4816796.297179868,2,19,1
28877640,1.00892085E7,9625864.333333334,917.1174951989522,802761.1334041611,0,7,1
60002929,5700441.555555556,6666975.111111111,5214761.253027963,4817156.672341695,2,19,1
60002250,5700363.111111111,6666915.222222222,5214834.903317109,4817227.999761994,2,19,1
60001307,5700094.666666667,6666803.555555556,5215103.9296636265,4817675.07103777,2,19,1
60002547,5700227.666666666,6666928.0,5214969.401246761,4817511.572017991,2,19,1
28878765,1.0089132E7,9626243.333333334,589.7270555095806,801887.1335196327,0,7,1
59999906,5699932.666666667,6666654.333333333,5215233.630568889,4817840.065646223,2,19,1
60000770,5699851.777777778,6666743.555555556,5215329.647350319,4818042.301460524,2,19,1
60001292,5699906.333333333,6666808.666666667,5215270.113180165,4817966.34586949,2,19,1
60000222,5699787.444444444,6666689.777777778,5215398.094894773,4818118.572700676,2,19,1
59999679,5699726.0,6666629.666666667,5215462.080784238,4818194.792620001,2,19,1
60001060,5699672.555555556,6666781.222222222,5215468.130938083,4818344.569264396,2,19,1
60000560,5699648.444444444,6666727.444444444,5215562.677152895,4818424.088992274,2,19,1
60001935,5699577.666666667,6666879.111111111,5215640.164660758,4818624.258760052,2,19,1
60000544,5699418.555555556,6666724.555555556,5215758.450692457,4818804.619372685,2,19,1
60001233,5699492.444444445,6666795.555555556,5215700.040993613,4818734.362338598,2,19,1
60000172,5699363.111111111,6666683.666666667,5215798.8356227,4818861.339519794,2,19,1
28885781,1.0089065E7,9628588.0,326.683332908185,797748.8465005762,0,7,1
60002141,5699169.222222222,6666899.555555555,5215975.406326673,4819304.995808319,2,19,1
60001609,5699106.0,6666842.111111111,5216040.98399622,4819385.021909964,2,19,1
28887723,1.00891965E7,9629222.333333334,318.90515831513295,796660.5735947608,0,7,1
60000508,5699008.555555556,6666720.777777778,5216192.088045457,4819548.695573315,2,19,1
60001615,5698940.444444444,6666841.0,5216264.386037174,4819725.42208091,2,19,1
28889371,1.0089064E7,9629781.333333334,763.6753236814714,795569.5133137854,0,7,1
60000484,5698801.666666667,6666718.888888889,5216366.599394712,4819889.8874955755,2,19,1
28891128,1.0089024E7,9630367.333333334,707.1067811865476,794570.9553622844,0,7,1
60001272,5698670.222222222,6666806.111111111,5216485.174195091,4820155.397096354,2,19,1
60000916,5698609.333333333,6666766.555555556,5216510.632407572,4820212.942300166,2,19,1
60001907,5698577.333333333,6666875.555555556,5216621.066499104,4820390.224960712,2,19,1
60001376,5698513.777777778,6666814.333333333,5216660.425803748,4820463.755224828,2,19,1
60000756,5698443.333333333,6666747.333333333,5216734.079160016,4820555.897314307,2,19,1
60000223,5698379.555555556,6666689.333333333,5216807.726268434,4820647.513008471,2,19,1
28894890,1.00889085E7,9631626.0,1166.0190821766168,792242.2284907565,0,7,1
60002038,5698325.555555556,6666891.444444444,5216828.450981427,4820812.126546188,2,19,1
28895055,1.00889725E7,9631671.666666666,1256.528750168495,792201.2873950239,0,7,1
60000202,5698165.222222222,6666687.555555556,5217050.902203246,4821053.421632276,2,19,1
59999745,5698113.333333333,6666636.999999999,5217065.291181193,4821091.0262311995,2,19,1
28896306,1.0089012E7,9632096.0,1199.2531008923845,791420.352233249,0,7,1
60002703,5698024.666666667,6666965.444444444,5217135.083738057,4821379.477040676,2,19,1
60001505,5697884.333333333,6666828.222222222,5217299.692428307,4821596.216066049,2,19,1
60000869,5697795.666666667,6666761.111111111,5217362.379679746,4821699.04725169,2,19,1
60002331,5697754.888888889,6666924.0,5217382.270455234,4821825.124075218,2,19,1
28900559,1.0089058E7,9633501.0,1421.2846301849606,789024.249667271,0,7,1
60001648,5697657.0,6666846.222222222,5217522.978321467,4822012.857979067,2,19,1
60000392,5697508.222222222,6666708.444444444,5217640.652752276,4822177.050847965,2,19,1
60000090,5697443.888888889,6666674.666666667,5217694.261077719,4822266.144449646,2,19,1
60001427,5697395.888888889,6666823.888888889,5217725.088421616,4822404.221332639,2,19,1
60000999,5697343.0,6666775.888888889,5217754.022225511,4822451.146368007,2,19,1
60000552,5697331.222222222,6666726.222222222,5217781.831787618,4822459.249586195,2,19,1
60000208,5697284.0,6666684.999999999,5217833.15489785,4822532.568870013,2,19,1
60001548,5697204.888888889,6666835.555555556,5217895.340181672,4822731.784945855,2,19,1
60001127,5697143.777777778,6666790.222222222,5217961.064084031,4822818.005573784,2,19,1
60000641,5697104.666666667,6666735.888888888,5218044.181678562,4822909.731996169,2,19,1
28906357,1.0088994E7,9635422.0,1842.720271772143,785643.6004525208,0,7,1
60001431,5696993.888888889,6666823.222222222,5218091.946979912,4823087.640598623,2,19,1
60000998,5696926.333333333,6666775.444444444,5218167.438792497,4823192.213023267,2,19,1
60000829,5696883.111111111,6666747.444444444,5218213.1509964075,4823277.057807252,2,19,1
60002371,5696783.444444444,6666927.888888889,5218274.120251161,4823489.338090539,2,19,1
28909179,1.0089321E7,9636378.666666666,1839.8918446473967,784506.386651717,0,7,1
28910923,1.0089248E7,9636971.0,1736.6542545941606,783403.27227361,0,7,1
60000797,5696469.444444444,6666752.0,5218737.59821571,4824121.78819039,2,19,1
60000557,5696414.666666667,6666722.777777778,5218795.824301259,4824212.349577177,2,19,1
28912166,1.00889795E7,9637379.0,1730.2902935634818,782249.5830187447,0,7,1
28914001,1.00889795E7,9637983.0,1867.469009113672,781193.1573836269,0,7,1
60001771,5695973.555555556,6666857.0,5219220.476069849,4825045.936303379,2,19,1
60001149,5695896.444444444,6666792.666666666,5219301.037025866,4825144.480148652,2,19,1
59999993,5695783.777777778,6666662.666666667,5219420.954809853,4825297.535149724,2,19,1
60000706,5695850.777777778,6666741.111111111,5219351.658336425,4825217.47833117,2,19,1
60000666,5695656.0,6666738.777777778,5219537.0141386585,4825555.574439351,2,19,1
28917743,1.00889665E7,9639220.666666666,2177.18177927338,778974.5983383112,0,7,1
60001375,5695537.111111111,6666817.88888889,5219612.10980343,4825747.565303753,2,19,1
60002041,5695594.777777778,6666892.0,5219553.961796874,4825688.433757276,2,19,1
28919307,1.00888075E7,9639755.666666666,2353.9584745700167,777919.0099003451,0,7,1
60001889,5695383.888888889,6666875.111111111,5219719.876420392,4826016.098632169,2,19,1
60001355,5695346.444444444,6666815.0,5219801.903283402,4826096.670370969,2,19,1
60000967,5695287.111111111,6666768.777777778,5219849.238439997,4826173.912814885,2,19,1
60002045,5695163.888888889,6666879.333333333,5219918.249686398,4826408.18318377,2,19,1
60002789,5695227.777777778,6666974.0,5219888.463006699,4826354.669472914,2,19,1
28923392,1.0088798E7,9641115.666666666,2773.2727958136393,775566.6094800197,0,7,1
60001295,5694865.333333333,6666778.777777778,5220173.7012060005,4826892.487467294,2,19,1
60000353,5694754.222222222,6666703.333333334,5220254.286113005,4826962.613031149,2,19,1
59999870,5694740.555555556,6666650.0,5220357.24032597,4827035.727824168,2,19,1
60002662,5694955.888888889,6666957.111111111,5220090.957554702,4826770.789307936,2,19,1
60001144,5694663.0,6666782.555555556,5220438.628887231,4827252.527029949,2,19,1
60000417,5694569.666666667,6666710.777777778,5220496.440374613,4827351.334249761,2,19,1
60001117,5694489.555555556,6666789.0,5220579.8593979515,4827535.214655638,2,19,1
28928187,1.008869E7,9642725.666666666,2824.1844840590707,772603.2362696478,0,7,1
28929215,1.00886545E7,9643066.666666666,2935.2002487053587,771971.1975173253,0,7,1
60000610,5694295.777777778,6666731.333333333,5220708.007109208,4827793.115702504,2,19,1
60001505,5694225.777777778,6666831.0,5220853.090052281,4828039.106809203,2,19,1
60002005,5694231.333333333,6666887.444444444,5220779.107455682,4827982.420437783,2,19,1
60001136,5694180.222222222,6666791.666666667,5220900.249943964,4828092.819879269,2,19,1
60000888,5694129.0,6666763.777777778,5220921.168873458,4828149.021771252,2,19,1
60000479,5694080.555555556,6666718.555555556,5220902.164001738,4828132.518130175,2,19,1
28932424,1.0088633E7,9644116.333333334,3450.681092190352,769995.7169246679,0,7,1
60001506,5694032.777777777,6666832.666666667,5220951.800786538,4828270.732355529,2,19,1
28932320,1.0088553E7,9644102.666666666,3337.5440072005044,769943.0753376079,0,7,1
60000037,5693867.555555556,6666669.555555556,5220997.333386867,4828374.4342601765,2,19,1
28933230,1.00885305E7,9644402.0,3322.6947647955867,769252.3834405715,0,7,1
60001384,5693698.777777778,6666818.0,5221180.067427544,4828751.517811022,2,19,1
60000493,5693585.777777778,6666715.666666667,5221261.298189399,4828889.385219856,2,19,1
60001441,5693485.444444444,6666824.444444444,5221353.807973802,4829107.373151743,2,19,1
28939092,1.00885305E7,9646323.666666666,3705.9466401986956,765945.2404717541,0,7,1
60000360,5693139.111111111,6666703.999999999,5221646.295029673,4829617.936555592,2,19,1
60002381,5693233.0,6666920.555555556,5221561.830508809,4829579.012249699,2,19,1
28940208,1.00884115E7,9646732.333333334,3838.8827150617667,765204.8476070531,0,7,1
60001136,5692939.0,6666790.777777778,5221841.6079956405,4830008.473110472,2,19,1
60001942,5693024.0,6666875.111111111,5221772.8081650585,4829918.046146162,2,19,1
60000610,5692875.777777778,6666732.555555556,5221907.528217318,4830092.802261726,2,19,1
60000018,5692806.444444444,6666666.111111111,5221948.027437202,4830158.579371008,2,19,1
28943558,1.0088373E7,9647849.666666666,4064.4497782602753,763170.6183287805,0,7,1
60000560,5692627.222222222,6666725.11111111,5222097.798081193,4830484.107309677,2,19,1
60001953,5692561.666666667,6666881.444444444,5222167.458592002,4830642.552294651,2,19,1
60001372,5692492.666666667,6666816.777777778,5222243.852021155,4830739.317836474,2,19,1
28945345,1.00883725E7,9648441.666666666,3970.4045763624645,761989.4518760304,0,7,1
60002337,5692391.888888889,6666924.11111111,5222353.8996328665,4831016.855572113,2,19,1
60001777,5692297.666666667,6666860.88888889,5222347.128004826,4831037.916864047,2,19,1
60001332,5692239.111111111,6666804.333333333,5222408.289933569,4831116.1896960465,2,19,1
28949884,1.0088278E7,9649956.333333334,4162.0305140640185,759356.6860397907,0,7,1
28950029,1.0088278E7,9649999.666666666,4162.0305140640185,759290.268615589,0,7,1
60000808,5691916.444444444,6666740.888888889,5222603.298483266,4831573.13691158,2,19,1
60002738,5691817.444444444,6666968.555555556,5222647.32208188,4831776.346448195,2,19,1
60001793,5691749.999999999,6666846.11111111,5222797.228688497,4831949.142477482,2,19,1
28955735,1.0088402E7,9651892.333333334,4508.512836845427,756048.7999754602,0,7,1
60001135,5691345.444444444,6666788.222222222,5223184.343072914,4832605.20988979,2,19,1
60001540,5691216.333333333,6666835.666666667,5223330.1013304,4832870.111397083,2,19,1
28957343,1.0088335E7,9652431.0,4413.76052816643,755061.1654720431,0,7,1
60000074,5691042.111111111,6666672.888888889,5223412.657571184,4832995.09348565,2,19,1
60000758,5690893.222222222,6666748.888888889,5223434.875311139,4833170.442669296,2,19,1
60000392,5690869.333333333,6666709.000000001,5223281.629748678,4832997.770368381,2,19,1
60001846,5690974.111111111,6666867.444444444,5223453.803775966,4833203.616287134,2,19,1
60001276,5690658.555555556,6666792.333333333,5223506.049984534,4833454.970893957,2,19,1
28962348,1.00882705E7,9654107.0,4250.418861712337,752025.100172195,0,7,1
60002289,5690572.777777778,6666906.222222222,5223604.329905161,4833674.8021303825,2,19,1
60001232,5690450.777777778,6666790.111111111,5223746.539218566,4833854.791845775,2,19,1
28963394,1.00881085E7,9654446.0,4448.40876044457,751256.335715713,0,7,1
60002354,5690226.333333333,6666920.222222222,5223965.266307506,4834304.762671795,2,19,1
60002410,5690019.0,6666931.444444444,5224202.349459413,4834704.550297389,2,19,1
60001840,5689986.222222222,6666863.666666667,5224254.848875072,4834782.516771566,2,19,1
59999972,5689774.333333333,6666659.555555556,5224446.916576265,4835034.8596398225,2,19,1
60000604,5689646.888888889,6666731.0,5224568.153310435,4835293.580523963,2,19,1
28971878,1.00880445E7,9657269.666666666,4512.0483707513595,746267.964303261,0,7,1
28971959,1.00880445E7,9657304.666666666,4512.0483707513595,746171.065670824,0,7,1
60000798,5689421.0,6666753.555555556,5224742.264959392,4835659.512681184,2,19,1
60001445,5689304.777777778,6666825.333333333,5224801.917634816,4835845.337302983,2,19,1
60002026,5689365.333333333,6666890.111111111,5224774.760738567,4835802.9416465685,2,19,1
60000969,5689286.333333333,6666770.111111111,5224880.065240924,4835910.617182906,2,19,1
60002414,5120305.6,6000239.8,5244342.788010783,5023315.151610135,2,21,1
60001768,5689130.777777778,6666857.888888889,5224999.940143607,4836202.042290557,2,19,1
28975628,1.00879735E7,9658537.0,4503.563089377121,743932.8071351605,0,7,1
60000985,5689026.777777778,6666774.444444444,5225061.608184749,4836295.247914542,2,19,1
28977204,1.00879735E7,9659052.666666666,4694.481920297489,743056.6437307006,0,7,1
60001495,5688908.666666667,6666829.555555556,5225139.803595067,4836498.081437749,2,19,1
60000981,5688848.999999999,6666772.333333332,5225198.002644612,4836574.075143971,2,19,1
60000692,5688825.777777778,6666739.777777778,5225225.520914499,4836598.484536028,2,19,1
60000080,5688751.222222222,6666673.222222222,5225279.089573896,4836679.663263136,2,19,1
60001930,5688697.666666667,6666877.111111111,5225184.230710578,4836715.52418874,2,19,1
28979322,1.00878195E7,9659758.666666666,4739.736754293428,741518.0219450727,0,7,1
60001121,5688466.555555556,6666788.666666667,5225434.079929177,4837099.564438642,2,19,1
60002436,5688405.111111111,6666934.555555556,5225492.852658552,4837275.186712715,2,19,1
60001280,5688259.333333333,6666799.0,5225659.551378443,4837504.950104522,2,19,1
60001395,5687992.666666667,6666819.777777778,5225989.359762681,4838034.790536954,2,19,1
60004131,5688139.111111111,6667121.333333333,5225785.406275774,4837877.513850779,2,19,1
28986633,1.00879455E7,9662151.333333334,5016.922612518555,737360.1716707605,0,7,1
60001341,5687806.0,6666810.555555556,5226166.39622453,4838396.301531095,2,19,1
60000340,5687691.0,6666698.888888889,5226295.140202115,4838562.083190895,2,19,1
28986754,1.00878085E7,9662235.666666666,5468.056738915572,737155.8560639217,0,7,1
28987724,1.0087705E7,9662570.333333334,5321.685635209957,736440.6771698134,0,7,1
60001841,5687499.444444444,6666868.111111111,5226496.100191626,4838992.754913501,2,19,1
60000469,5687360.666666667,6666716.444444444,5226690.336494621,4839217.30499001,2,19,1
28989814,1.0087589E7,9663263.666666666,5317.442994522838,735079.3550334095,0,7,1
60000786,5687159.88888889,6666747.666666667,5226893.299980698,4839604.146929116,2,19,1
28995446,1.00876805E7,9665106.666666666,5476.54202028981,731849.631502492,0,7,1
28995497,1.00876805E7,9665103.0,5610.892308715254,731881.9574624039,0,7,1
60001379,5686799.333333332,6666817.222222222,5227260.807575345,4840305.322614003,2,19,1
60000940,5686618.888888889,6666768.555555556,5227456.190933178,4840620.703855863,2,19,1
60000369,5686543.777777778,6666705.333333333,5227538.327262599,4840730.013519061,2,19,1
28998036,1.00875435E7,9666000.333333334,6193.54829641297,730256.8275157264,0,7,1
60000803,5686441.555555556,6666754.222222222,5227664.120075885,4840952.746135072,2,19,1
60002136,5686344.111111111,6666890.555555555,5227767.214245472,4841224.589803496,2,19,1
60000750,5686181.999999999,6666747.666666667,5227912.387127604,4841424.8316611815,2,19,1
60002981,5686110.333333332,6666984.111111111,5227992.481131978,4841703.922716063,2,19,1
60001485,5685924.555555556,6666811.555555556,5228208.119019367,4841998.687969725,2,19,1
60000732,5117246.1,6000068.0,5246986.75900198,5028471.090580073,2,21,1
60001277,5685705.222222223,6666805.555555556,5228450.079293451,4842381.422335375,2,19,1
60000334,5685628.111111111,6666702.333333334,5228610.7211683495,4842542.684900335,2,19,1
29004866,1.0087306E7,9668283.666666666,6663.774305902024,726005.9024893208,0,7,1
29004791,1.00874065E7,9668261.0,6334.969652650279,726020.1580886029,0,7,1
29006091,1.00873105E7,9668691.0,6199.205150662462,725138.989917795,0,7,1
29006034,1.0087251E7,9668666.0,6499.725532666745,725113.885057375,0,7,1
29006960,1.0087251E7,9668981.333333334,6501.139746229118,724548.7517485165,0,7,1
60000782,5685336.666666667,6666751.888888889,5228896.291529719,4843102.383653748,2,19,1
60000315,5685279.555555556,6666700.111111111,5228959.447062917,4843183.863911772,2,19,1
29008573,1.00872355E7,9669472.666666666,6542.859046319124,723477.788152707,0,7,1
29008611,1.00870895E7,9669493.333333334,6559.829609067601,723416.4636565396,0,7,1
60000725,5685175.888888889,6666745.888888889,5229130.672969348,4843454.064638568,2,19,1
60000262,5685118.222222222,6666690.222222222,5229159.716579323,4843529.151679945,2,19,1
60001364,5685054.666666667,6666815.888888889,5229226.046285531,4843702.050361568,2,19,1
60001294,5684915.888888889,6666807.555555556,5229386.548295638,4843971.768250258,2,19,1
29011223,1.0087017E7,9670404.666666666,6771.254536642379,721744.1072612462,0,7,1
60000939,5684689.888888888,6666766.333333333,5229629.5731398,4844378.661957022,2,19,1
60002687,5684607.666666667,6666963.222222222,5229674.444158618,4844578.427776476,2,19,1
60001374,5684274.222222222,6666780.888888889,5230109.487053612,4845265.609489754,2,19,1
29017515,1.008704E7,9672502.333333334,6987.629211685463,718020.9791533485,0,7,1
29017409,1.00869575E7,9672466.666666666,6870.956592789682,718006.1259253526,0,7,1
29018639,1.00869155E7,9672874.333333334,6811.559623170012,717266.0266960462,0,7,1
60002128,5683924.222222221,6666892.555555556,5230450.505306302,4845913.735445956,2,19,1
60000610,5683738.666666667,6666722.222222222,5230500.024784198,4846018.787931537,2,19,1
29020696,1.0086825E7,9673561.666666666,7168.648547669219,715989.5551656695,0,7,1
29020743,1.0086726E7,9673560.0,7621.196887628609,715812.6574453681,0,7,1
60000765,5683607.0,6666749.333333333,5230667.869632352,4846283.516088411,2,19,1
60002040,5683538.111111111,6666891.0,5230743.696802096,4846485.939649779,2,19,1
60001648,5683458.666666667,6666847.222222222,5230800.902835483,4846581.786203597,2,19,1
60001841,5683191.555555556,6666867.333333333,5231081.122244739,4847100.872394807,2,19,1
60000771,5683065.888888889,6666747.333333333,5231188.392005502,4847251.280547023,2,19,1
29028509,1.00867095E7,9676155.0,7641.702984283019,711160.4841461595,0,7,1
60001382,5682913.888888889,6666818.222222222,5231108.259617111,4847302.375905818,2,19,1
60002779,5682767.444444444,6666970.222222221,5231248.362127966,4847635.69618788,2,19,1
60000995,5682581.333333333,6666763.0,5231490.266250096,4847930.104633394,2,19,1
60001989,5682352.666666667,6666880.888888889,5231754.305636662,4848421.2528526345,2,19,1
29033613,1.00863635E7,9677863.333333334,7808.580184643044,707607.5996909116,0,7,1
60000922,5682129.000000001,6666766.777777778,5231998.988927535,4848775.4789508395,2,19,1
60001404,5682073.444444444,6666820.777777778,5232059.802856976,4848907.125751503,2,19,1
60000949,5682016.222222222,6666770.777777777,5232120.648177176,4848986.241637131,2,19,1
29035556,1.00863635E7,9678476.333333334,8341.738697657702,706584.2330694433,0,7,1
60000134,5681906.555555556,6666680.333333333,5232185.752506502,4849142.563861806,2,19,1
60001625,5681890.777777778,6666845.444444444,5232266.664576137,4849317.549169164,2,19,1
60001117,5681829.222222222,6666789.222222221,5232330.428663211,4849400.593309027,2,19,1
60000410,5681748.11111111,6666709.777777777,5232415.396754028,4849510.945842472,2,19,1
60001349,5681664.111111111,6666814.444444444,5232508.928057802,4849724.727160118,2,19,1
60001269,5681612.0,6666806.111111111,5232564.923344191,4849816.410658511,2,19,1
29039674,1.0086269E7,9679854.666666666,8469.725025052467,703987.8233558683,0,7,1
60000779,5681509.666666667,6666751.666666667,5232647.50700943,4849972.03906623,2,19,1
29041402,1.0086177E7,9680456.0,8500.837723424675,702879.9620411724,0,7,1
60001610,5681419.222222222,6666842.000000001,5232798.269237306,4850240.7676037075,2,19,1
60001124,5681364.333333333,6666786.555555556,5232859.7110632295,4850321.025607664,2,19,1
60000664,5681309.666666667,6666737.555555556,5232918.382264838,4850387.213486416,2,19,1
60000187,5681254.222222222,6666685.222222222,5232979.13295378,4850461.754284451,2,19,1
59999793,5681208.111111111,6666641.777777778,5233028.546686503,4850523.753105813,2,19,1
60000387,5681149.0,6666707.666666667,5233092.925052522,4850660.858204967,2,19,1
59999850,5681082.555555556,6666648.333333333,5233111.703420588,4850736.292520549,2,19,1
60001821,5680980.555555556,6666864.111111111,5233225.384948514,4851049.173644822,2,19,1
29044868,1.0086031E7,9681618.666666666,8181.225458328355,700495.821622323,0,7,1
60000648,5680861.444444444,6666736.555555556,5233423.70771759,4851266.3521961225,2,19,1
60000195,5680805.444444444,6666686.333333333,5233483.150690778,4851343.63532241,2,19,1
60001493,5680759.222222222,6666827.111111111,5233527.158444001,4851500.778240982,2,19,1
60000440,5680632.777777778,6666712.222222222,5233670.804511585,4851683.318006719,2,19,1
60000016,5680569.888888889,6666666.777777778,5233740.822620194,4851775.326277686,2,19,1
29047885,1.00857345E7,9682615.0,8650.037254255036,698342.8235730643,0,7,1
29047924,1.00857345E7,9682634.666666666,8650.037254255036,698316.5158009176,0,7,1
60000092,5680429.555555556,6666673.777777778,5233906.569043627,4852079.689321471,2,19,1
29048939,1.0085803E7,9682967.333333334,8420.227550369407,697767.8706606757,0,7,1
60002820,5680372.111111111,6666971.666666667,5233971.415718002,4852353.189498859,2,19,1
60000280,5680067.444444444,6666694.444444444,5234271.776729288,4852764.5561083555,2,19,1
60002219,5680253.444444444,6666911.333333333,5234098.188796808,4852527.375266264,2,19,1
60001637,5680179.888888889,6666846.888888889,5234181.119453177,4852635.367179891,2,19,1
60001282,5680119.666666667,6666805.555555556,5234243.45418624,4852726.904626359,2,19,1
29053031,1.0085551E7,9684340.0,8455.582889428735,695120.1598939567,0,7,1
60001379,5679961.444444444,6666818.222222221,5234447.157054963,4853075.435049995,2,19,1
29053113,1.00856825E7,9684360.666666666,8560.94179982553,695171.4395063518,0,7,1
60001518,5679760.222222222,6666831.888888889,5234651.292088657,4853450.441078992,2,19,1
60000303,5679620.0,6666697.111111111,5234809.340319521,4853653.04398482,2,19,1
60000819,5679559.777777778,6666749.888888889,5234877.244912166,4853804.08236819,2,19,1
60002485,5679486.333333333,6666939.222222223,5234950.286628613,4854025.115451345,2,19,1
60001606,5679379.777777778,6666842.777777778,5235033.463359781,4854174.016819592,2,19,1
29058125,1.00854065E7,9686036.333333334,8952.678956602878,691956.6743780519,0,7,1
60002026,5679276.333333333,6666889.222222222,5235208.394473638,4854452.212307579,2,19,1
60003319,5679202.222222222,6667033.333333333,5235292.131248618,4854670.493735131,2,19,1
60002337,5679072.111111111,6666924.555555556,5235419.1663318,4854843.619029868,2,19,1
60002981,5679118.555555556,6666996.222222222,5235382.664259202,4854808.125147269,2,19,1
60002229,5679012.222222222,6666912.111111111,5235472.588555253,4854938.617193642,2,19,1
60001705,5678811.444444444,6666850.333333333,5235708.680258388,4855315.917415493,2,19,1
29063132,1.008528E7,9687673.333333334,9560.083681642123,688739.9520699618,0,7,1
60001678,5678593.666666667,6666845.111111112,5235818.142137387,4855602.617751824,2,19,1
60002697,5678541.0,6666956.000000001,5235912.679217039,4855793.594035196,2,19,1
60001040,5678351.0,6666773.111111111,5236133.681719676,4856073.707280899,2,19,1
60000395,5678277.111111111,6666705.666666667,5236134.09445739,4856106.821340914,2,19,1
60000516,5678159.777777778,6666721.333333333,5236194.032478762,4856264.091395206,2,19,1
60001851,5678111.999999999,6666867.222222222,5236244.531035411,4856432.363865366,2,19,1
29069428,1.00852325E7,9689786.0,9610.288263106368,685024.1356193225,0,7,1
60000408,5677955.888888889,6666709.222222222,5236444.510355702,4856681.572503152,2,19,1
29071208,1.00852725E7,9690393.666666666,9671.09944628841,684033.4754106215,0,7,1
60001997,5677898.222222222,6666886.888888888,5236503.647142356,4856871.111545695,2,19,1
29071412,1.00852135E7,9690463.0,9587.660846108398,683885.9274550106,0,7,1
60000475,5677698.666666667,6666717.666666668,5236638.397775977,4857092.678176987,2,19,1
60002347,5677641.333333333,6666925.666666667,5236675.9442186225,4857280.755450137,2,19,1
60002337,5677512.222222223,6666921.888888889,5236756.823886965,4857466.25758907,2,19,1
60000592,5677352.0,6666730.111111111,5236961.10834313,4857698.473263996,2,19,1
60001310,5677371.777777778,6666809.666666667,5236882.679213269,4857651.521619861,2,19,1
60000360,5677299.444444444,6666705.0,5236992.275430457,4857758.204817861,2,19,1
60001327,5677228.111111111,6666812.555555556,5237034.115202622,4857912.941075857,2,19,1
60000026,5677078.222222222,6666667.777777778,5237131.195061968,4858056.83824417,2,19,1
60001108,5677133.0,6666788.111111111,5237142.070994852,4858083.747718885,2,19,1
60000285,5677034.777777778,6666696.888888888,5237150.25105698,4858125.25286083,2,19,1
60001003,5676984.0,6666773.111111111,5237168.505517581,4858231.361938453,2,19,1
60000519,5676923.111111111,6666721.444444444,5237167.707580345,4858243.000860731,2,19,1
29080027,1.00850685E7,9693340.333333334,10054.35132169152,678539.762951541,0,7,1
60000186,5676651.555555555,6666685.222222222,5237498.512440698,4858778.968815488,2,19,1
29081546,1.00848835E7,9693828.666666666,10269.31178317223,677395.7355906024,0,7,1
60000687,5676537.777777778,6666741.555555556,5237612.92470422,4859000.972851882,2,19,1
59999881,5676431.555555556,6666651.333333333,5237731.176886137,4859158.914366585,2,19,1
60000951,5676337.444444444,6666768.666666667,5237763.952949056,4859350.6923754485,2,19,1
29085154,1.00847945E7,9695033.666666666,10143.446776121024,675254.4936483824,0,7,1
59999893,5676055.333333333,6666653.333333333,5237991.533291316,4859728.628301867,2,19,1
60001620,5676112.333333333,6666843.444444444,5237876.538457116,4859678.270113674,2,19,1
60000883,5675987.777777778,6666762.111111111,5238067.636490335,4859918.3780397605,2,19,1
60001644,5675924.333333333,6666837.333333333,5238138.687604716,4860098.421350924,2,19,1
60000877,5675832.333333333,6666761.555555556,5238235.609268521,4860211.985694609,2,19,1
29087958,1.00846745E7,9695974.666666666,10354.164596914616,673386.3536672936,0,7,1
60001232,5675671.777777778,6666796.888888889,5238364.993802283,4860517.919197718,2,19,1
60002766,5675605.000000001,6666966.0,5238436.241894235,4860733.728272513,2,19,1
29091309,1.00844625E7,9697064.333333334,10603.06618389228,671105.5033721102,0,7,1
60000381,5675354.666666667,6666704.666666667,5238597.073598618,4860945.586947076,2,19,1
29092971,1.00845725E7,9697582.333333334,10447.50269203124,670185.9138510249,0,7,1
29092718,1.00844405E7,9697567.666666666,10512.556515900402,670150.4796732845,0,7,1
29094115,1.00844405E7,9698029.333333334,10707.71798750789,669371.1561714722,0,7,1
60002934,5674987.0,6666990.111111111,5238955.161765989,4861755.135890676,2,19,1
60001936,5674871.333333333,6666870.777777778,5239052.4868465485,4861907.284870819,2,19,1
60001926,5674680.333333333,6666875.555555556,5239276.789699009,4862278.988844843,2,19,1
60001513,5674627.555555556,6666833.444444444,5239239.524063944,4862249.0174740665,2,19,1
60002390,5674563.222222222,6666928.888888889,5239206.3420380475,4862310.776043769,2,19,1
60001715,5674350.777777778,6666849.555555556,5239198.910236296,4862426.702349767,2,19,1
29102866,1.00843235E7,9700951.333333334,10891.565750616392,664123.5245467016,0,7,1
60001028,5674084.666666667,6666777.777777778,5239361.237158806,4862756.157283048,2,19,1
29104051,1.00842605E7,9701346.0,10942.477438861823,663393.6922793282,0,7,1
60001125,5673919.777777778,6666779.555555556,5239426.382660099,4862982.1084352685,2,19,1
60001575,5673799.666666667,6666839.000000001,5239455.424960737,4863110.1532847015,2,19,1
29105794,1.0084287E7,9701926.666666666,11078.949047630827,662321.609220425,0,7,1
60000224,5673664.333333333,6666690.222222222,5239463.512291788,4863121.040110116,2,19,1
60001985,5673736.444444444,6666884.888888889,5239429.663619722,4863150.030958855,2,19,1
60000492,5673587.777777778,6666719.666666667,5239545.714753732,4863267.816588862,2,19,1
60000246,5673534.555555556,6666690.444444444,5239533.614290329,4863321.730128341,2,19,1
60001407,5673477.888888889,6666821.444444444,5239540.8673530845,4863440.092106438,2,19,1
60000712,5673393.666666667,6666743.555555556,5239604.749335512,4863530.395650086,2,19,1
60001672,5673285.0,6666847.888888889,5239707.200950999,4863788.445782193,2,19,1
60000736,5673185.555555556,6666743.111111111,5239829.651432027,4863915.672036997,2,19,1
60001751,5673220.666666667,6666858.777777778,5239730.236068241,4863851.6166549735,2,19,1
60000671,5673123.777777778,6666738.888888889,5239851.259069449,4863997.637473765,2,19,1
29110649,1.00840305E7,9703528.666666666,11177.236890215756,659110.3365297295,0,7,1
29111826,1.00840305E7,9703915.333333334,11387.954711009348,658436.7515945123,0,7,1
60000231,5672922.666666667,6666690.111111111,5239976.666691323,4864258.896501821,2,19,1
60002492,5672778.444444444,6666940.555555556,5240118.840268608,4864652.066344548,2,19,1
60000611,5672563.666666667,6666726.222222222,5240338.924881983,4864956.60280063,2,19,1
59999769,5672467.111111112,6666637.555555556,5240426.549170388,4865068.471846827,2,19,1
60001096,5672435.222222222,6666784.666666667,5240507.773570558,4865252.271458491,2,19,1
60000511,5672363.333333333,6666721.111111111,5240585.907966495,4865346.877720396,2,19,1
29118200,1.00840235E7,9706055.666666666,11802.319284784664,654762.2267971277,0,7,1
60000628,5672242.222222222,6666730.777777778,5240679.78528482,4865556.954084208,2,19,1
60001481,5672144.444444444,6666818.0,5240753.937772673,4865775.69764755,2,19,1
60000230,5671956.0,6666689.333333333,5240933.536532089,4866027.5442083655,2,19,1
60001273,5672036.555555556,6666805.777777777,5240876.509022587,4865954.1799106775,2,19,1
60001044,5671884.555555556,6666779.555555556,5240987.849807184,4866187.050985816,2,19,1
60000761,5671766.888888889,6666747.888888889,5241145.11670571,4866427.020299556,2,19,1
60000012,5671676.777777778,6666662.555555556,5241194.077761855,4866502.796928024,2,19,1
60001656,5671622.666666667,6666848.88888889,5241242.987628126,4866684.125536669,2,19,1
59999980,5671432.444444444,6666656.555555556,5241442.523117112,4866963.633147548,2,19,1
60000743,5671360.0,6666747.333333333,5241507.68274332,4867126.714055327,2,19,1
60001801,5671318.666666667,6666865.444444444,5241534.313082692,4867248.105205243,2,19,1
60001023,5671223.222222222,6666778.000000001,5241609.106888928,4867358.1666325675,2,19,1
60000444,5671113.444444444,6666710.111111111,5241717.0977849215,4867529.374736311,2,19,1
60000700,5671025.555555556,6666739.777777778,5241872.859589741,4867767.708950063,2,19,1
59999676,5670904.888888889,6666622.222222222,5241946.186477009,4867891.232061574,2,19,1
60000412,5670802.111111111,6666710.111111111,5242010.647825566,4868072.075180365,2,19,1
60001949,5670969.111111111,6666881.0,5241902.224684123,4867916.104008572,2,19,1
60000275,5670551.888888889,6666695.888888889,5242211.913820502,4868470.786970803,2,19,1
60001956,5670726.0,6666882.222222222,5242077.375256755,4868294.52297213,2,19,1
60001377,5670660.666666667,6666815.777777778,5242130.596617896,4868370.632586348,2,19,1
60000811,5670597.666666667,6666755.111111112,5242201.625493529,4868455.716135672,2,19,1
60001832,5670518.888888889,6666868.555555555,5242264.91867543,4868639.950114126,2,19,1
60001469,5670449.666666667,6666828.111111111,5242340.296480881,4868750.814410854,2,19,1
60002262,5670362.888888889,6666911.777777778,5242410.219552177,4868951.2529693395,2,19,1
60001647,5670288.0,6666847.777777778,5242469.627153766,4869030.781862438,2,19,1
60001222,5670224.0,6666800.222222222,5242485.475378949,4869072.193119439,2,19,1
60000662,5670144.555555556,6666738.0,5242551.431189448,4869172.525700184,2,19,1
60002085,5670043.888888889,6666889.222222222,5242633.542104899,4869433.024346053,2,19,1
60001209,5669937.555555556,6666792.444444444,5242703.284549181,4869536.710652696,2,19,1
60001471,5669871.666666667,6666826.333333332,5242848.41017867,4869734.882150593,2,19,1
60002104,5669733.0,6666898.0,5242987.29870212,4870035.801007755,2,19,1
60001540,5669660.0,6666835.888888889,5243065.405935015,4870138.299991835,2,19,1
60000751,5669544.777777777,6666747.555555556,5243137.447824818,4870263.289452535,2,19,1
60001604,5669459.666666667,6666842.888888889,5243229.673554173,4870474.798736193,2,19,1
60000781,5669361.666666667,6666749.888888889,5243315.238639624,4870600.789889335,2,19,1
60000088,5669281.777777778,6666673.999999999,5243401.003587481,4870709.4336589975,2,19,1
60001585,5102296.3,6000156.7,5258563.623155008,5053092.95555544,2,21,1
60001156,5669135.555555556,6666792.333333333,5243543.212307689,4871033.315767046,2,19,1
59999997,5668998.333333333,6666662.333333333,5243672.683052452,4871213.221274783,2,19,1
60001299,5668904.111111111,6666807.000000001,5243736.356748293,4871430.970903005,2,19,1
60000753,5668813.666666666,6666747.111111111,5243812.607256551,4871549.78654492,2,19,1
60000412,5668758.222222222,6666710.666666667,5243854.832463132,4871616.185950279,2,19,1
60001223,5668690.444444444,6666800.0,5243904.94613063,4871771.767867954,2,19,1
60001718,5668633.444444444,6666851.0,5243945.481776987,4871889.507910766,2,19,1
60000947,5668519.333333333,6666769.555555556,5244028.642409002,4872018.61405042,2,19,1
60002007,5668458.888888889,6666885.222222222,5244117.004441153,4872223.256860973,2,19,1
60001536,5668400.333333333,6666835.111111111,5244151.708501076,4872275.169281171,2,19,1
60000861,5668316.111111111,6666759.222222223,5244163.0959801255,4872309.627853812,2,19,1
60002711,5668222.555555556,6666962.777777778,5244261.260013967,4872587.308882848,2,19,1
60000756,5667865.555555556,6666739.444444444,5244624.362089365,4873163.85947205,2,19,1
60002174,5667993.777777778,6666889.444444444,5244497.523028106,4873019.650169521,2,19,1
60000736,5667829.777777778,6666746.888888889,5244699.728806426,4873252.739830309,2,19,1
60001039,5667751.222222222,6666773.222222221,5244741.012681674,4873383.828617052,2,19,1
60001585,5667687.666666667,6666840.555555556,5244813.399334933,4873527.332180079,2,19,1
60001074,5667624.222222222,6666784.111111111,5244851.789128001,4873596.691531919,2,19,1
60002642,5667568.666666667,6666958.111111111,5244875.65165162,4873758.796562501,2,19,1
60001624,5667434.0,6666830.222222222,5245010.092823512,4873969.128360832,2,19,1
60000705,5667302.111111111,6666736.777777778,5245138.010275026,4874139.700203688,2,19,1
60002066,5667198.666666667,6666893.222222222,5245234.778641562,4874399.937175775,2,19,1
60001544,5667159.333333333,6666836.222222222,5245283.0424200175,4874441.055512898,2,19,1
60001046,5667099.222222222,6666780.555555556,5245350.360038207,4874520.423982244,2,19,1
60000624,5667039.222222222,6666734.111111111,5245385.6433328325,4874593.941353742,2,19,1
60000314,5666988.0,6666700.0,5245420.803325268,4874653.974399568,2,19,1
60001257,5666918.888888888,6666802.333333333,5245477.641794202,4874831.281505905,2,19,1
60000733,5666854.0,6666745.222222221,5245522.738897692,4874896.960943785,2,19,1
59999950,5666814.555555556,6666651.666666667,5245673.371802521,4875043.49436405,2,19,1
60000377,5666679.111111111,6666706.555555556,5245769.280316792,4875266.042085681,2,19,1
60001428,5666743.888888889,6666823.444444444,5245728.8307904,4875236.798752065,2,19,1
60001146,5666517.0,6666780.444444444,5245870.557046942,4875564.685925701,2,19,1
60001194,5666426.555555556,6666797.333333333,5245965.39372955,4875718.205340625,2,19,1
60002869,5666331.444444444,6666956.555555556,5246050.883950281,4876031.123876111,2,19,1
60001445,5666142.0,6666824.111111111,5246258.849467996,4876271.984610924,2,19,1
60001362,5665933.666666667,6666815.666666667,5246490.502950829,4876675.51455997,2,19,1
60002718,5666049.666666667,6666964.999999999,5246322.072187572,4876494.041844381,2,19,1
60000757,5665858.222222222,6666748.777777777,5246568.104077412,4876779.329148639,2,19,1
60001527,5665692.333333333,6666832.333333333,5246737.236791118,4877137.206432274,2,19,1
60001147,5665613.666666667,6666791.0,5246796.680461803,4877240.180252071,2,19,1
60000409,5665527.333333333,6666709.000000001,5246840.329183913,4877313.283821483,2,19,1
60000727,5665454.222222222,6666745.0,5246901.684945859,4877452.3279801,2,19,1
60000320,5665391.0,6666699.222222222,5246968.216335982,4877547.7516172705,2,19,1
60000782,5665318.555555555,6666751.444444444,5247025.885611536,4877696.623499127,2,19,1
60000718,5665292.111111111,6666744.666666668,5247109.503844961,4877793.374482103,2,19,1
60000126,5665221.333333333,6666677.222222222,5247158.075002935,4877872.870790653,2,19,1
60001058,5665165.888888889,6666779.222222222,5247192.700204664,4878011.7206749,2,19,1
60002033,5665044.666666667,6666878.555555556,5247300.099376059,4878291.797838028,2,19,1
60001438,5664945.777777778,6666820.0,5247399.372967856,4878428.861866826,2,19,1
60000745,5664861.888888889,6666747.111111111,5247485.08168457,4878536.267171985,2,19,1
60002406,5664799.333333333,6666921.888888889,5247490.456219811,4878707.83487704,2,19,1
60000958,5664631.444444444,6666763.777777778,5247687.795466712,4878955.282757026,2,19,1
60000650,5664482.333333333,6666737.0,5247882.039690941,4879250.231493155,2,19,1
60001702,5664391.444444444,6666849.333333333,5247988.275218588,4879499.946887079,2,19,1
60001124,5664313.222222221,6666789.888888889,5248034.363775469,4879574.820408189,2,19,1
60000702,5664259.555555556,6666739.444444444,5248058.045112428,4879618.319007648,2,19,1
60002623,5664165.222222222,6666955.444444444,5248109.244599615,4879862.407984884,2,19,1
60001027,5663998.222222222,6666779.11111111,5248356.631795847,4880153.663877847,2,19,1
60000519,5663927.222222222,6666719.0,5248415.78070616,4880251.859225403,2,19,1
60002173,5663816.222222222,6666904.666666667,5248539.370121314,4880563.2166517675,2,19,1
60001613,5663745.777777778,6666842.444444444,5248559.822986106,4880610.822829175,2,19,1
60001014,5663666.222222223,6666775.555555555,5248645.579116097,4880726.081295464,2,19,1
60000302,5663582.999999999,6666697.222222223,5248719.812282872,4880832.48272602,2,19,1
60000014,5663533.0,6666666.777777777,5248774.939997142,4880908.260402202,2,19,1
60000516,5663454.0,6666722.444444444,5248839.579964866,4881068.442878518,2,19,1
60001022,5663484.888888889,6666778.777777778,5248783.980852552,4881018.55310976,2,19,1
60000224,5663416.888888889,6666690.222222221,5248834.09983673,4881073.026468432,2,19,1
59999858,5663360.333333333,6666649.555555556,5248863.983529507,4881125.955989691,2,19,1
59999849,5663252.111111111,6666645.777777778,5248939.66692487,4881296.256075987,2,19,1
60001094,5663178.111111111,6666786.111111111,5248990.074936188,4881479.825144354,2,19,1
60000622,5663121.444444444,6666734.222222222,5248998.723209506,4881498.01376731,2,19,1
60000775,5662917.222222222,6666747.444444444,5249095.683661134,4881780.6139347125,2,19,1
60000349,5662899.333333333,6666702.666666667,5249242.431747152,4881912.52854094,2,19,1
60001737,5096562.800000001,6000171.9,5263048.076868781,5062684.088205769,2,21,1
60000947,5662754.555555556,6666769.777777778,5249340.260127031,4882171.346164296,2,19,1
59999902,5662634.0,6666652.777777779,5249474.924545954,4882340.996770576,2,19,1
60001527,5662547.888888889,6666833.333333332,5249561.453349566,4882594.312251096,2,19,1
60000560,5662371.444444444,6666722.555555556,5249678.386844524,4882821.733952052,2,19,1
60002508,5662303.666666667,6666943.111111111,5249750.852707964,4883057.097109516,2,19,1
60001278,5662157.0,6666788.555555556,5249920.719687298,4883297.62765232,2,19,1
60001618,5662031.333333333,6666843.666666667,5250107.289148623,4883582.490009051,2,19,1
60000888,5661944.777777778,6666761.444444444,5250159.592497803,4883689.391031926,2,19,1
60002082,5095680.3,6000206.0,5263814.323530821,5064272.362901001,2,21,1
60001167,5661752.333333333,6666793.555555555,5250326.334770273,4884036.100243939,2,19,1
60000375,5661659.888888889,6666705.666666667,5250402.625311902,4884142.816511178,2,19,1
60001640,5661607.111111111,6666847.222222222,5250415.530833094,4884274.136771573,2,19,1
60001236,5661418.555555556,6666801.777777778,5250610.012479124,4884605.096073806,2,19,1
60002514,5661528.0,6666941.777777778,5250485.196671947,4884469.5394061925,2,19,1
60003845,5661397.666666667,6667091.555555556,5250682.29543916,4884853.5270222565,2,19,1
60000779,5661052.555555556,6666750.666666668,5251018.875050943,4885298.8204049505,2,19,1
60001602,5661138.777777778,6666835.333333333,5250962.031949712,4885230.301197734,2,19,1
60001075,5660867.333333333,6666784.666666667,5251198.195109998,4885649.323594767,2,19,1
60001625,5660924.222222222,6666844.222222221,5251146.439817946,4885589.327954274,2,19,1
60001274,5660664.444444444,6666802.888888889,5251388.280921391,4886034.697202565,2,19,1
60002822,5660808.0,6666977.999999999,5251237.726544,4885850.780082165,2,19,1
60001252,5660607.333333333,6666803.666666667,5251433.7329953285,4886123.164017025,2,19,1
60001728,5660528.777777778,6666852.777777778,5251500.442681972,4886282.81130894,2,19,1
60001649,5660473.777777778,6666847.777777778,5251559.279111653,4886374.282892526,2,19,1
60000176,5660279.555555556,6666683.555555556,5251738.27759148,4886641.593460204,2,19,1
60001978,5660346.333333333,6666883.11111111,5251680.595688084,4886639.655323597,2,19,1
60000486,5660173.888888889,6666718.111111111,5251829.604787017,4886844.439253603,2,19,1
60001912,5660115.111111111,6666876.555555556,5251875.659236741,4887026.883312698,2,19,1
60001187,5660028.666666667,6666797.0,5251951.419617093,4887128.493411392,2,19,1
60000736,5659978.222222222,6666746.222222222,5251941.8361436995,4887130.694795971,2,19,1
60002120,5659945.444444444,6666899.777777779,5252064.443752811,4887357.645873683,2,19,1
60001355,5659852.555555556,6666814.555555556,5252126.502144967,4887464.279189546,2,19,1
60001955,5659727.777777778,6666879.444444444,5252250.845882168,4887733.056459536,2,19,1
60001415,5093691.4,6000139.600000001,5265414.364925395,5067617.202085989,2,21,1
60000722,5659562.222222222,6666744.666666667,5252327.3742838465,4887856.201594749,2,19,1
60002096,5659500.333333333,6666895.222222222,5252390.575422704,4888051.9505031295,2,19,1
60001133,5659422.888888889,6666789.222222222,5252511.166315128,4888199.502974172,2,19,1
60001836,5659317.0,6666867.555555556,5252606.608005162,4888429.112374473,2,19,1
60001759,5659199.111111111,6666859.555555556,5252689.139552007,4888602.242883648,2,19,1
60001326,5659142.0,6666804.666666667,5252749.867807314,4888692.973555943,2,19,1
60000159,5659008.0,6666676.222222222,5252878.7763614915,4888870.281661061,2,19,1
60001275,5658928.222222222,6666806.666666668,5252941.22856928,4889059.180127399,2,19,1
60000374,5658821.0,6666705.111111111,5253027.804652308,4889183.10101111,2,19,1
60001933,5658656.11111111,6666878.111111111,5253194.019804938,4889588.482762517,2,19,1
60001436,5658620.111111111,6666823.555555556,5253273.989009079,4889666.347841234,2,19,1
60000986,5658555.888888889,6666774.111111111,5253284.666417394,4889699.04685131,2,19,1
60000557,5658478.0,6666725.555555556,5253372.22447151,4889828.037853865,2,19,1
60000885,5658399.222222222,6666762.888888889,5253433.967068797,4889981.291391805,2,19,1
59999730,5658306.333333333,6666631.0,5253587.782454482,4890150.2227955125,2,19,1
60001517,5658332.222222221,6666832.555555556,5253491.589433421,4890137.262062362,2,19,1
60000559,5658235.0,6666727.0,5253650.760119933,4890321.180398686,2,19,1
60000784,5658112.444444444,6666749.888888889,5253743.256360866,4890527.376194807,2,19,1
60001414,5658161.444444444,6666822.111111111,5253715.543147538,4890501.735986233,2,19,1
60000464,5658052.555555556,6666705.0,5253781.7273864765,4890618.79605411,2,19,1
60000441,5657934.222222222,6666713.0,5253899.814371815,4890821.310891557,2,19,1
60001709,5657859.888888889,6666854.0,5253966.524457533,4891031.57711474,2,19,1
60001221,5092019.1,6000120.4,5266705.290126487,5070404.01702854,2,21,1
60000708,5657554.555555556,6666732.111111111,5254293.685388387,4891573.285837452,2,19,1
60001906,5657682.888888889,6666868.0,5254168.490390569,4891399.6613959335,2,19,1
59999985,5657464.555555556,6666661.444444444,5254368.568611197,4891666.080145141,2,19,1
60000778,5657345.555555556,6666743.222222222,5254465.628243683,4891921.804739416,2,19,1
60000336,5657272.111111111,6666699.111111112,5254548.451655657,4892028.808419555,2,19,1
60001205,5657183.555555556,6666795.111111112,5254617.923844775,4892233.8902096255,2,19,1
60000742,5657023.777777778,6666742.333333333,5254759.028776029,4892483.870721165,2,19,1
60002348,5657089.111111111,6666925.222222222,5254723.916535065,4892484.845632605,2,19,1
60001221,5656974.777777778,6666800.222222222,5254850.773839224,4892623.169207209,2,19,1
59999956,5656832.0,6666658.777777778,5254970.032637532,4892805.571531398,2,19,1
60001035,5656753.777777778,6666778.444444444,5255052.221816136,4893018.900633026,2,19,1
60000497,5656666.444444444,6666717.666666667,5255120.785213245,4893134.0876333285,2,19,1
60001692,5656579.333333333,6666851.333333333,5255218.917330514,4893378.243317519,2,19,1
60001239,5656524.111111111,6666798.777777778,5255249.327634619,4893433.233371479,2,19,1
60000679,5656460.11111111,6666740.333333333,5255296.8230493525,4893495.399235703,2,19,1
60000026,5656385.555555556,6666667.333333333,5255378.239488598,4893598.871076454,2,19,1
60000825,5656277.222222222,6666755.333333333,5255480.372188963,4893839.635789136,2,19,1
60001445,5656341.222222222,6666825.444444444,5255414.5454471,4893759.417830481,2,19,1
59999971,5656177.111111111,6666650.888888889,5255572.2942301305,4893985.9594373945,2,19,1
60000749,5656081.666666667,6666748.0,5255642.257969976,4894167.660430398,2,19,1
60002708,5655951.555555556,6666950.222222222,5255752.219602159,4894534.676001075,2,19,1
60001877,5655841.444444444,6666867.666666667,5255866.918376837,4894680.437014786,2,19,1
60001574,5655800.777777778,6666837.555555556,5255866.249437665,4894686.349112093,2,19,1
60001240,5655783.555555556,6666799.444444444,5255935.917667878,4894754.394212239,2,19,1
60000838,5655733.0,6666758.444444444,5255976.802738312,4894809.24465275,2,19,1
60000656,5655692.333333333,6666729.888888889,5255972.279769724,4894838.126615921,2,19,1
60001563,5655630.333333332,6666838.666666667,5256043.181400292,4895004.563955815,2,19,1
60001260,5655587.777777778,6666805.444444444,5256070.730000258,4895054.682800313,2,19,1
60000965,5655540.111111111,6666771.777777778,5256120.799426024,4895125.752795039,2,19,1
60002128,5655489.11111111,6666901.222222223,5256122.888692303,4895243.302521408,2,19,1
60001492,5655411.666666667,6666822.0,5256211.785083222,4895370.4897278715,2,19,1
60001058,5655376.444444444,6666781.555555556,5256298.342015774,4895452.301411232,2,19,1
60001609,5655247.333333333,6666840.666666667,5256385.662537021,4895677.009824611,2,19,1
60002571,5655325.333333333,6666950.666666667,5256355.738554493,4895645.382607537,2,19,1
60002206,5655283.444444444,6666909.444444444,5256347.584883374,4895645.679761483,2,19,1
60001240,5655176.0,6666799.555555556,5256423.696564138,4895760.803824829,2,19,1
60000905,5655105.666666667,6666764.777777778,5256497.545446136,4895865.574503726,2,19,1
60001324,5654918.999999999,6666806.444444445,5256681.858261207,4896238.98204492,2,19,1
60000555,5654855.777777778,6666723.0,5256759.322532914,4896331.213011254,2,19,1
60000235,5654811.111111111,6666691.222222222,5256781.413863726,4896366.235064244,2,19,1
60002269,5654991.222222222,6666912.777777779,5256599.404809985,4896162.005553247,2,19,1
60001269,5654897.888888889,6666803.111111111,5256739.757546412,4896321.807848736,2,19,1
60001345,5654695.222222222,6666814.111111111,5256895.929173289,4896652.651017617,2,19,1
60002727,5654648.111111111,6666967.777777778,5256913.921242373,4896791.999939802,2,19,1
60000850,5654432.888888889,6666758.333333333,5257109.2990331305,4897060.216033492,2,19,1
60001449,5654278.222222222,6666812.0,5257268.124790665,4897412.481595179,2,19,1
60000663,5654182.444444444,6666737.111111111,5257367.928132125,4897526.503504919,2,19,1
60002097,5654063.888888889,6666877.88888889,5257523.855246366,4897902.38417839,2,19,1
60001227,5653962.777777778,6666798.333333333,5257642.401647714,4898024.847894966,2,19,1
60000751,5653908.555555556,6666748.444444444,5257668.91236076,4898067.382907215,2,19,1
60000174,5653838.888888889,6666684.333333333,5257748.301951712,4898167.390611769,2,19,1
60001577,5653785.666666667,6666840.555555556,5257760.68697554,4898316.545564254,2,19,1
60001195,5653736.444444444,6666798.111111111,5257814.602442495,4898386.464182222,2,19,1
60000790,5653688.333333333,6666750.555555556,5257839.880235728,4898434.923507919,2,19,1
60000533,5653637.222222222,6666722.888888889,5257881.639232733,4898503.751357256,2,19,1
60002204,5653595.0,6666910.222222221,5257988.569700014,4898746.228916814,2,19,1
60001621,5653523.888888889,6666843.666666667,5258025.326873493,4898812.678866534,2,19,1
60001325,5653460.888888889,6666810.111111111,5258096.761522591,4898918.770240312,2,19,1
60000933,5653411.333333333,6666766.666666667,5258110.627507422,4898951.904316805,2,19,1
60001482,5653349.555555556,6666827.333333333,5258180.124618239,4899107.437801604,2,19,1
60001140,5653303.888888889,6666792.0,5258231.091823144,4899169.933640009,2,19,1
60000819,5653265.222222222,6666756.222222222,5258272.582689319,4899222.376918039,2,19,1
60002207,5653182.444444444,6666910.444444444,5258332.837069776,4899453.843021667,2,19,1
60000704,5652997.777777778,6666740.777777778,5258581.625359655,4899772.926339337,2,19,1
60001816,5653065.888888889,6666861.333333333,5258519.157169569,4899723.80385803,2,19,1
60002077,5652845.111111111,6666894.222222221,5258713.426282336,4900120.682264667,2,19,1
60002627,5652687.888888888,6666953.666666667,5258898.18136134,4900478.679282642,2,19,1
60001199,5652524.444444444,6666797.111111111,5259010.44843593,4900634.79413893,2,19,1
60002297,5652622.111111112,6666920.444444444,5258897.061330124,4900506.655366135,2,19,1
60002267,5652401.333333333,6666914.555555556,5259129.530748981,4900938.027353823,2,19,1
60000930,5652245.999999999,6666766.333333333,5259283.304480112,4901143.0878660595,2,19,1
60000310,5652195.888888889,6666699.222222222,5259358.21473553,4901217.449385912,2,19,1
60001685,5086922.1,6000167.0,5270890.407614815,5079260.822657302,2,21,1
60000100,5651927.555555556,6666674.444444444,5259604.3463711245,4901685.813662074,2,19,1
60000818,5651834.555555556,6666754.666666667,5259690.580305179,4901898.262429617,2,19,1
60000527,5651763.444444444,6666722.111111111,5259713.139340065,4901958.244956485,2,19,1
60001659,5651683.777777778,6666849.222222222,5259804.322136514,4902183.623655401,2,19,1
60001126,5651618.777777778,6666787.555555555,5259810.575937497,4902215.453992998,2,19,1
60000654,5651565.888888889,6666736.888888889,5259869.631322611,4902285.636294345,2,19,1
60000317,5651547.222222222,6666693.777777778,5259933.878986759,4902340.367865276,2,19,1
59999851,5651485.0,6666648.666666667,5260004.195770903,4902422.180723322,2,19,1
60000684,5651421.222222222,6666740.555555556,5260029.888646256,4902581.358420916,2,19,1
60001233,5651322.444444444,6666793.777777777,5260117.44042196,4902801.775193389,2,19,1
60002384,5651287.555555556,6666929.88888889,5260199.9039458595,4902975.5711027775,2,19,1
60001639,5651181.888888888,6666840.666666667,5260263.1353695,4903090.905609057,2,19,1
60002096,5651029.111111111,6666896.666666667,5260436.094768699,4903407.641394325,2,19,1
60002385,5650858.777777778,6666926.777777778,5260598.075793468,4903754.751190046,2,19,1
60001496,5650753.333333333,6666831.111111111,5260720.437379275,4903907.056578113,2,19,1
60001057,5650701.777777778,6666779.777777778,5260739.403399412,4903948.901293064,2,19,1
60002348,5650557.0,6666912.0,5260859.913826731,4904292.076344098,2,19,1
60002672,5650488.111111111,6666961.0,5260974.830186927,4904467.042769071,2,19,1
60001993,5650403.222222222,6666865.333333333,5261070.609276019,4904618.072955273,2,19,1
60000572,5650227.444444444,6666727.333333333,5261247.695048797,4904840.181436343,2,19,1
60001444,5650133.222222221,6666817.888888888,5261334.313548531,4905073.711132368,2,19,1
60000367,5650006.666666667,6666701.111111111,5261437.323476067,4905215.5463812305,2,19,1
60001346,5650064.666666667,6666814.222222222,5261392.558554389,4905173.920809123,2,19,1
60000203,5649781.444444444,6666686.888888889,5261635.008296497,4905590.017111485,2,19,1
60002704,5649940.333333333,6666960.444444444,5261478.7325912,4905461.811703592,2,19,1
60000745,5649739.0,6666747.111111112,5261742.020952543,4905761.01425519,2,19,1
60001594,5649659.0,6666833.222222222,5261805.13028224,4905968.035905192,2,19,1
60000778,5649565.666666667,6666750.888888889,5261890.631824696,4906072.931835819,2,19,1
59999685,5649442.666666667,6666630.222222222,5261993.438096869,4906202.995700794,2,19,1
60000127,5649486.111111111,6666679.0,5261945.305718728,4906148.706636372,2,19,1
60001439,5649394.111111111,6666825.111111111,5261985.489722141,4906352.554275666,2,19,1
60000659,5649301.666666667,6666736.0,5262069.771626727,4906471.455469933,2,19,1
60002381,5649075.777777778,6666926.666666667,5262292.3658920685,4906996.150120356,2,19,1
60001490,5084089.7,6000134.5,5273195.765134587,5084168.882838664,2,21,1
60002655,5648820.777777778,6666937.333333334,5262526.339030423,4907504.165079231,2,19,1
60001809,5648586.555555556,6666863.777777778,5262779.371726719,4907882.509478955,2,19,1
60000487,5648425.111111111,6666717.222222222,5262913.940805189,4908072.989557836,2,19,1
60001443,5648507.444444444,6666824.222222222,5262841.138405712,4907988.004475963,2,19,1
60001722,5648360.777777778,6666855.777777778,5262934.266024201,4908223.309940645,2,19,1
60001170,5648330.222222222,6666794.222222222,5263019.13802353,4908301.12686655,2,19,1
60000390,5648235.888888889,6666707.888888888,5263100.672199265,4908413.912859236,2,19,1
60001116,5648144.777777777,6666788.222222222,5263177.105686017,4908617.5951942615,2,19,1
60000633,5648083.888888889,6666734.888888889,5263193.601215151,4908652.864086221,2,19,1
60000617,5647947.555555556,6666726.555555556,5263354.37359112,4908941.136354868,2,19,1
60001186,5647838.111111111,6666796.222222223,5263445.268417338,4909157.402436791,2,19,1
60001655,5647755.555555556,6666845.444444444,5263507.493497945,4909325.721054524,2,19,1
60000976,5647673.555555556,6666766.888888889,5263576.416046653,4909428.629525192,2,19,1
60002310,5647617.333333333,6666921.0,5263689.618090171,4909662.904675916,2,19,1
60001529,5647512.333333333,6666833.777777778,5263772.231274118,4909794.180675137,2,19,1
60001850,5647363.0,6666865.222222222,5263903.767319199,4910083.524062213,2,19,1
60001632,5647106.777777778,6666844.444444444,5264130.212773136,4910513.139489322,2,19,1
60002975,5647232.555555556,6666978.111111111,5264052.743768391,4910436.715887433,2,19,1
60000959,5646726.444444444,6666771.222222222,5264492.388305379,4911165.182397955,2,19,1
60002887,5646895.444444444,6666977.222222222,5264375.880551775,4911027.265703602,2,19,1
60002245,5646787.222222222,6666909.666666667,5264499.058845433,4911196.287311448,2,19,1
60001966,5646641.111111111,6666879.555555556,5264658.750668021,4911459.536988295,2,19,1
60002524,5646698.666666667,6666945.222222222,5264593.835230122,4911384.686475999,2,19,1
60001463,5646580.444444444,6666827.444444444,5264728.732195186,4911532.797207153,2,19,1
60001124,5646541.666666667,6666788.666666667,5264716.242790988,4911566.051236841,2,19,1
60000550,5646477.0,6666726.444444444,5264737.614084842,4911591.826441915,2,19,1
60001448,5646381.444444444,6666826.111111111,5264722.545471178,4911721.420914551,2,19,1
60002032,5646441.666666667,6666891.0,5264720.143874197,4911705.787167606,2,19,1
60000683,5646318.444444444,6666741.111111111,5264823.122840669,4911829.596707128,2,19,1
60001278,5646337.0,6666805.666666667,5264771.931604707,4911789.980625419,2,19,1
60000656,5646276.888888889,6666738.333333333,5264849.638612328,4911889.507254465,2,19,1
60001533,5646220.888888889,6666835.222222222,5264891.137235519,4912039.266977254,2,19,1
60000950,5646150.333333333,6666770.888888889,5264944.085514157,4912115.490860492,2,19,1
60000362,5646082.333333333,6666705.222222221,5265001.332895131,4912196.274309074,2,19,1
60001180,5646037.222222222,6666796.555555556,5265032.203445763,4912312.752936954,2,19,1
60000959,5645998.222222222,6666768.555555556,5265048.854625016,4912354.114016928,2,19,1
60000688,5645943.111111111,6666741.888888889,5265083.039213352,4912416.857119122,2,19,1
60001786,5645929.444444444,6666863.444444444,5265116.265676954,4912520.495226002,2,19,1
60001270,5645864.666666667,6666805.555555556,5265178.113034401,4912602.127830324,2,19,1
60002363,5645675.444444444,6666919.444444444,5265365.784169228,4913053.169925757,2,19,1
60001457,5645527.888888889,6666816.666666666,5265518.204712938,4913282.464717172,2,19,1
60001860,5645408.333333333,6666870.888888889,5265631.074206039,4913512.43429195,2,19,1
60000951,5645300.555555556,6666769.000000001,5265727.381216889,4913645.7766169915,2,19,1
60001507,5645152.111111111,6666830.333333333,5265897.640454769,4913982.766341194,2,19,1
60001805,5645044.888888889,6666864.555555556,5265994.369316147,4914196.809339348,2,19,1
60001256,5645010.0,6666804.111111111,5266037.919829551,4914229.122382991,2,19,1
60001206,5644825.666666667,6666797.0,5266232.4947663965,4914584.097016782,2,19,1
59999944,5644678.888888889,6666655.111111111,5266341.258747064,4914746.538562529,2,19,1
60001619,5644754.333333333,6666836.555555556,5266278.71915326,4914731.318675241,2,19,1
60000625,5644614.333333333,6666734.111111111,5266393.363551093,4914894.671860056,2,19,1
60001376,5644543.888888889,6666817.333333332,5266455.04623353,4915067.787876608,2,19,1
60001168,5644475.777777778,6666794.333333333,5266509.159577072,4915166.6799014555,2,19,1
60000189,5644384.0,6666686.222222222,5266624.541997417,4915298.079277867,2,19,1
60001218,5644417.444444444,6666800.333333333,5266575.160612709,4915283.336425683,2,19,1
60000222,5644325.888888889,6666689.222222222,5266689.819411559,4915415.226795946,2,19,1
60000368,5644252.0,6666704.666666667,5266742.703174136,4915547.844649795,2,19,1
60001124,5644196.222222222,6666789.222222221,5266785.297162273,4915688.577874308,2,19,1
60001350,5644005.666666667,6666812.333333334,5266998.25504421,4916083.51065345,2,19,1
60000698,5643925.888888889,6666741.888888889,5267034.342325277,4916149.123742547,2,19,1
60000014,5643841.333333333,6666663.666666667,5267127.005925479,4916272.978281667,2,19,1
60001191,5643762.555555555,6666788.777777778,5267178.160461802,4916481.581843025,2,19,1
60000370,5643677.555555556,6666705.0,5267335.54372797,4916649.012772444,2,19,1
60000792,5643615.555555556,6666741.111111111,5267397.2282958,4916801.538682247,2,19,1
60001440,5643395.888888889,6666817.888888889,5267599.251492193,4917241.108483253,2,19,1
59999677,5643193.333333333,6666628.0,5267814.194797876,4917515.290519415,2,19,1
60001085,5643118.111111111,6666784.888888888,5267900.74697145,4917756.805351385,2,19,1
60000697,5643068.555555556,6666738.999999999,5267932.942838114,4917815.334051442,2,19,1
60000003,5642989.111111111,6666664.333333332,5268007.930077019,4917912.974116333,2,19,1
60000648,5642937.777777778,6666737.0,5268029.631930419,4918014.154446589,2,19,1
60000339,5642941.111111111,6666702.777777779,5268082.129287836,4918044.779170269,2,19,1
60001615,5642889.888888889,6666844.222222222,5268103.702428167,4918192.456630098,2,19,1
60000829,5642785.222222222,6666755.333333333,5268116.565584084,4918240.48367376,2,19,1
60000426,5642721.777777778,6666712.0,5268185.712798496,4918325.838781856,2,19,1
60001083,5642642.111111111,6666785.0,5268236.392435624,4918507.096167443,2,19,1
60001135,5642508.333333333,6666785.666666667,5268394.148831028,4918794.056456368,2,19,1
60000157,5642438.888888889,6666681.555555556,5268548.678000219,4918945.952951382,2,19,1
60001565,5642333.333333333,6666837.444444444,5268577.625772776,4919153.732964394,2,19,1
60002247,5642189.0,6666889.444444444,5268743.115982027,4919526.030577314,2,19,1
60000385,5641975.222222222,6666700.222222222,5268940.203462666,4919770.114127966,2,19,1
60003001,5641866.666666668,6666996.777777778,5269052.693682186,4920133.77134857,2,19,1
60002020,5641687.666666667,6666824.222222221,5269260.730194464,4920528.692064268,2,19,1
60000553,5641501.777777778,6666724.777777778,5269442.960496128,4920701.11802271,2,19,1
60001257,5641429.555555556,6666804.0,5269525.607664795,4920888.841753541,2,19,1
60001623,5077250.5,6000160.9,5278789.934780913,5096104.192202695,2,21,1
60000935,5641303.444444444,6666768.888888888,5269661.236631372,4921117.658655538,2,19,1
60000632,5641227.666666667,6666735.333333333,5269747.094322198,4921249.134984583,2,19,1
60000683,5641058.222222222,6666741.222222222,5269847.568718088,4921501.735267112,2,19,1
60001637,5641157.666666667,6666847.444444444,5269803.459512745,4921434.614717519,2,19,1
60001334,5641109.111111111,6666813.444444444,5269813.4806396,4921464.475486238,2,19,1
60000457,5641007.666666667,6666715.888888889,5269837.6083442075,4921515.542942373,2,19,1
60001197,5640932.555555556,6666798.444444444,5269897.679128199,4921694.538159625,2,19,1
60001666,5640900.222222221,6666850.333333333,5269945.634497067,4921795.781589048,2,19,1
60002206,5640710.222222222,6666901.0,5270128.413587229,4922199.794884473,2,19,1
60000921,5640560.888888889,6666765.111111111,5270263.443824664,4922373.922897758,2,19,1
60000167,5640474.333333333,6666683.0,5270304.087497917,4922436.53422035,2,19,1
60001324,5640398.555555555,6666812.333333333,5270245.305776979,4922506.557364931,2,19,1
60001679,5640244.777777778,6666832.0,5270464.403883276,4922907.406823355,2,19,1
60001226,5640085.111111111,6666791.333333333,5270648.13179839,4923185.732353645,2,19,1
60000021,5639913.333333333,6666660.11111111,5270848.568331099,4923448.278778464,2,19,1
60000995,5639826.0,6666767.333333334,5270946.170858724,4923685.872598241,2,19,1
60000108,5639742.444444444,6666674.222222222,5271085.4368424,4923833.416571654,2,19,1
60001043,5639634.333333333,6666779.777777778,5271210.282197131,4924112.059219199,2,19,1
60000469,5639559.111111111,6666716.111111112,5271296.817499975,4924226.015335365,2,19,1
59999863,5639473.0,6666649.0,5271342.672941236,4924352.488880594,2,19,1
60000887,5639397.333333333,6666763.333333333,5271429.873756432,4924572.2368955305,2,19,1
60000502,5639363.888888889,6666721.0,5271525.317737705,4924665.1212888835,2,19,1
60000187,5639321.777777778,6666686.111111111,5271571.404184638,4924724.756350513,2,19,1
60001333,5639264.222222222,6666807.333333333,5271636.22082437,4924923.631028709,2,19,1
60000815,5639202.666666667,6666755.555555556,5271707.506506336,4925000.3548282385,2,19,1
60000525,5639152.666666667,6666723.555555555,5271674.812190619,4925012.701697405,2,19,1
60001474,5639099.777777778,6666828.222222222,5271734.329734233,4925177.086776545,2,19,1
60000833,5639025.222222223,6666752.555555556,5271793.070044332,4925277.122770228,2,19,1
60000133,5638977.666666667,6666680.0,5271911.168970628,4925382.863345524,2,19,1
60000453,5638888.888888889,6666715.555555556,5271952.287280264,4925514.450438226,2,19,1
60000948,5638939.777777778,6666770.666666667,5271898.800797673,4925454.028611348,2,19,1
60001183,5638754.11111111,6666795.0,5272065.664802993,4925806.533632056,2,19,1
60000651,5638688.444444444,6666736.0,5272106.557785277,4925870.759857794,2,19,1
60001926,5638491.555555556,6666856.777777778,5272335.948368335,4926389.5978246275,2,19,1
60000974,5638351.0,6666771.666666667,5272383.074251007,4926461.370711131,2,19,1
60002046,5638282.333333333,6666891.333333333,5272411.461884519,4926621.820382578,2,19,1
60000954,5638177.555555556,6666768.555555556,5272568.260698697,4926799.318050389,2,19,1
60001827,5638086.777777778,6666867.333333333,5272592.464558914,4926958.409565886,2,19,1
60001954,5637906.444444444,6666865.777777778,5272803.765352052,4927352.259591397,2,19,1
60001472,5637745.555555556,6666827.111111111,5272941.485407246,4927596.532296766,2,19,1
60000294,5637608.444444444,6666695.0,5273078.442071104,4927777.718321668,2,19,1
60001107,5637682.444444444,6666783.0,5272993.057896984,4927687.857187664,2,19,1
60001479,5637567.222222222,6666828.555555556,5273122.107491012,4927934.019942716,2,19,1
60000890,5637493.444444444,6666763.0,5273207.538644627,4928043.740516591,2,19,1
60000113,5637396.000000001,6666677.777777778,5273287.6454714425,4928158.432884129,2,19,1
60000752,5637446.0,6666748.666666667,5273230.294268163,4928101.735736109,2,19,1
59999902,5637346.111111111,6666654.333333333,5273283.4383619195,4928186.6192911165,2,19,1
60002021,5637297.666666667,6666889.555555555,5273337.171951529,4928419.19317909,2,19,1
60000582,5637130.777777778,6666728.888888889,5273493.291383374,4928639.1060908595,2,19,1
59999929,5637055.0,6666656.777777778,5273577.879935381,4928736.089188099,2,19,1
60001279,5637026.555555556,6666806.444444444,5273633.40168029,4928917.796055035,2,19,1
60000437,5636926.222222222,6666713.0,5273748.858799279,4929064.79875478,2,19,1
60001448,5636836.333333333,6666822.111111111,5273816.671163826,4929287.860453233,2,19,1
60001176,5636665.111111111,6666785.222222222,5273993.491024672,4929612.299039798,2,19,1
60001530,5636551.333333333,6666829.222222222,5274077.47435177,4929813.0399366,2,19,1
60000546,5636435.222222222,6666716.666666667,5274212.036654523,4929989.258476711,2,19,1
60000658,5636284.222222222,6666737.666666667,5274352.580576425,4930255.595689994,2,19,1
60001241,5636344.444444444,6666798.777777778,5274284.359463972,4930185.594288003,2,19,1
59999932,5636227.444444444,6666647.777777778,5274445.426623284,4930374.984846812,2,19,1
60001044,5636140.444444444,6666780.222222222,5274532.49981456,4930601.548652425,2,19,1
60000879,5635951.333333333,6666760.111111111,5274691.1523238495,4930917.453441561,2,19,1
60000398,5635886.888888889,6666709.444444444,5274740.326250868,4930989.959617494,2,19,1
60001030,5635850.333333333,6666779.777777778,5274762.101765634,4931084.351075476,2,19,1
60001717,5635804.111111111,6666856.111111111,5274793.490166521,4931203.831432631,2,19,1
60000725,5635689.777777778,6666745.777777777,5274879.694675861,4931274.270892281,2,19,1
60001379,5635740.333333333,6666818.444444444,5274821.868313209,4931262.997395473,2,19,1
60000589,5635667.333333333,6666729.0,5274865.409063723,4931317.054056197,2,19,1
60001441,5635604.777777778,6666825.444444444,5274936.735680457,4931495.339646462,2,19,1
60001147,5635565.0,6666792.333333333,5274981.102641103,4931549.9086996475,2,19,1
60001698,5635513.666666667,6666854.0,5274989.562322374,4931652.01061812,2,19,1
60001380,5635462.333333333,6666817.888888889,5275006.427223123,4931693.229970575,2,19,1
60001249,5635323.666666667,6666795.222222222,5275167.50507446,4931967.292988843,2,19,1
60001879,5635243.0,6666859.777777778,5275276.63052818,4932217.3641861575,2,19,1
60000900,5635130.111111111,6666763.111111111,5275404.163831347,4932361.397817237,2,19,1
60000861,5634991.222222222,6666732.555555556,5275511.524895424,4932632.269185291,2,19,1
60002096,5634828.333333333,6666891.0,5275748.433349647,4933066.507502433,2,19,1
60002232,5634731.0,6666911.333333333,5275856.873449184,4933260.763683362,2,19,1
60001202,5634603.111111111,6666796.111111111,5275970.889165411,4933430.342832167,2,19,1
60000570,5634526.222222222,6666727.111111112,5275980.855713485,4933460.438172643,2,19,1
60001732,5634463.333333333,6666856.888888889,5276051.986389894,4933661.154770777,2,19,1
60001229,5634420.333333333,6666800.11111111,5276131.789241432,4933753.76145158,2,19,1
60000584,5634333.333333333,6666727.11111111,5276231.770337899,4933885.92955683,2,19,1
60001567,5634255.333333333,6666838.444444445,5276260.382948017,4934049.455056847,2,19,1
60000993,5634184.888888889,6666774.666666667,5276339.775503385,4934151.043302383,2,19,1
60000372,5634113.333333333,6666706.222222222,5276392.079996852,4934231.732039163,2,19,1
60001712,5634060.333333333,6666855.555555556,5276416.107689741,4934391.3041767655,2,19,1
60001093,5633983.111111111,6666786.555555556,5276504.312800129,4934505.698062247,2,19,1
60001638,5633935.111111111,6666846.888888889,5276531.276198704,4934616.98802436,2,19,1
60001932,5633800.444444444,6666877.555555556,5276710.348477997,4934939.627414734,2,19,1
60000428,5633626.444444444,6666709.444444444,5276897.278752452,4935187.132113866,2,19,1
60002043,5633538.888888889,6666886.444444444,5276977.764828497,4935457.836102901,2,19,1
60001468,5633467.444444444,6666827.666666667,5277038.587716602,4935534.021947397,2,19,1
60001743,5633331.333333333,6666826.555555555,5277172.811177781,4935861.29490333,2,19,1
60000375,5633155.333333333,6666698.888888889,5277335.325423879,4936048.07266457,2,19,1
60001981,5633027.111111111,6666883.333333333,5277473.590470762,4936394.222848724,2,19,1
60000725,5632838.888888889,6666723.555555556,5277662.860285091,4936713.030137261,2,19,1
60001570,5632701.888888889,6666838.777777778,5277854.655667785,4937055.684229134,2,19,1
60001223,5632633.111111111,6666799.666666667,5277917.829381428,4937158.5514342915,2,19,1
60000657,5632566.333333333,6666737.777777778,5277975.225644987,4937236.386912971,2,19,1
60001857,5632507.666666668,6666870.444444444,5277995.200434442,4937386.052198423,2,19,1
60001269,5632433.222222222,6666804.555555556,5278079.8354282165,4937496.546968162,2,19,1
60000957,5632383.555555556,6666769.333333334,5278113.322817044,4937560.693547929,2,19,1
60002189,5632325.777777778,6666905.222222222,5278179.266740421,4937759.42071487,2,19,1
60001783,5632276.111111111,6666863.111111111,5278201.0753608905,4937796.403758321,2,19,1
60001300,5632234.888888889,6666809.888888889,5278274.33428887,4937863.563266391,2,19,1
60000722,5632193.777777778,6666745.0,5278335.2193544125,4937935.884685624,2,19,1
60001876,5632141.0,6666873.333333333,5278395.913465568,4938113.8559495825,2,19,1
60001578,5632096.444444444,6666840.555555556,5278420.296012343,4938166.364207571,2,19,1
60001143,5632040.777777778,6666790.333333333,5278459.159277279,4938228.474728589,2,19,1
60000959,5631985.777777778,6666772.0,5278497.408753977,4938300.426959234,2,19,1
60002928,5631931.111111111,6666988.444444444,5278517.766744359,4938502.385670278,2,19,1
60000933,5631700.444444444,6666762.222222222,5278768.372309234,4938837.805990565,2,19,1
60001168,5631594.444444444,6666788.666666667,5278890.125235254,4939069.528136069,2,19,1
60001542,5631482.444444444,6666830.222222222,5279032.313075572,4939342.45374733,2,19,1
60000664,5631374.444444444,6666737.333333333,5279110.636233179,4939449.921635429,2,19,1
60001959,5631289.555555556,6666863.444444444,5279209.353973522,4939735.917100202,2,19,1
60001129,5631189.222222222,6666789.555555556,5279300.136478219,4939840.539771605,2,19,1
60001777,5631044.777777779,6666853.888888889,5279470.630829851,4940196.47441277,2,19,1
60001140,5630965.777777778,6666790.88888889,5279531.830345608,4940276.518645122,2,19,1
60002105,5630858.666666667,6666893.111111111,5279636.27147027,4940547.980936008,2,19,1
60000250,5630657.555555556,6666687.888888889,5279848.712185892,4940818.486898841,2,19,1
60001825,5630777.111111111,6666858.777777778,5279706.62649802,4940681.967005664,2,19,1
60001335,5630599.555555556,6666812.111111111,5279945.2985149175,4941030.974536272,2,19,1
60001664,5630530.555555556,6666848.888888889,5279989.861561031,4941166.85039064,2,19,1
60001913,5630454.111111111,6666873.333333333,5280059.555716617,4941327.998137368,2,19,1
60001254,5630374.000000001,6666800.888888889,5280151.857802032,4941445.854507854,2,19,1
60000568,5630293.0,6666727.555555556,5280199.845627673,4941518.856187466,2,19,1
60001934,5630123.888888889,6666877.777777778,5280390.641136398,4941956.048577091,2,19,1
60001253,5630023.111111111,6666803.666666667,5280487.550137521,4942101.474058075,2,19,1
60001165,5630013.777777778,6666791.333333333,5280564.761014128,4942181.376590959,2,19,1
60002045,5629949.333333333,6666891.888888889,5280606.801883591,4942339.643321001,2,19,1
60000591,5629778.444444444,6666729.333333333,5280776.910008084,4942566.338186924,2,19,1
60001611,5629880.888888889,6666831.333333332,5280665.704835765,4942450.582697717,2,19,1
60001162,5629506.888888889,6666787.555555556,5281073.7035776265,4943165.242961136,2,19,1
60000271,5629402.666666667,6666692.444444444,5281173.3270549355,4943294.237574426,2,19,1
60001951,5629294.666666667,6666880.333333333,5281273.558065398,4943603.606533977,2,19,1
60000470,5629121.444444444,6666715.222222222,5281448.4039913975,4943837.529436414,2,19,1
60001522,5629055.777777778,6666830.777777778,5281568.766149925,4944090.809867315,2,19,1
60000717,5628956.333333333,6666742.333333334,5281683.263960956,4944239.451075387,2,19,1
60000382,5628878.555555556,6666707.111111111,5281752.823155541,4944355.853633222,2,19,1
60001125,5628815.0,6666789.555555556,5281808.339674159,4944519.889549847,2,19,1
60000785,5628746.333333333,6666752.333333333,5281841.382283763,4944589.438548665,2,19,1
60002222,5628702.555555556,6666912.222222222,5281868.357080052,4944753.958498081,2,19,1
60001815,5628686.444444444,6666866.666666667,5281935.526339306,4944808.261649712,2,19,1
60001353,5628629.111111111,6666815.222222223,5281979.7632766785,4944873.990620534,2,19,1
60000820,5628564.555555556,6666756.222222222,5282034.4059472745,4944950.932434107,2,19,1
60001840,5628523.111111111,6666869.777777778,5282054.422767703,4945076.828861731,2,19,1
60001313,5628457.333333333,6666810.111111111,5282077.7668205295,4945124.348849947,2,19,1
60002499,5628383.888888889,6666941.777777778,5282135.383934121,4945329.232903224,2,19,1
60001558,5628271.777777778,6666828.222222222,5282240.342624467,4945485.786641687,2,19,1
60002069,5628086.222222222,6666889.555555556,5282452.7521994645,4945891.275853779,2,19,1
60002989,5628003.333333333,6666971.222222221,5282590.892723735,4946205.807338964,2,19,1
60001893,5627874.888888889,6666859.666666668,5282688.965227071,4946329.022086784,2,19,1
60003735,5627676.444444444,6667078.666666667,5282909.976107488,4946833.265217103,2,19,1
60000794,5627341.888888889,6666740.444444444,5283283.219096233,4947334.533660224,2,19,1
60001679,5627434.777777778,6666851.111111111,5283175.670598976,4947185.093793273,2,19,1
60000955,5627230.777777778,6666769.0,5283375.566670038,4947522.6752599375,2,19,1
60001375,5627156.333333333,6666816.555555556,5283418.47412149,4947659.852105541,2,19,1
60000852,5627077.0,6666758.888888889,5283504.987973207,4947778.330419913,2,19,1
60001832,5627058.0,6666868.0,5283578.626665596,4947945.20086288,2,19,1
60001760,5626937.888888889,6666846.888888889,5283699.563908854,4948191.11290799,2,19,1
60000781,5626798.888888889,6666750.666666667,5283836.78762735,4948367.835442208,2,19,1
60001166,5626683.666666667,6666789.111111111,5283945.1800094405,4948614.064668699,2,19,1
59999874,5626523.0,6666647.111111112,5284087.091630517,4948816.45164898,2,19,1
60001639,5626594.666666667,6666843.888888889,5284023.022273465,4948806.496938743,2,19,1
60000466,5626458.555555556,6666716.222222222,5284142.797325767,4948967.044536814,2,19,1
60002547,5626267.444444444,6666943.333333333,5284316.435344691,4949462.520106274,2,19,1
60003542,5625854.222222223,6667040.666666666,5284826.352401557,4950442.6849227585,2,19,1
60001146,5625549.777777778,6666789.111111111,5285159.251538093,4950870.533624654,2,19,1
60001692,5625246.444444444,6666845.0,5285493.204031203,4951527.3718709005,2,19,1
60002386,5625002.555555556,6666927.333333333,5285738.607038355,4952042.165363044,2,19,1
60002880,5624838.777777778,6666982.111111111,5285906.11035487,4952393.929969158,2,19,1
60002684,5624575.222222222,6666952.888888889,5286194.711018925,4952926.7576877065,2,19,1
60002460,5624361.555555556,6666930.333333332,5286404.70059014,4953312.610145104,2,19,1
60001452,5624109.555555555,6666824.111111111,5286697.869844893,4953758.060924465,2,19,1
60001958,5623977.888888889,6666869.333333333,5286896.582831875,4954136.3918022085,2,19,1
60000551,5623815.000000001,6666722.888888889,5287059.521632015,4954337.926404759,2,19,1
60001424,5623705.333333333,6666822.666666667,5287186.044361688,4954618.905614033,2,19,1
60001106,5623647.333333333,6666787.111111111,5287202.364417878,4954668.360091431,2,19,1
60002144,5623568.777777778,6666902.444444444,5287273.345299134,4954884.226686662,2,19,1
60001512,5623490.666666667,6666832.555555555,5287314.5040796,4954950.983685765,2,19,1
60000987,5623427.111111111,6666774.555555556,5287360.371775136,4955017.528732469,2,19,1
60000526,5623361.666666667,6666723.333333332,5287398.7167297825,4955083.461043088,2,19,1
60001641,5623319.777777778,6666846.888888889,5287494.387568742,4955296.315874118,2,19,1
60001532,5623250.666666667,6666834.999999999,5287489.720772254,4955338.550515545,2,19,1
60001046,5623167.555555556,6666779.777777778,5287552.893730358,4955449.310629683,2,19,1
60002456,5623099.333333333,6666936.888888889,5287598.320491616,4955653.019723093,2,19,1
60000842,5622913.333333333,6666758.555555556,5287778.982736372,4955893.159975861,2,19,1
60000421,5622863.777777778,6666709.222222222,5287813.398276923,4955948.916841778,2,19,1
60002061,5622793.444444444,6666894.111111112,5287870.564688377,4956177.193271202,2,19,1
60001608,5622737.777777778,6666843.333333333,5287925.70050239,4956249.4952886,2,19,1
60002800,5622594.111111111,6666965.666666668,5288051.560132816,4956601.241109047,2,19,1
60001128,5622396.555555556,6666779.222222222,5288286.136120097,4956896.988471135,2,19,1
60000505,5622293.555555556,6666720.666666667,5288372.922697754,4957035.317777956,2,19,1
60001517,5622230.444444444,6666833.111111111,5288443.926738874,4957231.513287493,2,19,1
60000712,5622134.333333333,6666742.0,5288495.620784208,4957318.55521246,2,19,1
60002004,5621961.0,6666886.111111111,5288680.238798522,4957752.557029002,2,19,1
60000566,5059613.7,6000053.199999999,5293814.3801908,5127850.998167639,2,21,1
60001407,5621883.777777778,6666820.888888889,5288753.370792941,4957856.1633001575,2,19,1
60001241,5621675.111111111,6666800.0,5288964.922318601,4958246.23111862,2,19,1
60000608,5621598.444444444,6666731.666666667,5289053.758852407,4958356.330234849,2,19,1
60001293,5621519.333333333,6666807.666666667,5289099.620144742,4958528.851395871,2,19,1
60001040,5621449.444444444,6666780.222222222,5289180.601422684,4958651.501882739,2,19,1
59999997,5621318.111111111,6666662.333333333,5289302.287899285,4958827.424763137,2,19,1
60001511,5621379.555555556,6666832.333333333,5289230.901358488,4958805.124730679,2,19,1
60001289,5621272.777777778,6666808.222222221,5289331.452218271,4958988.781361725,2,19,1
60000894,5621260.111111111,6666762.777777778,5289423.239001381,4959067.978255385,2,19,1
60000546,5621213.888888889,6666724.222222222,5289453.059247039,4959119.048420717,2,19,1
60000149,5621162.555555556,6666682.0,5289485.26587484,4959166.356494507,2,19,1
60000808,5621106.0,6666754.88888889,5289524.872163047,4959304.101556927,2,19,1
60001724,5621001.888888889,6666855.777777778,5289582.188947144,4959517.378504504,2,19,1
60002387,5620890.666666667,6666925.111111111,5289778.862029632,4959869.905474095,2,19,1
60001042,5620749.0,6666778.444444444,5289955.438610188,4960089.012174456,2,19,1
60000198,5620652.444444444,6666686.222222222,5290067.101147705,4960227.096226436,2,19,1
60000737,5058478.6,6000064.1,5294856.129250669,5130014.586113126,2,21,1
60001028,5620338.0,6666778.111111111,5290386.344010237,4960897.744872077,2,19,1
60002480,5620281.333333332,6666940.0,5290449.915007797,4961110.437754132,2,19,1
60001373,5620152.666666667,6666807.111111111,5290601.487017143,4961316.842846525,2,19,1
60000572,5620080.666666667,6666727.333333333,5290702.420539805,4961427.67760047,2,19,1
59999704,5619982.666666666,6666631.0,5290788.03246076,4961542.294178772,2,19,1
60000843,5619924.888888889,6666753.666666666,5290836.98291708,4961730.294569829,2,19,1
60000920,5619794.888888889,6666767.333333333,5290954.683387995,4961964.913517275,2,19,1
60001550,5619854.111111111,6666836.333333333,5290902.074024959,4961904.201761432,2,19,1
60000507,5619769.444444444,6666721.666666667,5291027.996111628,4962035.708390156,2,19,1
59999637,5619672.777777777,6666623.444444444,5291073.007315714,4962109.1387232235,2,19,1
60000221,5619721.222222222,6666689.888888889,5291040.157707551,4962067.741269799,2,19,1
60000874,5619617.111111111,6666762.444444445,5291138.108312885,4962307.489372966,2,19,1
60000453,5619564.222222222,6666715.333333333,5291167.130462706,4962358.740528894,2,19,1
60000643,5619511.222222222,6666736.111111111,5291200.3754272945,4962450.049388166,2,19,1
60000529,5619288.666666667,6666723.666666667,5291489.271324308,4962944.076370799,2,19,1
60002950,5619452.111111111,6666982.888888889,5291318.80153007,4962805.448604132,2,19,1
60000904,5619218.333333333,6666764.111111112,5291498.887480795,4963042.574075111,2,19,1
60002279,5619140.0,6666917.888888889,5291590.171355039,4963298.097735302,2,19,1
60001872,5619057.555555556,6666870.888888889,5291680.88037986,4963438.0668512285,2,19,1
60002047,5618907.0,6666890.444444444,5291856.103471304,4963764.470993666,2,19,1
60003040,5618791.0,6666979.555555556,5291991.684787213,4964107.853948132,2,19,1
60001499,5618583.666666667,6666830.999999999,5292184.208833792,4964364.301749218,2,19,1
60002366,5618541.999999999,6666927.666666667,5292291.031339287,4964558.031839617,2,19,1
60001344,5618421.888888889,6666812.333333333,5292384.643369907,4964705.666045319,2,19,1
60000607,5618337.333333333,6666731.333333332,5292456.296143171,4964804.23649002,2,19,1
60001173,5618188.333333333,6666787.333333333,5292575.254642465,4965112.1301453505,2,19,1
60001768,5618249.0,6666860.111111111,5292529.839507568,4965041.584028361,2,19,1
60000453,5618101.222222222,6666714.555555555,5292654.615942712,4965211.809166833,2,19,1
60001676,5618076.222222222,6666850.777777777,5292748.4314199835,4965413.624802213,2,19,1
60001319,5618023.888888889,6666810.222222222,5292777.424474919,4965466.506125728,2,19,1
60000904,5617960.444444444,6666765.333333333,5292851.685368557,4965559.142570779,2,19,1
60000783,5617903.222222222,6666752.222222222,5292884.657314733,4965645.663845684,2,19,1
60001671,5617777.0,6666850.666666667,5293004.046006341,4965947.687407988,2,19,1
60002355,5617849.555555556,6666925.777777778,5292946.641496637,4965866.464392034,2,19,1
60000742,5617667.666666667,6666741.555555556,5293105.410200448,4966096.194464801,2,19,1
60001385,5617609.222222222,6666818.555555556,5293124.176604063,4966201.386882712,2,19,1
60001460,5617539.666666667,6666816.0,5293277.650405795,4966439.22112347,2,19,1
60002090,5617294.333333333,6666894.333333333,5293503.981700944,4966930.491066489,2,19,1
60000619,5617123.555555556,6666732.777777778,5293704.818444879,4967177.646376079,2,19,1
60001014,5617030.333333333,6666765.444444444,5293812.422506841,4967412.605847941,2,19,1
60001889,5616930.888888889,6666874.111111111,5293884.658371049,4967636.815585416,2,19,1
60001390,5616848.777777778,6666816.0,5293959.264938714,4967757.055646794,2,19,1
60000674,5616748.555555556,6666738.333333333,5294055.078021032,4967893.91757541,2,19,1
60001547,5616679.222222222,6666832.222222222,5294083.13728935,4968045.933305312,2,19,1
60000796,5616620.111111111,6666752.0,5294218.503052255,4968174.389959002,2,19,1
60000330,5616562.444444444,6666701.0,5294221.663813981,4968202.15144553,2,19,1
60004521,5616512.666666667,6667162.555555556,5294238.595524879,4968560.243164188,2,19,1
60001161,5616134.999999999,6666786.555555556,5294687.385861794,4969124.743379942,2,19,1
60000625,5616072.222222222,6666734.222222221,5294696.807216249,4969156.672739722,2,19,1
60000995,5615686.444444444,6666774.888888889,5295145.5492522605,4969992.138298672,2,19,1
60003419,5615951.222222221,6667039.333333333,5294831.747178393,4969607.441492713,2,19,1
60000364,5054032.699999999,6000026.1,5298803.665916509,5138282.340104077,2,21,1
60003395,5615404.0,6667030.888888889,5295450.599380661,4970750.905565965,2,19,1
60000815,5615089.111111112,6666754.444444444,5295803.615537859,4971206.170723991,2,19,1
60001511,5614976.777777778,6666824.000000001,5295875.9309169715,4971441.141158492,2,19,1
60001611,5614822.333333334,6666842.333333333,5296025.815021227,4971731.603525073,2,19,1
60000173,5614656.888888889,6666682.0,5296198.258594165,4971962.478035559,2,19,1
60001088,5614553.666666667,6666785.000000001,5296300.0793223325,4972221.615033038,2,19,1
60001059,5614427.888888889,6666780.0,5296426.589406966,4972466.730701851,2,19,1
60000286,5614219.222222222,6666692.666666667,5296650.908235193,4972836.618540066,2,19,1
60001342,5614169.666666667,6666812.111111112,5296721.588741379,4973022.5698537305,2,19,1
60000685,5614089.444444444,6666740.444444444,5296794.212669422,4973122.844024369,2,19,1
60000112,5614023.333333333,6666676.888888889,5296848.977540091,4973199.53048695,2,19,1
60000603,5613956.222222222,6666728.666666666,5296860.956238298,4973308.075786503,2,19,1
60001449,5613819.666666667,6666825.111111111,5297022.095616272,4973651.09210501,2,19,1
60001090,5613734.111111112,6666784.222222222,5297093.514716477,4973784.145914475,2,19,1
60000928,5052180.6,6000069.2,5300440.1049430305,5141799.232939678,2,21,1
60002276,5613647.222222222,6666903.333333333,5297195.847512998,4974069.314894119,2,19,1
60001386,5613311.888888889,6666818.555555556,5297568.950167459,4974676.3126,2,19,1
60002145,5613385.666666667,6666898.555555556,5297504.540110749,4974602.956715695,2,19,1
60002627,5613203.0,6666944.666666667,5297673.320651671,4974989.5336301215,2,19,1
60001580,5613037.444444444,6666835.111111111,5297846.55976799,4975233.949024394,2,19,1
60001121,5612847.222222222,6666787.888888889,5298006.524325277,4975532.442888737,2,19,1
60001713,5612908.666666667,6666854.333333333,5297974.482545311,4975487.779743485,2,19,1
60000610,5612785.777777778,6666732.777777778,5298043.872401298,4975587.999524725,2,19,1
60002176,5612721.777777778,6666906.222222222,5298100.434365315,4975818.1563010765,2,19,1
60000990,5612603.666666667,6666770.333333333,5298287.211386006,4976037.780854512,2,19,1
60001490,5612500.555555556,6666829.444444444,5298356.955756924,4976232.510846335,2,19,1
60000806,5612420.666666667,6666752.777777778,5298451.05989116,4976346.30580225,2,19,1
60000237,5612354.0,6666690.555555556,5298529.214479759,4976443.4209873,2,19,1
1405928,1405874.0,0,0.0,0,0,2,1
1405985,1405875.0,0,0.0,0,0,2,1
1406063,1405875.0,0,0.0,0,0,2,1
1406099,1405875.0,0,0.0,0,0,2,1
1406163,1405875.0,0,0.0,0,0,2,1
1406231,1405875.0,0,0.0,0,0,2,1
1406583,1406551.0,0,0.0,0,0,2,1
1406612,1406551.0,0,0.0,0,0,2,1
1406633,1406551.0,0,0.0,0,0,2,1
1406659,1406551.0,0,0.0,0,0,2,1
1406682,1406551.0,0,0.0,0,0,2,1
1406759,1406552.0,0,0.0,0,0,2,1
1406918,1406901.0,0,0.0,0,0,2,1
1403759,1403716.0,0,0.0,0,0,2,1
1406997,1406902.0,0,0.0,0,0,2,1
1403954,1403938.0,0,0.0,0,0,2,1
1403979,1403938.0,0,0.0,0,0,2,1
1404053,1403938.0,0,0.0,0,0,2,1
1404192,1404177.0,0,0.0,0,0,2,1
1404147,1404108.0,0,0.0,0,0,2,1
1404542,1404511.0,0,0.0,0,0,2,1
1404617,1404518.0,0,0.0,0,0,2,1
1404704,1404518.0,0,0.0,0,0,2,1
1400884,1400609.0,0,0.0,0,0,2,1
1400917,1400609.0,0,0.0,0,0,2,1
1401206,1401179.0,0,0.0,0,0,2,1
1401238,1401180.0,0,0.0,0,0,2,1
1401261,1401180.0,0,0.0,0,0,2,1
1401360,1401180.0,0,0.0,0,0,2,1
1401453,1401180.0,0,0.0,0,0,2,1
1401493,1401181.0,0,0.0,0,0,2,1
1397198,1396866.0,0,0.0,0,0,2,1
1397934,1397900.0,0,0.0,0,0,2,1
1398016,1397902.0,0,0.0,0,0,2,1
1398464,1398317.0,0,0.0,0,0,2,1
1398552,1398317.0,0,0.0,0,0,2,1
1398649,1398317.0,0,0.0,0,0,2,1
1398692,1398318.0,0,0.0,0,0,2,1
1394263,1393863.0,0,0.0,0,0,2,1
1394433,1393863.0,0,0.0,0,0,2,1
1394543,1394508.0,0,0.0,0,0,2,1
1394639,1394509.0,0,0.0,0,0,2,1
1394676,1394509.0,0,0.0,0,0,2,1
1394741,1394509.0,0,0.0,0,0,2,1
1394777,1394509.0,0,0.0,0,0,2,1
1390951,1390597.0,0,0.0,0,0,2,1
1390978,1390597.0,0,0.0,0,0,2,1
1391063,1390597.0,0,0.0,0,0,2,1
1391408,1391262.0,0,0.0,0,0,2,1
1391515,1391262.0,0,0.0,0,0,2,1
1391599,1391262.0,0,0.0,0,0,2,1
1391635,1391262.0,0,0.0,0,0,2,1
1386526,1386132.0,0,0.0,0,0,2,1
1387522,1387044.0,0,0.0,0,0,2,1
1386640,1386132.0,0,0.0,0,0,2,1
1387624,1387044.0,0,0.0,0,0,2,1
1387714,1387688.0,0,0.0,0,0,2,1
1387800,1387689.0,0,0.0,0,0,2,1
1384188,1383979.0,0,0.0,0,0,2,1
1384266,1383979.0,0,0.0,0,0,2,1
1384347,1383980.0,0,0.0,0,0,2,1
1380024,1379584.0,0,0.0,0,0,2,1
1380240,1379715.0,0,0.0,0,0,2,1
1380353,1379715.0,0,0.0,0,0,2,1
1380423,1380403.0,0,0.0,0,0,2,1
1380493,1380403.0,0,0.0,0,0,2,1
1380571,1380403.0,0,0.0,0,0,2,1
1380646,1380403.0,0,0.0,0,0,2,1
1380706,1380403.0,0,0.0,0,0,2,1
1380794,1380404.0,0,0.0,0,0,2,1
1376265,1375794.0,0,0.0,0,0,2,1
1376295,1375794.0,0,0.0,0,0,2,1
1377292,1377267.0,0,0.0,0,0,2,1
1377413,1377268.0,0,0.0,0,0,2,1
1377511,1377268.0,0,0.0,0,0,2,1
1377542,1377268.0,0,0.0,0,0,2,1
1377607,1377269.0,0,0.0,0,0,2,1
1373824,1373406.0,0,0.0,0,0,2,1
1373898,1373406.0,0,0.0,0,0,2,1
1373997,1373419.0,0,0.0,0,0,2,1
1374123,1374098.0,0,0.0,0,0,2,1
1369207,1369105.0,0,0.0,0,0,2,1
1369294,1369105.0,0,0.0,0,0,2,1
1369421,1369106.0,0,0.0,0,0,2,1
1365962,1365504.0,0,0.0,0,0,2,1
1366043,1365504.0,0,0.0,0,0,2,1
1366121,1365505.0,0,0.0,0,0,2,1
1366228,1365505.0,0,0.0,0,0,2,1
1366360,1366334.0,0,0.0,0,0,2,1
1366392,1366333.0,0,0.0,0,0,2,1
1362346,1362208.0,0,0.0,0,0,2,1
1362381,1362208.0,0,0.0,0,0,2,1
1362473,1362209.0,0,0.0,0,0,2,1
1362511,1362209.0,0,0.0,0,0,2,1
1362575,1362209.0,0,0.0,0,0,2,1
1362670,1362209.0,0,0.0,0,0,2,1
1359073,1359045.0,0,0.0,0,0,2,1
1359106,1359044.0,0,0.0,0,0,2,1
1359167,1359045.0,0,0.0,0,0,2,1
1359200,1359045.0,0,0.0,0,0,2,1
1359229,1359045.0,0,0.0,0,0,2,1
1359309,1359045.0,0,0.0,0,0,2,1
1359341,1359045.0,0,0.0,0,0,2,1
1356219,1355838.0,0,0.0,0,0,2,1
1356276,1356256.0,0,0.0,0,0,2,1
1356302,1356256.0,0,0.0,0,0,2,1
1356327,1356256.0,0,0.0,0,0,2,1
1356350,1356256.0,0,0.0,0,0,2,1
1356372,1356258.0,0,0.0,0,0,2,1
1352151,1351952.0,0,0.0,0,0,2,1
1352274,1351952.0,0,0.0,0,0,2,1
1352411,1351953.0,0,0.0,0,0,2,1
1352478,1352457.0,0,0.0,0,0,2,1
1352551,1352457.0,0,0.0,0,0,2,1
1352629,1352457.0,0,0.0,0,0,2,1
1352740,1352458.0,0,0.0,0,0,2,1
1352909,1352592.0,0,0.0,0,0,2,1
1353002,1352592.0,0,0.0,0,0,2,1
1348720,1348230.0,0,0.0,0,0,2,1
1348815,1348230.0,0,0.0,0,0,2,1
1348931,1348911.0,0,0.0,0,0,2,1
1345501,1345405.0,0,0.0,0,0,2,1
1345527,1345405.0,0,0.0,0,0,2,1
1345578,1345405.0,0,0.0,0,0,2,1
1345639,1345405.0,0,0.0,0,0,2,1
1345770,1345406.0,0,0.0,0,0,2,1
1341621,1341231.0,0,0.0,0,0,2,1
1341670,1341231.0,0,0.0,0,0,2,1
1341733,1341708.0,0,0.0,0,0,2,1
1341762,1341709.0,0,0.0,0,0,2,1
1341783,1341709.0,0,0.0,0,0,2,1
1341803,1341709.0,0,0.0,0,0,2,1
1337045,1336932.0,0,0.0,0,0,2,1
1337066,1336933.0,0,0.0,0,0,2,1
1337859,1337706.0,0,0.0,0,0,2,1
1332985,1332813.0,0,0.0,0,0,2,1
1333862,1333847.0,0,0.0,0,0,2,1
1333882,1333848.0,0,0.0,0,0,2,1
1333897,1333848.0,0,0.0,0,0,2,1
1333951,1333848.0,0,0.0,0,0,2,1
1333978,1333849.0,0,0.0,0,0,2,1
1330150,1330002.0,0,0.0,0,0,2,1
1330200,1330003.0,0,0.0,0,0,2,1
1325675,1325449.0,0,0.0,0,0,2,1
1325754,1325732.0,0,0.0,0,0,2,1
1325781,1325732.0,0,0.0,0,0,2,1
1325853,1325733.0,0,0.0,0,0,2,1
1325879,1325733.0,0,0.0,0,0,2,1
1318213,1318049.0,0,0.0,0,0,2,1
1318234,1318049.0,0,0.0,0,0,2,1
1318292,1318049.0,0,0.0,0,0,2,1
1318352,1318050.0,0,0.0,0,0,2,1
1318491,1318473.0,0,0.0,0,0,2,1
1318516,1318473.0,0,0.0,0,0,2,1
1318581,1318473.0,0,0.0,0,0,2,1
1318608,1318473.0,0,0.0,0,0,2,1
1310396,1310241.0,0,0.0,0,0,2,1
1310417,1310241.0,0,0.0,0,0,2,1
1310768,1310745.0,0,0.0,0,0,2,1
1310798,1310746.0,0,0.0,0,0,2,1
1310852,1310747.0,0,0.0,0,0,2,1
1310012,1309881.0,0,0.0,0,0,2,1
1310029,1309881.0,0,0.0,0,0,2,1
1310258,1310236.0,0,0.0,0,0,2,1
1310309,1310237.0,0,0.0,0,0,2,1
1310369,1310237.0,0,0.0,0,0,2,1
1311298,1311102.0,0,0.0,0,0,2,1
1307622,1307365.0,0,0.0,0,0,2,1
1307677,1307365.0,0,0.0,0,0,2,1
1307705,1307365.0,0,0.0,0,0,2,1
1307772,1307365.0,0,0.0,0,0,2,1
1307817,1307800.0,0,0.0,0,0,2,1
1307836,1307800.0,0,0.0,0,0,2,1
1307858,1307802.0,0,0.0,0,0,2,1
1299736,1299613.0,0,0.0,0,0,2,1
1299760,1299613.0,0,0.0,0,0,2,1
1299778,1299613.0,0,0.0,0,0,2,1
1299798,1299613.0,0,0.0,0,0,2,1
1299866,1299614.0,0,0.0,0,0,2,1
1299957,1299940.0,0,0.0,0,0,2,1
1299981,1299940.0,0,0.0,0,0,2,1
1291257,1291166.0,0,0.0,0,0,2,1
1292462,1292343.0,0,0.0,0,0,2,1
1291544,1291525.0,0,0.0,0,0,2,1
1292773,1292703.0,0,0.0,0,0,2,1
1292800,1292703.0,0,0.0,0,0,2,1
1292846,1292704.0,0,0.0,0,0,2,1
1292905,1292704.0,0,0.0,0,0,2,1
1291787,1291526.0,0,0.0,0,0,2,1
1292170,1292149.0,0,0.0,0,0,2,1
1292233,1292150.0,0,0.0,0,0,2,1
1292285,1292150.0,0,0.0,0,0,2,1
1289254,1289098.0,0,0.0,0,0,2,1
1289307,1289099.0,0,0.0,0,0,2,1
1289330,1289098.0,0,0.0,0,0,2,1
1285482,1285205.0,0,0.0,0,0,2,1
1285554,1285205.0,0,0.0,0,0,2,1
1285631,1285612.0,0,0.0,0,0,2,1
1285708,1285612.0,0,0.0,0,0,2,1
1280848,1280688.0,0,0.0,0,0,2,1
1280873,1280689.0,0,0.0,0,0,2,1
1280890,1280689.0,0,0.0,0,0,2,1
1280954,1280689.0,0,0.0,0,0,2,1
1281021,1280690.0,0,0.0,0,0,2,1
1277880,1277458.0,0,0.0,0,0,2,1
1278258,1278242.0,0,0.0,0,0,2,1
1278347,1278242.0,0,0.0,0,0,2,1
1278386,1278242.0,0,0.0,0,0,2,1
1278446,1278242.0,0,0.0,0,0,2,1
1273871,1273613.0,0,0.0,0,0,2,1
1278587,1278242.0,0,0.0,0,0,2,1
1274023,1273614.0,0,0.0,0,0,2,1
1274045,1273614.0,0,0.0,0,0,2,1
1274076,1274064.0,0,0.0,0,0,2,1
1274092,1274064.0,0,0.0,0,0,2,1
1274107,1274064.0,0,0.0,0,0,2,1
1274122,1274064.0,0,0.0,0,0,2,1
1274181,1274065.0,0,0.0,0,0,2,1
1270035,1269898.0,0,0.0,0,0,2,1
1270050,1269898.0,0,0.0,0,0,2,1
1270091,1269899.0,0,0.0,0,0,2,1
1266281,1266268.0,0,0.0,0,0,2,1
1266335,1266268.0,0,0.0,0,0,2,1
1266403,1266269.0,0,0.0,0,0,2,1
1266462,1266269.0,0,0.0,0,0,2,1
1262563,1262311.0,0,0.0,0,0,2,1
1262623,1262311.0,0,0.0,0,0,2,1
1262647,1262312.0,0,0.0,0,0,2,1
1262662,1262312.0,0,0.0,0,0,2,1
1262739,1262720.0,0,0.0,0,0,2,1
1259064,1259021.0,0,0.0,0,0,2,1
1259105,1259021.0,0,0.0,0,0,2,1
1259135,1259022.0,0,0.0,0,0,2,1
1255421,1255249.0,0,0.0,0,0,2,1
1255444,1255249.0,0,0.0,0,0,2,1
1255460,1255250.0,0,0.0,0,0,2,1
1255473,1255250.0,0,0.0,0,0,2,1
1247596,1247582.0,0,0.0,0,0,2,1
1247654,1247582.0,0,0.0,0,0,2,1
1246548,1246430.0,0,0.0,0,0,2,1
1246622,1246430.0,0,0.0,0,0,2,1
1246681,1246430.0,0,0.0,0,0,2,1
1246711,1246430.0,0,0.0,0,0,2,1
1247891,1247582.0,0,0.0,0,0,2,1
1247910,1247582.0,0,0.0,0,0,2,1
1247982,1247967.0,0,0.0,0,0,2,1
1239924,1239889.0,0,0.0,0,0,2,1
1239970,1239889.0,0,0.0,0,0,2,1
1239990,1239889.0,0,0.0,0,0,2,1
1240039,1239890.0,0,0.0,0,0,2,1
1240061,1239891.0,0,0.0,0,0,2,1
1240428,1240410.0,0,0.0,0,0,2,1
1240503,1240411.0,0,0.0,0,0,2,1
1240424,1240314.0,0,0.0,0,0,2,1
1240476,1240314.0,0,0.0,0,0,2,1
1240547,1240314.0,0,0.0,0,0,2,1
1240611,1240314.0,0,0.0,0,0,2,1
1240629,1240314.0,0,0.0,0,0,2,1
1240643,1240314.0,0,0.0,0,0,2,1
1240704,1240691.0,0,0.0,0,0,2,1
1240865,1240787.0,0,0.0,0,0,2,1
1236963,1236868.0,0,0.0,0,0,2,1
1236977,1236868.0,0,0.0,0,0,2,1
1237024,1236868.0,0,0.0,0,0,2,1
1237045,1236868.0,0,0.0,0,0,2,1
1231952,1231763.0,0,0.0,0,0,2,1
1231987,1231763.0,0,0.0,0,0,2,1
1232026,1232015.0,0,0.0,0,0,2,1
1232289,1232261.0,0,0.0,0,0,2,1
1232302,1232261.0,0,0.0,0,0,2,1
1232348,1232261.0,0,0.0,0,0,2,1
1224503,1224397.0,0,0.0,0,0,2,1
1232415,1232263.0,0,0.0,0,0,2,1
1224568,1224397.0,0,0.0,0,0,2,1
1224618,1224397.0,0,0.0,0,0,2,1
1224660,1224648.0,0,0.0,0,0,2,1
1224708,1224648.0,0,0.0,0,0,2,1
1224762,1224649.0,0,0.0,0,0,2,1
1224781,1224649.0,0,0.0,0,0,2,1
1224829,1224650.0,0,0.0,0,0,2,1
1224806,1224566.0,0,0.0,0,0,2,1
1225000,1224984.0,0,0.0,0,0,2,1
1225021,1224984.0,0,0.0,0,0,2,1
1221083,1221004.0,0,0.0,0,0,2,1
1221104,1221005.0,0,0.0,0,0,2,1
1221146,1221005.0,0,0.0,0,0,2,1
1221164,1221005.0,0,0.0,0,0,2,1
1217528,1217334.0,0,0.0,0,0,2,1
1217571,1217335.0,0,0.0,0,0,2,1
1217628,1217617.0,0,0.0,0,0,2,1
1217645,1217618.0,0,0.0,0,0,2,1
1217699,1217618.0,0,0.0,0,0,2,1
1217787,1217618.0,0,0.0,0,0,2,1
1213393,1213110.0,0,0.0,0,0,2,1
1214233,1213929.0,0,0.0,0,0,2,1
1214286,1213929.0,0,0.0,0,0,2,1
1214334,1213929.0,0,0.0,0,0,2,1
1214404,1214389.0,0,0.0,0,0,2,1
1205624,1205562.0,0,0.0,0,0,2,1
1205764,1205563.0,0,0.0,0,0,2,1
1206847,1206585.0,0,0.0,0,0,2,1
1206895,1206585.0,0,0.0,0,0,2,1
1206952,1206585.0,0,0.0,0,0,2,1
1207008,1206586.0,0,0.0,0,0,2,1
1206026,1205562.0,0,0.0,0,0,2,1
1206115,1206097.0,0,0.0,0,0,2,1
1206197,1206098.0,0,0.0,0,0,2,1
1206257,1206098.0,0,0.0,0,0,2,1
1206314,1206098.0,0,0.0,0,0,2,1
1206337,1206098.0,0,0.0,0,0,2,1
1203214,1202959.0,0,0.0,0,0,2,1
1203229,1202959.0,0,0.0,0,0,2,1
1203245,1202959.0,0,0.0,0,0,2,1
1203293,1203282.0,0,0.0,0,0,2,1
1203333,1203282.0,0,0.0,0,0,2,1
1203353,1203282.0,0,0.0,0,0,2,1
1198515,1198430.0,0,0.0,0,0,2,1
1198527,1198430.0,0,0.0,0,0,2,1
1198580,1198430.0,0,0.0,0,0,2,1
1198599,1198430.0,0,0.0,0,0,2,1
1198642,1198430.0,0,0.0,0,0,2,1
1195569,1195553.0,0,0.0,0,0,2,1
1195621,1195554.0,0,0.0,0,0,2,1
1191681,1191566.0,0,0.0,0,0,2,1
1195716,1195555.0,0,0.0,0,0,2,1
1191744,1191566.0,0,0.0,0,0,2,1
1191756,1191566.0,0,0.0,0,0,2,1
1191770,1191566.0,0,0.0,0,0,2,1
1191783,1191567.0,0,0.0,0,0,2,1
1187284,1187273.0,0,0.0,0,0,2,1
1187300,1187273.0,0,0.0,0,0,2,1
1187314,1187273.0,0,0.0,0,0,2,1
1187327,1187273.0,0,0.0,0,0,2,1
1187339,1187273.0,0,0.0,0,0,2,1
1187376,1187274.0,0,0.0,0,0,2,1
1184160,1183906.0,0,0.0,0,0,2,1
1179674,1179398.0,0,0.0,0,0,2,1
1179702,1179691.0,0,0.0,0,0,2,1
1179716,1179692.0,0,0.0,0,0,2,1
1179734,1179692.0,0,0.0,0,0,2,1
1179747,1179692.0,0,0.0,0,0,2,1
1176171,1176105.0,0,0.0,0,0,2,1
1176185,1176105.0,0,0.0,0,0,2,1
1176200,1176105.0,0,0.0,0,0,2,1
1176213,1176105.0,0,0.0,0,0,2,1
1168024,1168012.0,0,0.0,0,0,2,1
1168041,1168012.0,0,0.0,0,0,2,1
1168305,1168221.0,0,0.0,0,0,2,1
1168324,1168221.0,0,0.0,0,0,2,1
1168403,1168221.0,0,0.0,0,0,2,1
1168474,1168221.0,0,0.0,0,0,2,1
1168517,1168221.0,0,0.0,0,0,2,1
1168284,1167943.0,0,0.0,0,0,2,1
1168411,1168398.0,0,0.0,0,0,2,1
1168448,1168398.0,0,0.0,0,0,2,1
1168488,1168398.0,0,0.0,0,0,2,1
1168538,1168399.0,0,0.0,0,0,2,1
1168836,1168399.0,0,0.0,0,0,2,1
1168888,1168399.0,0,0.0,0,0,2,1
1160243,1159735.0,0,0.0,0,0,2,1
1160257,1159736.0,0,0.0,0,0,2,1
1160212,1160197.0,0,0.0,0,0,2,1
1160419,1160345.0,0,0.0,0,0,2,1
1160437,1160345.0,0,0.0,0,0,2,1
1160448,1160345.0,0,0.0,0,0,2,1
1160458,1160345.0,0,0.0,0,0,2,1
1160509,1160345.0,0,0.0,0,0,2,1
1160593,1160345.0,0,0.0,0,0,2,1
1157550,1157248.0,0,0.0,0,0,2,1
1157581,1157570.0,0,0.0,0,0,2,1
1157620,1157570.0,0,0.0,0,0,2,1
1157637,1157570.0,0,0.0,0,0,2,1
1153115,1153035.0,0,0.0,0,0,2,1
1153150,1153035.0,0,0.0,0,0,2,1
1153207,1153035.0,0,0.0,0,0,2,1
1153247,1153035.0,0,0.0,0,0,2,1
1153284,1153036.0,0,0.0,0,0,2,1
1148860,1148775.0,0,0.0,0,0,2,1
1148932,1148776.0,0,0.0,0,0,2,1
1148950,1148776.0,0,0.0,0,0,2,1
1148965,1148777.0,0,0.0,0,0,2,1
1145368,1145138.0,0,0.0,0,0,2,1
1149662,1149410.0,0,0.0,0,0,2,1
1145401,1145137.0,0,0.0,0,0,2,1
1145841,1145522.0,0,0.0,0,0,2,1
1145874,1145863.0,0,0.0,0,0,2,1
1145886,1145863.0,0,0.0,0,0,2,1
1145921,1145863.0,0,0.0,0,0,2,1
1141745,1141670.0,0,0.0,0,0,2,1
1141959,1141870.0,0,0.0,0,0,2,1
1141994,1141870.0,0,0.0,0,0,2,1
1142013,1141870.0,0,0.0,0,0,2,1
1142026,1141870.0,0,0.0,0,0,2,1
1142130,1142117.0,0,0.0,0,0,2,1
1138313,1138243.0,0,0.0,0,0,2,1
1138379,1138243.0,0,0.0,0,0,2,1
1138397,1138243.0,0,0.0,0,0,2,1
1133764,1133596.0,0,0.0,0,0,2,1
1134307,1134290.0,0,0.0,0,0,2,1
1134349,1134290.0,0,0.0,0,0,2,1
1134389,1134290.0,0,0.0,0,0,2,1
1134449,1134290.0,0,0.0,0,0,2,1
1134470,1134291.0,0,0.0,0,0,2,1
1131176,1130958.0,0,0.0,0,0,2,1
1131197,1130958.0,0,0.0,0,0,2,1
1131212,1130958.0,0,0.0,0,0,2,1
1131241,1131229.0,0,0.0,0,0,2,1
1131290,1131229.0,0,0.0,0,0,2,1
1126809,1126698.0,0,0.0,0,0,2,1
1126828,1126699.0,0,0.0,0,0,2,1
1126874,1126699.0,0,0.0,0,0,2,1
1126893,1126699.0,0,0.0,0,0,2,1
1123514,1123284.0,0,0.0,0,0,2,1
1123534,1123284.0,0,0.0,0,0,2,1
1123657,1123642.0,0,0.0,0,0,2,1
1123707,1123643.0,0,0.0,0,0,2,1
1118347,1118266.0,0,0.0,0,0,2,1
1118390,1118265.0,0,0.0,0,0,2,1
1118898,1118735.0,0,0.0,0,0,2,1
1118948,1118735.0,0,0.0,0,0,2,1
1118969,1118735.0,0,0.0,0,0,2,1
1119104,1119089.0,0,0.0,0,0,2,1
1115794,1115732.0,0,0.0,0,0,2,1
1115811,1115732.0,0,0.0,0,0,2,1
1115823,1115732.0,0,0.0,0,0,2,1
1107249,1107146.0,0,0.0,0,0,2,1
1107262,1107146.0,0,0.0,0,0,2,1
1107275,1107146.0,0,0.0,0,0,2,1
1107288,1107146.0,0,0.0,0,0,2,1
1107319,1107309.0,0,0.0,0,0,2,1
1107554,1107530.0,0,0.0,0,0,2,1
1107566,1107530.0,0,0.0,0,0,2,1
1107579,1107530.0,0,0.0,0,0,2,1
1107371,1107309.0,0,0.0,0,0,2,1
1107605,1107531.0,0,0.0,0,0,2,1
1107623,1107607.0,0,0.0,0,0,2,1
1107669,1107607.0,0,0.0,0,0,2,1
1104077,1103988.0,0,0.0,0,0,2,1
1104120,1103988.0,0,0.0,0,0,2,1
1104195,1103988.0,0,0.0,0,0,2,1
1104264,1103988.0,0,0.0,0,0,2,1
1104280,1103989.0,0,0.0,0,0,2,1
1100277,1099974.0,0,0.0,0,0,2,1
1100335,1100322.0,0,0.0,0,0,2,1
1100350,1100323.0,0,0.0,0,0,2,1
1100363,1100323.0,0,0.0,0,0,2,1
1100401,1100323.0,0,0.0,0,0,2,1
1096489,1096395.0,0,0.0,0,0,2,1
1096532,1096395.0,0,0.0,0,0,2,1
1096547,1096395.0,0,0.0,0,0,2,1
1096560,1096395.0,0,0.0,0,0,2,1
1092626,1092613.0,0,0.0,0,0,2,1
1092807,1092781.0,0,0.0,0,0,2,1
1092820,1092781.0,0,0.0,0,0,2,1
1092984,1092970.0,0,0.0,0,0,2,1
1093006,1092971.0,0,0.0,0,0,2,1
1088319,1088306.0,0,0.0,0,0,2,1
1088335,1088306.0,0,0.0,0,0,2,1
1088370,1088306.0,0,0.0,0,0,2,1
1088388,1088306.0,0,0.0,0,0,2,1
1080406,1080293.0,0,0.0,0,0,2,1
1080423,1080293.0,0,0.0,0,0,2,1
1080522,1080508.0,0,0.0,0,0,2,1
1080479,1080426.0,0,0.0,0,0,2,1
1080608,1080426.0,0,0.0,0,0,2,1
1080627,1080426.0,0,0.0,0,0,2,1
1080782,1080768.0,0,0.0,0,0,2,1
1080800,1080769.0,0,0.0,0,0,2,1
1080919,1080850.0,0,0.0,0,0,2,1
1080936,1080850.0,0,0.0,0,0,2,1
1080949,1080850.0,0,0.0,0,0,2,1
1080991,1080850.0,0,0.0,0,0,2,1
1081032,1080851.0,0,0.0,0,0,2,1
1077375,1077177.0,0,0.0,0,0,2,1
1077402,1077392.0,0,0.0,0,0,2,1
1077443,1077392.0,0,0.0,0,0,2,1
1077461,1077392.0,0,0.0,0,0,2,1
1074282,1074200.0,0,0.0,0,0,2,1
1074295,1074200.0,0,0.0,0,0,2,1
1074310,1074200.0,0,0.0,0,0,2,1
1074323,1074200.0,0,0.0,0,0,2,1
1070005,1069870.0,0,0.0,0,0,2,1
1070064,1070049.0,0,0.0,0,0,2,1
1070104,1070050.0,0,0.0,0,0,2,1
1065054,1064982.0,0,0.0,0,0,2,1
1066185,1066069.0,0,0.0,0,0,2,1
1066202,1066069.0,0,0.0,0,0,2,1
1066216,1066070.0,0,0.0,0,0,2,1
1066247,1066070.0,0,0.0,0,0,2,1
1057708,1057513.0,0,0.0,0,0,2,1
1058012,1057998.0,0,0.0,0,0,2,1
1057876,1057843.0,0,0.0,0,0,2,1
1057688,1057599.0,0,0.0,0,0,2,1
1057973,1057843.0,0,0.0,0,0,2,1
1057990,1057843.0,0,0.0,0,0,2,1
1058173,1058158.0,0,0.0,0,0,2,1
1058194,1058158.0,0,0.0,0,0,2,1
1054854,1054787.0,0,0.0,0,0,2,1
1054895,1054787.0,0,0.0,0,0,2,1
1054911,1054787.0,0,0.0,0,0,2,1
1054942,1054787.0,0,0.0,0,0,2,1
1054974,1054787.0,0,0.0,0,0,2,1
1050823,1050601.0,0,0.0,0,0,2,1
1055038,1055028.0,0,0.0,0,0,2,1
1050888,1050841.0,0,0.0,0,0,2,1
1050907,1050841.0,0,0.0,0,0,2,1
1050920,1050841.0,0,0.0,0,0,2,1
1050933,1050841.0,0,0.0,0,0,2,1
1046986,1046860.0,0,0.0,0,0,2,1
1047023,1046860.0,0,0.0,0,0,2,1
1047066,1046860.0,0,0.0,0,0,2,1
1047103,1047092.0,0,0.0,0,0,2,1
1047118,1047092.0,0,0.0,0,0,2,1
1042478,1042416.0,0,0.0,0,0,2,1
1042530,1042416.0,0,0.0,0,0,2,1
1043673,1043476.0,0,0.0,0,0,2,1
1043719,1043476.0,0,0.0,0,0,2,1
1043752,1043476.0,0,0.0,0,0,2,1
1043793,1043476.0,0,0.0,0,0,2,1
1039638,1039625.0,0,0.0,0,0,2,1
1039676,1039625.0,0,0.0,0,0,2,1
1035921,1035852.0,0,0.0,0,0,2,1
1035953,1035852.0,0,0.0,0,0,2,1
1036004,1035852.0,0,0.0,0,0,2,1
1036055,1035852.0,0,0.0,0,0,2,1
1036072,1035852.0,0,0.0,0,0,2,1
1036113,1035853.0,0,0.0,0,0,2,1
1036152,1036140.0,0,0.0,0,0,2,1
1036165,1036140.0,0,0.0,0,0,2,1
1031860,1031824.0,0,0.0,0,0,2,1
1031872,1031824.0,0,0.0,0,0,2,1
1031884,1031826.0,0,0.0,0,0,2,1
1031896,1031826.0,0,0.0,0,0,2,1
1028077,1027996.0,0,0.0,0,0,2,1
1028090,1027996.0,0,0.0,0,0,2,1
1028116,1028107.0,0,0.0,0,0,2,1
1028129,1028107.0,0,0.0,0,0,2,1
1028141,1028108.0,0,0.0,0,0,2,1
1024193,1024148.0,0,0.0,0,0,2,1
1024225,1024148.0,0,0.0,0,0,2,1
1024240,1024148.0,0,0.0,0,0,2,1
1020102,1019997.0,0,0.0,0,0,2,1
1024265,1024149.0,0,0.0,0,0,2,1
1020143,1020133.0,0,0.0,0,0,2,1
1020157,1020133.0,0,0.0,0,0,2,1
1020168,1020134.0,0,0.0,0,0,2,1
1020177,1020134.0,0,0.0,0,0,2,1
1015836,1015762.0,0,0.0,0,0,2,1
1015856,1015762.0,0,0.0,0,0,2,1
1015890,1015762.0,0,0.0,0,0,2,1
1015908,1015762.0,0,0.0,0,0,2,1
1015965,1015953.0,0,0.0,0,0,2,1
1016063,1015953.0,0,0.0,0,0,2,1
1016102,1015953.0,0,0.0,0,0,2,1
1016297,1016284.0,0,0.0,0,0,2,1
1008241,1008208.0,0,0.0,0,0,2,1
1008276,1008208.0,0,0.0,0,0,2,1
1008292,1008208.0,0,0.0,0,0,2,1
1008323,1008208.0,0,0.0,0,0,2,1
1008340,1008208.0,0,0.0,0,0,2,1
1008372,1008208.0,0,0.0,0,0,2,1
1008298,1008115.0,0,0.0,0,0,2,1
1008352,1008340.0,0,0.0,0,0,2,1
1008368,1008340.0,0,0.0,0,0,2,1
1008397,1008340.0,0,0.0,0,0,2,1
1008507,1008433.0,0,0.0,0,0,2,1
1008537,1008433.0,0,0.0,0,0,2,1
1004048,1003926.0,0,0.0,0,0,2,1
1004062,1003926.0,0,0.0,0,0,2,1
1004073,1003925.0,0,0.0,0,0,2,1
1004131,1004119.0,0,0.0,0,0,2,1
1004146,1004120.0,0,0.0,0,0,2,1
1005390,1005325.0,0,0.0,0,0,2,1
1004209,1004120.0,0,0.0,0,0,2,1
1005819,1005799.0,0,0.0,0,0,2,1
1005924,1005798.0,0,0.0,0,0,2,1
1005989,1005798.0,0,0.0,0,0,2,1
1001848,1001612.0,0,0.0,0,0,2,1
1001900,1001612.0,0,0.0,0,0,2,1
1001954,1001613.0,0,0.0,0,0,2,1
997897,997502.0,0,0.0,0,0,2,1
997916,997503.0,0,0.0,0,0,2,1
993870,993859.0,0,0.0,0,0,2,1
993917,993861.0,0,0.0,0,0,2,1
993955,993861.0,0,0.0,0,0,2,1
993976,993861.0,0,0.0,0,0,2,1
994010,993861.0,0,0.0,0,0,2,1
994060,993861.0,0,0.0,0,0,2,1
994077,993861.0,0,0.0,0,0,2,1
994106,993861.0,0,0.0,0,0,2,1
989811,989798.0,0,0.0,0,0,2,1
989826,989798.0,0,0.0,0,0,2,1
989839,989798.0,0,0.0,0,0,2,1
989870,989798.0,0,0.0,0,0,2,1
989958,989799.0,0,0.0,0,0,2,1
990012,989799.0,0,0.0,0,0,2,1
990031,989800.0,0,0.0,0,0,2,1
982508,982264.0,0,0.0,0,0,2,1
982537,982526.0,0,0.0,0,0,2,1
982587,982526.0,0,0.0,0,0,2,1
982643,982527.0,0,0.0,0,0,2,1
982665,982526.0,0,0.0,0,0,2,1
982709,982526.0,0,0.0,0,0,2,1
982727,982526.0,0,0.0,0,0,2,1
974336,974098.0,0,0.0,0,0,2,1
974354,974098.0,0,0.0,0,0,2,1
974386,974375.0,0,0.0,0,0,2,1
974429,974375.0,0,0.0,0,0,2,1
974448,974375.0,0,0.0,0,0,2,1
974497,974375.0,0,0.0,0,0,2,1
974390,974250.0,0,0.0,0,0,2,1
974404,974250.0,0,0.0,0,0,2,1
974439,974250.0,0,0.0,0,0,2,1
974456,974250.0,0,0.0,0,0,2,1
974481,974471.0,0,0.0,0,0,2,1
974614,974594.0,0,0.0,0,0,2,1
974626,974595.0,0,0.0,0,0,2,1
970802,970738.0,0,0.0,0,0,2,1
970855,970738.0,0,0.0,0,0,2,1
970906,970740.0,0,0.0,0,0,2,1
966845,966662.0,0,0.0,0,0,2,1
966858,966662.0,0,0.0,0,0,2,1
966934,966921.0,0,0.0,0,0,2,1
966953,966921.0,0,0.0,0,0,2,1
962889,962821.0,0,0.0,0,0,2,1
963002,962821.0,0,0.0,0,0,2,1
963046,962821.0,0,0.0,0,0,2,1
963091,962822.0,0,0.0,0,0,2,1
959782,959496.0,0,0.0,0,0,2,1
959844,959496.0,0,0.0,0,0,2,1
959874,959864.0,0,0.0,0,0,2,1
959889,959864.0,0,0.0,0,0,2,1
959908,959864.0,0,0.0,0,0,2,1
959929,959864.0,0,0.0,0,0,2,1
954259,954179.0,0,0.0,0,0,2,1
954298,954180.0,0,0.0,0,0,2,1
954908,954772.0,0,0.0,0,0,2,1
954956,954772.0,0,0.0,0,0,2,1
955048,955036.0,0,0.0,0,0,2,1
955065,955038.0,0,0.0,0,0,2,1
951393,951353.0,0,0.0,0,0,2,1
951406,951354.0,0,0.0,0,0,2,1
947198,947133.0,0,0.0,0,0,2,1
947209,947133.0,0,0.0,0,0,2,1
947221,947134.0,0,0.0,0,0,2,1
947274,947133.0,0,0.0,0,0,2,1
944053,944039.0,0,0.0,0,0,2,1
944107,944040.0,0,0.0,0,0,2,1
944233,944040.0,0,0.0,0,0,2,1
944276,944040.0,0,0.0,0,0,2,1
944295,944040.0,0,0.0,0,0,2,1
939891,939625.0,0,0.0,0,0,2,1
939901,939625.0,0,0.0,0,0,2,1
940030,940016.0,0,0.0,0,0,2,1
940049,940016.0,0,0.0,0,0,2,1
936148,936104.0,0,0.0,0,0,2,1
936185,936104.0,0,0.0,0,0,2,1
936203,936105.0,0,0.0,0,0,2,1
932812,932701.0,0,0.0,0,0,2,1
932857,932701.0,0,0.0,0,0,2,1
928647,928438.0,0,0.0,0,0,2,1
928710,928695.0,0,0.0,0,0,2,1
933025,932959.0,0,0.0,0,0,2,1
928855,928771.0,0,0.0,0,0,2,1
928792,928695.0,0,0.0,0,0,2,1
928916,928771.0,0,0.0,0,0,2,1
928958,928771.0,0,0.0,0,0,2,1
928976,928771.0,0,0.0,0,0,2,1
928989,928771.0,0,0.0,0,0,2,1
929041,929028.0,0,0.0,0,0,2,1
929093,929028.0,0,0.0,0,0,2,1
929142,929028.0,0,0.0,0,0,2,1
921347,921185.0,0,0.0,0,0,2,1
921392,921185.0,0,0.0,0,0,2,1
921443,921185.0,0,0.0,0,0,2,1
921496,921185.0,0,0.0,0,0,2,1
921567,921185.0,0,0.0,0,0,2,1
921598,921587.0,0,0.0,0,0,2,1
921649,921587.0,0,0.0,0,0,2,1
921602,921508.0,0,0.0,0,0,2,1
921652,921508.0,0,0.0,0,0,2,1
921748,921587.0,0,0.0,0,0,2,1
917671,917474.0,0,0.0,0,0,2,1
917689,917474.0,0,0.0,0,0,2,1
917701,917475.0,0,0.0,0,0,2,1
917733,917723.0,0,0.0,0,0,2,1
913135,913112.0,0,0.0,0,0,2,1
913178,913112.0,0,0.0,0,0,2,1
913226,913112.0,0,0.0,0,0,2,1
913245,913113.0,0,0.0,0,0,2,1
913257,913113.0,0,0.0,0,0,2,1
913304,913113.0,0,0.0,0,0,2,1
909931,909722.0,0,0.0,0,0,2,1
909981,909968.0,0,0.0,0,0,2,1
909998,909969.0,0,0.0,0,0,2,1
910011,909969.0,0,0.0,0,0,2,1
910042,909969.0,0,0.0,0,0,2,1
910062,909970.0,0,0.0,0,0,2,1
905846,905741.0,0,0.0,0,0,2,1
905877,905741.0,0,0.0,0,0,2,1
905893,905741.0,0,0.0,0,0,2,1
905945,905932.0,0,0.0,0,0,2,1
902233,902164.0,0,0.0,0,0,2,1
902249,902164.0,0,0.0,0,0,2,1
902262,902164.0,0,0.0,0,0,2,1
902296,902165.0,0,0.0,0,0,2,1
902319,902165.0,0,0.0,0,0,2,1
897562,897391.0,0,0.0,0,0,2,1
897572,897391.0,0,0.0,0,0,2,1
897613,897593.0,0,0.0,0,0,2,1
897635,897593.0,0,0.0,0,0,2,1
897678,897593.0,0,0.0,0,0,2,1
894556,894387.0,0,0.0,0,0,2,1
894621,894387.0,0,0.0,0,0,2,1
894638,894387.0,0,0.0,0,0,2,1
894791,894776.0,0,0.0,0,0,2,1
890385,890325.0,0,0.0,0,0,2,1
890412,890325.0,0,0.0,0,0,2,1
890445,890325.0,0,0.0,0,0,2,1
886784,886623.0,0,0.0,0,0,2,1
886829,886623.0,0,0.0,0,0,2,1
879055,878832.0,0,0.0,0,0,2,1
879230,878971.0,0,0.0,0,0,2,1
879266,879256.0,0,0.0,0,0,2,1
879311,879256.0,0,0.0,0,0,2,1
879357,879256.0,0,0.0,0,0,2,1
879376,879256.0,0,0.0,0,0,2,1
879389,879256.0,0,0.0,0,0,2,1
879285,879116.0,0,0.0,0,0,2,1
879338,879117.0,0,0.0,0,0,2,1
879607,879588.0,0,0.0,0,0,2,1
879663,879588.0,0,0.0,0,0,2,1
879706,879588.0,0,0.0,0,0,2,1
879723,879588.0,0,0.0,0,0,2,1
875693,875545.0,0,0.0,0,0,2,1
875722,875546.0,0,0.0,0,0,2,1
875778,875546.0,0,0.0,0,0,2,1
871257,871009.0,0,0.0,0,0,2,1
871302,871290.0,0,0.0,0,0,2,1
871352,871290.0,0,0.0,0,0,2,1
871404,871290.0,0,0.0,0,0,2,1
867413,867282.0,0,0.0,0,0,2,1
867423,867282.0,0,0.0,0,0,2,1
867454,867282.0,0,0.0,0,0,2,1
867493,867282.0,0,0.0,0,0,2,1
867528,867282.0,0,0.0,0,0,2,1
863827,863814.0,0,0.0,0,0,2,1
863842,863814.0,0,0.0,0,0,2,1
863878,863814.0,0,0.0,0,0,2,1
863927,863814.0,0,0.0,0,0,2,1
863954,863814.0,0,0.0,0,0,2,1
864173,863966.0,0,0.0,0,0,2,1
860123,860103.0,0,0.0,0,0,2,1
860290,860103.0,0,0.0,0,0,2,1
860311,860103.0,0,0.0,0,0,2,1
860324,860103.0,0,0.0,0,0,2,1
860337,860103.0,0,0.0,0,0,2,1
860384,860103.0,0,0.0,0,0,2,1
860598,860583.0,0,0.0,0,0,2,1
856901,856846.0,0,0.0,0,0,2,1
856917,856847.0,0,0.0,0,0,2,1
849064,848984.0,0,0.0,0,0,2,1
849108,848985.0,0,0.0,0,0,2,1
849125,848985.0,0,0.0,0,0,2,1
848613,848463.0,0,0.0,0,0,2,1
848833,848819.0,0,0.0,0,0,2,1
848871,848820.0,0,0.0,0,0,2,1
848936,848820.0,0,0.0,0,0,2,1
848989,848820.0,0,0.0,0,0,2,1
849009,848820.0,0,0.0,0,0,2,1
849023,848820.0,0,0.0,0,0,2,1
849099,849090.0,0,0.0,0,0,2,1
849662,849613.0,0,0.0,0,0,2,1
845738,845671.0,0,0.0,0,0,2,1
845772,845671.0,0,0.0,0,0,2,1
845883,845871.0,0,0.0,0,0,2,1
841885,841841.0,0,0.0,0,0,2,1
841922,841841.0,0,0.0,0,0,2,1
841959,841841.0,0,0.0,0,0,2,1
842250,842235.0,0,0.0,0,0,2,1
838254,838199.0,0,0.0,0,0,2,1
838272,838199.0,0,0.0,0,0,2,1
838323,838199.0,0,0.0,0,0,2,1
838342,838199.0,0,0.0,0,0,2,1
838387,838200.0,0,0.0,0,0,2,1
829693,829440.0,0,0.0,0,0,2,1
830437,830167.0,0,0.0,0,0,2,1
830505,830493.0,0,0.0,0,0,2,1
830549,830494.0,0,0.0,0,0,2,1
830592,830494.0,0,0.0,0,0,2,1
830637,830494.0,0,0.0,0,0,2,1
830684,830494.0,0,0.0,0,0,2,1
830754,830494.0,0,0.0,0,0,2,1
830156,830140.0,0,0.0,0,0,2,1
830216,830141.0,0,0.0,0,0,2,1
830284,830141.0,0,0.0,0,0,2,1
830305,830141.0,0,0.0,0,0,2,1
830343,830141.0,0,0.0,0,0,2,1
827040,826793.0,0,0.0,0,0,2,1
827057,826793.0,0,0.0,0,0,2,1
827190,827175.0,0,0.0,0,0,2,1
823158,823126.0,0,0.0,0,0,2,1
823171,823126.0,0,0.0,0,0,2,1
823210,823126.0,0,0.0,0,0,2,1
823259,823126.0,0,0.0,0,0,2,1
814537,814387.0,0,0.0,0,0,2,1
814549,814387.0,0,0.0,0,0,2,1
814841,814822.0,0,0.0,0,0,2,1
814901,814822.0,0,0.0,0,0,2,1
814923,814823.0,0,0.0,0,0,2,1
814981,814823.0,0,0.0,0,0,2,1
814998,814823.0,0,0.0,0,0,2,1
815010,814823.0,0,0.0,0,0,2,1
814923,814705.0,0,0.0,0,0,2,1
814941,814705.0,0,0.0,0,0,2,1
814969,814959.0,0,0.0,0,0,2,1
811322,811299.0,0,0.0,0,0,2,1
811367,811299.0,0,0.0,0,0,2,1
811383,811299.0,0,0.0,0,0,2,1
811425,811299.0,0,0.0,0,0,2,1
807621,807477.0,0,0.0,0,0,2,1
807633,807477.0,0,0.0,0,0,2,1
803321,803126.0,0,0.0,0,0,2,1
803355,803345.0,0,0.0,0,0,2,1
803396,803345.0,0,0.0,0,0,2,1
803412,803345.0,0,0.0,0,0,2,1
803425,803345.0,0,0.0,0,0,2,1
803458,803346.0,0,0.0,0,0,2,1
796328,796173.0,0,0.0,0,0,2,1
796384,796173.0,0,0.0,0,0,2,1
796463,796173.0,0,0.0,0,0,2,1
796523,796509.0,0,0.0,0,0,2,1
796573,796509.0,0,0.0,0,0,2,1
796591,796509.0,0,0.0,0,0,2,1
796603,796509.0,0,0.0,0,0,2,1
796616,796509.0,0,0.0,0,0,2,1
796589,796446.0,0,0.0,0,0,2,1
796634,796446.0,0,0.0,0,0,2,1
796670,796446.0,0,0.0,0,0,2,1
788807,788784.0,0,0.0,0,0,2,1
788821,788784.0,0,0.0,0,0,2,1
788858,788784.0,0,0.0,0,0,2,1
788896,788784.0,0,0.0,0,0,2,1
788851,788700.0,0,0.0,0,0,2,1
788975,788784.0,0,0.0,0,0,2,1
789195,789179.0,0,0.0,0,0,2,1
789234,789179.0,0,0.0,0,0,2,1
789289,789180.0,0,0.0,0,0,2,1
784488,784321.0,0,0.0,0,0,2,1
784592,784321.0,0,0.0,0,0,2,1
784613,784321.0,0,0.0,0,0,2,1
784739,784720.0,0,0.0,0,0,2,1
784763,784720.0,0,0.0,0,0,2,1
779939,779853.0,0,0.0,0,0,2,1
780909,780803.0,0,0.0,0,0,2,1
780945,780803.0,0,0.0,0,0,2,1
780988,780803.0,0,0.0,0,0,2,1
781028,780804.0,0,0.0,0,0,2,1
781064,780803.0,0,0.0,0,0,2,1
773379,773366.0,0,0.0,0,0,2,1
773458,773367.0,0,0.0,0,0,2,1
773507,773366.0,0,0.0,0,0,2,1
773525,773366.0,0,0.0,0,0,2,1
773653,773640.0,0,0.0,0,0,2,1
773671,773640.0,0,0.0,0,0,2,1
773686,773640.0,0,0.0,0,0,2,1
769935,769841.0,0,0.0,0,0,2,1
769954,769841.0,0,0.0,0,0,2,1
769990,769841.0,0,0.0,0,0,2,1
770009,769841.0,0,0.0,0,0,2,1
770022,769841.0,0,0.0,0,0,2,1
770052,770040.0,0,0.0,0,0,2,1
766251,766155.0,0,0.0,0,0,2,1
766269,766156.0,0,0.0,0,0,2,1
766281,766156.0,0,0.0,0,0,2,1
766314,766156.0,0,0.0,0,0,2,1
762341,762167.0,0,0.0,0,0,2,1
762353,762167.0,0,0.0,0,0,2,1
762366,762168.0,0,0.0,0,0,2,1
758625,758610.0,0,0.0,0,0,2,1
758665,758610.0,0,0.0,0,0,2,1
758705,758610.0,0,0.0,0,0,2,1
758752,758610.0,0,0.0,0,0,2,1
754045,753886.0,0,0.0,0,0,2,1
754079,753886.0,0,0.0,0,0,2,1
754148,753886.0,0,0.0,0,0,2,1
754165,753886.0,0,0.0,0,0,2,1
754226,754213.0,0,0.0,0,0,2,1
750208,750176.0,0,0.0,0,0,2,1
750221,750176.0,0,0.0,0,0,2,1
750272,750176.0,0,0.0,0,0,2,1
750298,750176.0,0,0.0,0,0,2,1
746453,746293.0,0,0.0,0,0,2,1
741886,741710.0,0,0.0,0,0,2,1
741898,741710.0,0,0.0,0,0,2,1
738934,738920.0,0,0.0,0,0,2,1
735160,735130.0,0,0.0,0,0,2,1
735173,735131.0,0,0.0,0,0,2,1
730542,730489.0,0,0.0,0,0,2,1
730552,730489.0,0,0.0,0,0,2,1
726898,726825.0,0,0.0,0,0,2,1
726924,726826.0,0,0.0,0,0,2,1
726964,726826.0,0,0.0,0,0,2,1
723157,723143.0,0,0.0,0,0,2,1
723177,723144.0,0,0.0,0,0,2,1
723211,723144.0,0,0.0,0,0,2,1
723259,723144.0,0,0.0,0,0,2,1
723276,723144.0,0,0.0,0,0,2,1
723288,723144.0,0,0.0,0,0,2,1
718464,718281.0,0,0.0,0,0,2,1
719470,719273.0,0,0.0,0,0,2,1
719503,719493.0,0,0.0,0,0,2,1
719529,719494.0,0,0.0,0,0,2,1
719550,719494.0,0,0.0,0,0,2,1
719585,719494.0,0,0.0,0,0,2,1
715443,715338.0,0,0.0,0,0,2,1
715478,715338.0,0,0.0,0,0,2,1
710878,710710.0,0,0.0,0,0,2,1
711735,711529.0,0,0.0,0,0,2,1
711790,711777.0,0,0.0,0,0,2,1
711805,711777.0,0,0.0,0,0,2,1
711844,711778.0,0,0.0,0,0,2,1
707097,707015.0,0,0.0,0,0,2,1
707139,707015.0,0,0.0,0,0,2,1
707155,707015.0,0,0.0,0,0,2,1
707577,707498.0,0,0.0,0,0,2,1
707635,707500.0,0,0.0,0,0,2,1
703765,703570.0,0,0.0,0,0,2,1
703784,703570.0,0,0.0,0,0,2,1
704610,704382.0,0,0.0,0,0,2,1
703813,703571.0,0,0.0,0,0,2,1
704636,704382.0,0,0.0,0,0,2,1
704648,704382.0,0,0.0,0,0,2,1
704673,704663.0,0,0.0,0,0,2,1
704689,704664.0,0,0.0,0,0,2,1
700573,700509.0,0,0.0,0,0,2,1
700621,700510.0,0,0.0,0,0,2,1
696757,696630.0,0,0.0,0,0,2,1
696790,696630.0,0,0.0,0,0,2,1
696806,696630.0,0,0.0,0,0,2,1
696817,696630.0,0,0.0,0,0,2,1
692091,692081.0,0,0.0,0,0,2,1
692121,692081.0,0,0.0,0,0,2,1
692137,692081.0,0,0.0,0,0,2,1
692180,692081.0,0,0.0,0,0,2,1
692224,692081.0,0,0.0,0,0,2,1
692241,692082.0,0,0.0,0,0,2,1
687757,687566.0,0,0.0,0,0,2,1
687772,687565.0,0,0.0,0,0,2,1
688522,688513.0,0,0.0,0,0,2,1
688536,688514.0,0,0.0,0,0,2,1
688570,688513.0,0,0.0,0,0,2,1
688586,688514.0,0,0.0,0,0,2,1
688630,688514.0,0,0.0,0,0,2,1
688648,688514.0,0,0.0,0,0,2,1
684351,684187.0,0,0.0,0,0,2,1
684366,684187.0,0,0.0,0,0,2,1
684398,684388.0,0,0.0,0,0,2,1
680756,680733.0,0,0.0,0,0,2,1
680768,680733.0,0,0.0,0,0,2,1
680847,680733.0,0,0.0,0,0,2,1
676909,676752.0,0,0.0,0,0,2,1
676955,676752.0,0,0.0,0,0,2,1
677120,676895.0,0,0.0,0,0,2,1
677178,676895.0,0,0.0,0,0,2,1
677230,677220.0,0,0.0,0,0,2,1
668016,667993.0,0,0.0,0,0,2,1
668027,667993.0,0,0.0,0,0,2,1
668062,667994.0,0,0.0,0,0,2,1
668637,668554.0,0,0.0,0,0,2,1
668808,668795.0,0,0.0,0,0,2,1
668825,668795.0,0,0.0,0,0,2,1
668874,668796.0,0,0.0,0,0,2,1
668348,668235.0,0,0.0,0,0,2,1
668364,668235.0,0,0.0,0,0,2,1
668478,668464.0,0,0.0,0,0,2,1
668496,668464.0,0,0.0,0,0,2,1
668536,668464.0,0,0.0,0,0,2,1
661361,661271.0,0,0.0,0,0,2,1
661399,661271.0,0,0.0,0,0,2,1
661418,661272.0,0,0.0,0,0,2,1
660622,660446.0,0,0.0,0,0,2,1
660678,660446.0,0,0.0,0,0,2,1
660748,660735.0,0,0.0,0,0,2,1
660845,660736.0,0,0.0,0,0,2,1
661710,661561.0,0,0.0,0,0,2,1
661750,661561.0,0,0.0,0,0,2,1
658646,658422.0,0,0.0,0,0,2,1
658687,658422.0,0,0.0,0,0,2,1
658768,658423.0,0,0.0,0,0,2,1
654752,654362.0,0,0.0,0,0,2,1
654820,654807.0,0,0.0,0,0,2,1
650321,650293.0,0,0.0,0,0,2,1
646427,646367.0,0,0.0,0,0,2,1
646461,646367.0,0,0.0,0,0,2,1
646493,646367.0,0,0.0,0,0,2,1
642962,642798.0,0,0.0,0,0,2,1
642978,642798.0,0,0.0,0,0,2,1
643011,642798.0,0,0.0,0,0,2,1
643042,643032.0,0,0.0,0,0,2,1
639044,639021.0,0,0.0,0,0,2,1
639056,639021.0,0,0.0,0,0,2,1
639069,639021.0,0,0.0,0,0,2,1
639078,639021.0,0,0.0,0,0,2,1
639087,639021.0,0,0.0,0,0,2,1
635078,635003.0,0,0.0,0,0,2,1
635086,635003.0,0,0.0,0,0,2,1
630510,630499.0,0,0.0,0,0,2,1
635129,635105.0,0,0.0,0,0,2,1
631043,631007.0,0,0.0,0,0,2,1
630546,630500.0,0,0.0,0,0,2,1
627118,627059.0,0,0.0,0,0,2,1
627132,627059.0,0,0.0,0,0,2,1
627145,627059.0,0,0.0,0,0,2,1
627157,627059.0,0,0.0,0,0,2,1
627185,627176.0,0,0.0,0,0,2,1
623340,623320.0,0,0.0,0,0,2,1
623348,623320.0,0,0.0,0,0,2,1
623356,623320.0,0,0.0,0,0,2,1
623364,623321.0,0,0.0,0,0,2,1
623373,623322.0,0,0.0,0,0,2,1
60009670,6364836.125,7501199.25,5273295.205928545,4648263.8161615245,2,17,1
60008287,6364795.125,7501033.000000001,5273286.427201878,4648208.220922859,2,17,1
60007914,6364734.625000001,7500987.499999999,5273259.869581405,4648194.792310482,2,17,1
60007348,6364658.75,7500915.125,5273140.102769039,4648084.57383418,2,17,1
60006554,6364557.75,7500814.749999999,5273001.674102407,4647959.172607871,2,17,1
60006151,6364644.25,7500760.25,5273053.350782902,4647938.895102976,2,17,1
60010658,6364898.75,7501328.249999999,5273317.022981963,4648283.502486413,2,17,1
60005709,6364574.999999999,7500707.75,5272994.7257499555,4647898.110675981,2,17,1
60005119,6364499.125,7500635.125,5272948.755295505,4647867.123468092,2,17,1
60009746,6364807.0,7501213.375000001,5273274.176293456,4648247.656669674,2,17,1
60004789,6364444.625,7500592.875000001,5272919.48440807,4647845.460175635,2,17,1
60009491,6364873.25,7501184.5,5273338.924090335,4648253.673059193,2,17,1
60004388,6364386.25,7500543.375,5272842.183220754,4647785.805328503,2,17,1
60004071,6364330.75,7500503.875,5272813.397859595,4647777.205312217,2,17,1
60008261,6364700.125,7501028.375,5273212.442453663,4648169.309384531,2,17,1
60003044,6364197.0,7500375.500000001,5272719.648015001,4647712.291191656,2,17,1
60007681,6364624.249999999,7500955.750000001,5273068.016561997,4648044.353676646,2,17,1
60002602,6364186.499999999,7500323.499999999,5272730.775040116,4647697.4819904715,2,17,1
60001883,6364125.375000001,7500233.75,5272630.3865987025,4647587.402998825,2,17,1
60003735,6364270.0,7500462.25,5272794.4826361835,4647763.824997558,2,17,1
60002280,6364132.25,7500282.875,5272716.899346748,4647706.28420396,2,17,1
60001600,6364113.125,7500195.625,5272236.93241459,4647131.900884303,2,17,1
60001457,6363950.125,7500168.0,5272248.969932348,4647276.616861874,2,17,1
60002124,6363816.624999999,7500256.75,5272128.041808787,4647249.124544318,2,17,1
60001325,6363741.0,7500155.0,5271995.051665518,4647107.198565699,2,17,1
60000542,6363536.0,7500055.625,5271983.564216088,4647206.342622351,2,17,1
60001599,6363625.625,7500191.125,5271886.252258319,4647076.913153547,2,17,1
60000811,6363425.75,7500099.25,5272018.623760237,4647306.9828221025,2,17,1
60000621,6363413.125,7500073.75,5271949.542068785,4647231.955217574,2,17,1
60001856,6363429.125,7500227.25,5271878.847665018,4647180.990631164,2,17,1
60001259,6363300.75,7500151.75,5271794.752901487,4647168.730527061,2,17,1
60001275,6363226.375,7500151.375,5271773.4643462645,4647202.898607073,2,17,1
60000940,6363196.999999999,7500111.625,5271492.14948969,4646883.908466463,2,17,1
60002307,6363048.625,7500285.125,5271428.2452547345,4646960.682763534,2,17,1
60002828,6362895.25,7500350.374999999,5271053.633574242,4646670.8619819395,2,17,1
60001102,6362667.625,7500126.5,5271198.380648179,4646921.487912524,2,17,1
60000419,6362642.5,7500049.5,5271281.536612379,4646987.191848806,2,17,1
59999987,6362584.5,7499996.75,5271167.813941153,4646869.9261139445,2,17,1
60001175,6362523.5,7500144.75,5271187.4971485175,4646987.994754751,2,17,1
60000761,6362458.625000001,7500092.625,5271102.724030386,4646925.99809247,2,17,1
60000491,6362411.25,7500056.125,5271020.117685048,4646854.175717296,2,17,1
60000130,6362343.624999999,7500013.625,5270945.607090438,4646793.5101281535,2,17,1
60000842,6362284.125000001,7500096.375,5270933.320642165,4646871.640984593,2,17,1
60000305,6362212.75,7500036.375,5270897.670458956,4646826.762395109,2,17,1
60002270,6362200.25,7500281.75,5270882.7861152915,4646921.137454677,2,17,1
60001870,6362139.125,7500232.0,5270794.534509613,4646841.55624263,2,17,1
60001461,6362074.5,7500181.125000001,5270793.447981676,4646860.04345295,2,17,1
60001218,6362047.125,7500150.624999999,5270675.788455118,4646734.268223312,2,17,1
60002213,6361982.875,7500267.625,5270645.24972779,4646789.698044691,2,17,1
60001746,6361914.499999999,7500213.375,5270477.4298884375,4646628.471308324,2,17,1
60001121,6361830.0,7500127.249999999,5270504.103899578,4646693.77362411,2,17,1
60000576,6361741.0,7500069.25,5270374.177581024,4646576.194723894,2,17,1
60001640,6361666.250000001,7500187.375,5270328.094641757,4646643.2765411865,2,17,1
60000751,6361570.375,7500090.75,5270255.471941698,4646554.342141428,2,17,1
59999938,6361455.125,7499988.125,5270103.927202532,4646427.56042389,2,17,1
60001320,6361623.875000001,7500159.75,5270321.0581514845,4646629.477870776,2,17,1
60000420,6361510.999999999,7500041.0,5270201.049943974,4646535.800194254,2,17,1
60000958,6361414.625,7500107.625,5270168.429244471,4646590.016207767,2,17,1
60000584,6361344.75,7500071.25,5270103.484003048,4646532.740923087,2,17,1
60000553,6361288.375,7500067.249999999,5270097.95763543,4646554.3944449155,2,17,1
60000701,6361183.375,7500083.0,5269930.674400726,4646453.5250972705,2,17,1
60000347,6361120.25,7500036.375,5269901.758254641,4646452.00889548,2,17,1
60001885,6361267.625,7500233.625,5270028.744873949,4646556.348529704,2,17,1
60001630,6361232.875000001,7500201.625,5269985.729284106,4646523.876346302,2,17,1
60000458,6361084.25,7500055.250000001,5269868.050767787,4646432.093428731,2,17,1
60000910,6361061.624999999,7500109.25,5269771.559665966,4646361.9296365855,2,17,1
60000157,6360883.875,7500017.875,5269686.328923096,4646346.01880625,2,17,1
60001729,6361007.0,7500208.125,5269765.617203238,4646447.260634683,2,17,1
60001191,6360981.875,7500146.625,5269762.968739091,4646422.905357316,2,17,1
60000692,6360919.375,7500084.750000001,5269728.319089594,4646402.802653122,2,17,1
60001203,6360807.375,7500146.5,5269584.887202053,4646339.742978245,2,17,1
60001613,6360841.0,7500195.25,5269603.157585398,4646362.244197736,2,17,1
60000762,6360747.25,7500089.625,5269135.837125091,4645846.1685171425,2,17,1
60000389,6360486.875,7500046.25,5269278.075755117,4646165.99720955,2,17,1
60001645,6360578.125,7500196.0,5269229.518765405,4646125.613700916,2,17,1
60001984,6360441.5,7500242.625,5269180.876676726,4646174.1738097025,2,17,1
60001479,6360368.625,7500179.124999999,5269139.155898779,4646150.946154014,2,17,1
60001081,6360345.375,7500124.125,5269144.895940244,4646154.189386082,2,17,1
60000768,6360277.5,7500094.5,5269010.6901288405,4646022.584419279,2,17,1
60001771,6360191.500000001,7500210.875,5268982.443468975,4646115.884290491,2,17,1
60001874,6360127.5,7500229.25,5268923.612792329,4646089.253732395,2,17,1
60001395,6360076.125,7500172.25,5268942.629700884,4646115.760900858,2,17,1
60000961,6360026.750000001,7500118.5,5268892.020352443,4646064.519968517,2,17,1
60001606,6359979.500000001,7500188.0,5268690.704831867,4645927.492881327,2,17,1
60000656,6359868.25,7500078.625,5268779.821453262,4646030.615983865,2,17,1
60002059,6359826.375,7500255.75,5268674.262265276,4646013.137557735,2,17,1
60001613,6359776.25,7500192.25,5268614.43125571,4645968.031901202,2,17,1
60001171,6359745.125,7500140.625,5268607.6557980245,4645956.302374324,2,17,1
60000214,6359641.25,7500024.875,5268535.095969162,4645886.632656383,2,17,1
60000700,6359681.75,7500085.875,5268542.845634041,4645893.648250323,2,17,1
60000985,6359584.5,7500119.375,5268502.826350386,4645919.61019461,2,17,1
60000885,6359536.625000001,7500108.124999999,5268393.106293307,4645832.146949332,2,17,1
59999731,6359408.5,7499961.625000001,5268301.482243508,4645762.596444849,2,17,1
60000445,6359353.25,7500054.125,5268318.402933622,4645848.389740102,2,17,1
60001849,6359486.625,7500225.375,5268396.624710405,4645925.796360504,2,17,1
60001354,6359436.874999999,7500167.25,5268356.8448846545,4645876.217921091,2,17,1
60000220,6359324.500000001,7500024.625,5268287.898241515,4645823.12987474,2,17,1
60001397,6359289.25,7500167.375,5268190.43830508,4645803.621303452,2,17,1
60001935,6359301.125,7500238.0,5268207.702436581,4645837.248763886,2,17,1
60001087,6359232.25,7500131.875,5268095.373770967,4645712.368728379,2,17,1
60000010,6359097.375,7499996.5,5267992.417755498,4645638.063128927,2,17,1
60000686,6359159.124999999,7500083.125,5268057.321253454,4645699.047269249,2,17,1
60001130,6359067.5,7500138.0,5267935.830776442,4645645.945216599,2,17,1
60000177,6358954.125,7500018.500000001,5267852.926767371,4645580.93148621,2,17,1
60001459,6358997.125,7500176.375,5267896.324453147,4645671.439645633,2,17,1
60000510,6358885.875,7500057.875,5267835.895259116,4645634.320588753,2,17,1
60001527,6358822.5,7500187.375,5267815.386349477,4645698.134008491,2,17,1
60001022,6358758.875,7500126.0,5267748.167239758,4645633.459618306,2,17,1
60001768,6358802.875,7500219.125,5267810.747927384,4645717.07200589,2,17,1
60001102,6358713.375,7500133.124999999,5267713.805222878,4645635.634588337,2,17,1
60000308,6358610.5,7500034.125,5267594.50881666,4645536.766038635,2,17,1
60001502,6358671.25,7500178.250000001,5267640.647909101,4645618.0096559115,2,17,1
60000775,6358609.375,7500094.0,5267518.831308313,4645465.742582423,2,17,1
60001287,6358541.125,7500154.000000001,5267455.98118106,4645476.352435437,2,17,1
60001233,6358473.625,7500144.500000001,5267429.91154629,4645494.767346931,2,17,1
60000828,6358404.125,7500099.25,5267412.735649894,4645495.120612556,2,17,1
60001652,6358369.875,7500204.625,5267395.142009499,4645525.653479452,2,17,1
60001165,6358299.125,7500143.25,5267258.59724575,4645396.743057667,2,17,1
60000804,6358262.25,7500090.125,5267136.25222676,4645284.131071961,2,17,1
60000056,6358163.375000001,7499998.25,5267139.940692399,4645315.558603304,2,17,1
60001291,6358107.0,7500154.5,5267117.4510220075,4645388.399422962,2,17,1
60000897,6358046.624999999,7500105.375,5267078.747739258,4645360.237513985,2,17,1
60000530,6358016.25,7500061.0,5267006.3858422255,4645282.103469159,2,17,1
60000143,6357967.0,7500011.999999999,5266964.647453246,4645244.67602266,2,17,1
60001475,6357921.125,7500180.125,5266917.10288488,4645292.079618628,2,17,1
60001105,6357852.75,7500134.375000001,5266906.759842407,4645309.215366152,2,17,1
60000849,6357864.249999999,7500100.875,5266902.707539787,4645285.636962072,2,17,1
60000641,6357815.125,7500076.25,5266825.742244331,4645218.780146859,2,17,1
60001404,6357750.624999999,7500168.75,5266766.638156549,4645241.590825444,2,17,1
60000958,6357685.125,7500114.125000001,5266699.2132243635,4645184.809379106,2,17,1
59999973,6357558.5,7499990.875,5266659.783486521,4645184.6429299675,2,17,1
60002640,6357626.0,7500324.625,5266648.977660436,4645256.108410723,2,17,1
60000847,6357422.375,7500104.375000001,5266491.473086557,4645116.315411978,2,17,1
60001705,6357498.25,7500211.375,5266623.099697207,4645262.554608233,2,17,1
60001385,6357443.375,7500171.5,5266599.280002499,4645259.600304379,2,17,1
60000829,6357380.25,7500097.625,5266462.423062068,4645119.314003492,2,17,1
60001442,6357316.375,7500178.875,5266429.350845028,4645149.404935876,2,17,1
60001079,6357255.75,7500132.75,5266406.96951392,4645132.261007269,2,17,1
60000875,6357192.375,7500107.25,5266368.629783143,4645141.791051124,2,17,1
60002160,6357145.125,7500268.250000001,5266305.460643718,4645163.06935999,2,17,1
60001915,6357112.125,7500236.375,5266274.520950336,4645146.560807648,2,17,1
60001486,6357057.249999999,7500184.125,5266233.023989613,4645111.633113474,2,17,1
60000672,6356978.5,7500067.375,5266065.430709833,4644957.911535688,2,17,1
60001402,6357046.5,7500170.0,5266083.909807417,4644945.992408585,2,17,1
60001443,6356835.625,7500176.75,5266038.1204481535,4645036.78426154,2,17,1
60001939,6356892.5,7500234.749999999,5266058.576463697,4645059.348132125,2,17,1
60001007,6356775.75,7500124.375,5265939.018022298,4644943.186127744,2,17,1
60000712,6356725.0,7500085.25,5265880.819117512,4644901.480514453,2,17,1
60001839,6356650.875,7500227.375000001,5265828.791840639,4644943.530840205,2,17,1
60001540,6356571.5,7500190.375,5265726.046851225,4644871.714259961,2,17,1
60000709,6356484.5,7500084.375,5265645.286579387,4644798.984402137,2,17,1
60001357,6356549.25,7500162.625,5265671.998012077,4644820.77540064,2,17,1
60000503,6356421.125,7500058.625,5265590.506381093,4644768.340559699,2,17,1
60001394,6356359.875,7500167.875,5265551.328377941,4644818.634239645,2,17,1
60002109,6356342.25,7500260.125,5265567.500341976,4644879.811961598,2,17,1
60001784,6356327.625,7500221.5,5265576.470659055,4644878.702360237,2,17,1
60001489,6356279.875,7500184.124999999,5265503.43747532,4644813.8955612,2,17,1
60001446,6356235.25,7500175.0,5265444.419639206,4644798.42890773,2,17,1
60000918,6356154.25,7500111.5,5265343.120155711,4644721.844100524,2,17,1
60001393,6356274.875,7500165.25,5265391.722635606,4644686.88061675,2,17,1
60000395,6356139.5,7500047.5,5265383.642149192,4644720.559476995,2,17,1
60001156,6356210.0,7500137.875,5265405.2216777885,4644746.852350465,2,17,1
60000325,6356100.875,7500036.875,5265038.547726515,4644355.517272997,2,17,1
60001769,6356044.0,7500204.5,5264977.897093505,4644427.635512075,2,17,1
60000882,6355870.0,7500105.125,5265125.449651319,4644652.282834142,2,17,1
60000200,6355871.125,7500020.125000001,5265120.263312848,4644601.399200686,2,17,1
60001876,6355918.0,7500230.75,5265152.599854226,4644688.221499965,2,17,1
60000848,6355784.875,7500102.0,5265023.88785704,4644588.885424783,2,17,1
60001199,6355823.625000001,7500146.5,5265087.192356807,4644646.887338923,2,17,1
60000490,6355729.999999999,7500059.625,5264989.095061288,4644556.232532968,2,17,1
60001672,6355657.0,7500206.875,5264941.5004060585,4644624.275660886,2,17,1
60001361,6355600.875,7500168.625,5264926.931312625,4644621.525664772,2,17,1
60000793,6355581.5,7500095.875,5264837.377873509,4644502.525959156,2,17,1
60001481,6355603.0,7500183.375,5264891.521775788,4644585.301548889,2,17,1
60001946,6355555.375,7500238.875,5264779.198528325,4644517.566545358,2,17,1
60001052,6355473.0,7500125.749999999,5264717.800601092,4644458.546943528,2,17,1
60000150,6355376.999999999,7500012.125,5264658.756700327,4644420.720392232,2,17,1
60002586,6355532.625,7500317.75,5264745.1470806105,4644529.6344941035,2,17,1
60001743,6355434.75,7500214.625,5264671.374617813,4644464.257492783,2,17,1
60001163,6355336.875,7500141.875,5264552.092637414,4644365.287794276,2,17,1
60000562,6355244.25,7500068.5,5264513.066204095,4644358.523732791,2,17,1
60001334,6355219.750000001,7500165.125,5264314.350415303,4644178.262372317,2,17,1
60001850,6355148.874999999,7500226.25,5264259.886013159,4644191.614039866,2,17,1
60000520,6354999.625,7500060.875,5264331.43329377,4644317.989222789,2,17,1
60001796,6355096.625,7500201.875,5264277.220553208,4644292.698361334,2,17,1
60001363,6354917.375,7500164.125,5264152.258019816,4644220.3618908785,2,17,1
60001955,6354931.875,7500242.375,5264168.695041831,4644256.385499435,2,17,1
60000883,6354933.625,7500097.375,5264226.834250318,4644285.178574569,2,17,1
60000502,6354874.499999999,7500059.625,5264142.780176383,4644190.618414424,2,17,1
60002019,6354853.875,7500247.375000001,5264109.046409208,4644250.73593845,2,17,1
60001388,6354784.625,7500171.0,5264151.973309035,4644301.951603799,2,17,1
60000672,6354715.875,7500078.75,5263970.882942226,4644119.107045683,2,17,1
60001491,6354748.75,7500184.625,5264025.565485296,4644193.3059676,2,17,1
60001582,6354748.125,7500191.875000001,5264034.413131093,4644216.124403478,2,17,1
60001122,6354679.5,7500138.375,5263866.868366177,4644037.109290639,2,17,1
60000074,6354545.124999999,7500006.875000001,5263611.587902697,4643788.298936961,2,17,1
60000307,6354390.25,7500035.125000001,5263561.9113295935,4643856.040620536,2,17,1
60002000,6354527.249999999,7500247.25,5263524.062065066,4643799.217722758,2,17,1
60001019,6354304.0,7500120.25,5263625.280132967,4644034.100129011,2,17,1
60000528,6354307.875,7500063.875000001,5263642.730716993,4644021.4331963705,2,17,1
60000067,6354241.125,7500006.75,5263581.993929404,4643971.994477134,2,17,1
60000891,6354161.25,7500109.875,5263532.029542594,4644018.413504729,2,17,1
60000611,6354102.499999999,7500074.375,5263487.415202857,4643996.069930967,2,17,1
60001280,6354046.625,7500158.250000001,5263439.751302048,4644016.230811637,2,17,1
60000904,6354052.625,7500111.5,5263413.577121898,4643950.862136155,2,17,1
59999764,6353978.5,7499968.625,5263349.305584013,4643871.592376835,2,17,1
60000976,6354031.625,7500118.375,5263400.033903124,4643954.404094514,2,17,1
60001053,6353915.500000001,7500129.5,5263274.5219759755,4643899.663638863,2,17,1
60000535,6353876.25,7500064.5,5263226.8594280975,4643826.577232709,2,17,1
59999870,6353787.125,7499981.375,5263130.977565851,4643763.263514316,2,17,1
60001153,6353702.125,7500141.749999999,5263122.942084683,4643882.234638469,2,17,1
60000846,6353680.75,7500103.625,5263086.230041803,4643830.740928686,2,17,1
60001868,6353607.125,7500231.25,5262924.15652446,4643755.9144483395,2,17,1
60000519,6353488.5,7500062.875,5262855.621548275,4643695.468063784,2,17,1
60001434,6353577.125,7500171.875,5262925.747063168,4643765.413087082,2,17,1
60001626,6353401.624999999,7500201.0,5262861.726672067,4643820.516650087,2,17,1
60000854,6353284.5,7500102.5,5262699.43807703,4643676.662265672,2,17,1
60001665,6353350.625,7500206.25,5262739.9389037145,4643717.046166135,2,17,1
60000652,6353215.750000001,7500079.5,5262644.157636967,4643656.28877495,2,17,1
60000179,6353193.625,7500018.75,5262554.234635441,4643536.471985603,2,17,1
60000276,6353043.875,7500032.500000001,5262557.7213856885,4643647.452090928,2,17,1
60001402,6353124.625,7500173.5,5262547.434642193,4643639.282429646,2,17,1
60001032,6353102.25,7500127.125000001,5262594.845663653,4643682.425058323,2,17,1
60000865,6352914.625,7500106.749999999,5262370.684026162,4643554.737715608,2,17,1
60001662,6352992.25,7500206.25,5262506.45655986,4643701.494994506,2,17,1
60001346,6352951.625,7500166.75,5262448.2463136045,4643647.565431934,2,17,1
60001381,6352797.75,7500171.0,5262286.424072762,4643559.925549916,2,17,1
60001904,6352857.125,7500236.0,5262351.069143646,4643632.242044491,2,17,1
60000934,6352759.0,7500115.374999999,5262177.240675818,4643446.501070297,2,17,1
59999855,6352641.625,7499977.374999999,5262165.0260730935,4643470.607333913,2,17,1
60000403,6352705.5,7500045.5,5262159.55217888,4643443.360346346,2,17,1
60000277,6352527.75,7500032.625,5262050.268163861,4643415.881528565,2,17,1
60001153,6352575.75,7500140.5,5262056.047396459,4643453.944094232,2,17,1
60000057,6352456.0,7500004.875,5262017.973396382,4643438.929763415,2,17,1
59999653,6352398.500000001,7499952.875,5261886.789213189,4643312.78781858,2,17,1
60001035,6352352.0,7500127.125,5261909.406519462,4643436.205408184,2,17,1
60000657,6352297.375,7500080.625000001,5261842.1857783375,4643377.075455226,2,17,1
60000204,6352237.75,7500023.125,5261759.76580654,4643303.974176622,2,17,1
59999768,6352170.5,7499968.75,5261722.110516209,4643286.496059314,2,17,1
60001265,6352121.125,7500156.25,5261619.825161,4643279.580346687,2,17,1
60000595,6352042.75,7500071.5,5261576.707244478,4643246.011752031,2,17,1
59999899,6351963.625,7499985.125,5261523.916867375,4643212.8333750125,2,17,1
60000480,6351902.125,7500057.874999999,5261491.414308587,4643245.296907431,2,17,1
60001682,6351843.125,7500208.249999999,5261390.816421682,4643238.004620998,2,17,1
60001250,6351773.875,7500153.875,5261381.652369499,4643244.901494411,2,17,1
60000893,6351704.500000001,7500109.625,5261237.568344271,4643119.246837378,2,17,1
60000267,6351627.625,7500031.25,5261221.652110439,4643120.061514756,2,17,1
60000958,6351547.875,7500117.5,5261090.495223113,4643062.584634259,2,17,1
59999847,6351418.625000001,7499979.125,5261080.787249814,4643084.859399389,2,17,1
60001361,6351474.125,7500161.375,5261037.522818355,4643086.256609835,2,17,1
60000413,6351336.25,7500049.625,5260817.387091281,4642869.093555712,2,17,1
60000667,6351182.125,7500077.875,5260654.8112854725,4642818.020446309,2,17,1
60001676,6351267.875,7500191.875,5260796.037558722,4642990.697424865,2,17,1
60000289,6351108.375,7500027.375,5260724.611299038,4642910.366352705,2,17,1
60000544,6350967.25,7500066.625,5260598.025295488,4642888.465942201,2,17,1
60001059,6351026.375,7500130.125,5260685.139085184,4642973.72585589,2,17,1
60000009,6350912.5,7499998.125,5260479.953397109,4642767.812562627,2,17,1
59999860,6350774.0,7499978.0,5260420.778762719,4642792.374757551,2,17,1
60000769,6350836.75,7500089.000000001,5260442.150029725,4642825.753075384,2,17,1
60000921,6350703.5,7500113.25,5260412.554228233,4642884.418486291,2,17,1
60000511,6350659.625,7500062.125,5260343.68547906,4642815.207636647,2,17,1
60000769,6350591.0,7500088.625,5260218.024165294,4642746.248953243,2,17,1
60000876,6350457.75,7500104.5,5260229.012019717,4642856.578200999,2,17,1
60001580,6350535.5,7500191.375,5260252.872458292,4642862.837736861,2,17,1
60000746,6350438.875000001,7500091.375,5260177.550319501,4642788.766258761,2,17,1
60001062,6350307.875,7500131.125,5260016.334254987,4642723.016728081,2,17,1
60001666,6350379.125,7500206.5,5260098.730067592,4642800.476965661,2,17,1
60000540,5644690.333333333,6666722.777777778,5356215.551305908,5010952.118118766,2,19,1
60000735,6350153.25,7500085.25,5259894.261078035,4642680.241263314,2,17,1
60002032,6350067.625,7500251.25,5259807.156732974,4642687.998618803,2,17,1
60001414,6349978.875000001,7500172.75,5259685.715222277,4642596.4001392815,2,17,1
60000866,6349913.75,7500105.25,5259670.120758139,4642593.211605241,2,17,1
60001819,6349854.625,7500219.375,5259666.853139137,4642694.514715502,2,17,1
60001259,6349776.25,7500155.125,5259561.419094989,4642582.398370189,2,17,1
60000628,6349729.375,7500076.5,5259515.29589581,4642535.938024729,2,17,1
60001674,6349644.624999999,7500205.5,5259477.275020859,4642612.377382987,2,17,1
60001640,6349594.875,7500203.25,5259409.689930839,4642565.972971805,2,17,1
60001475,6349534.75,7500182.875,5259337.96360405,4642516.11016303,2,17,1
60000973,6349467.999999999,7500119.125,5259302.9115585005,4642498.343160607,2,17,1
60000535,6349452.375,7500065.0,5259269.649540078,4642447.183791079,2,17,1
60000948,6349348.5,7500116.75,5259190.346297856,4642448.53190702,2,17,1
60002264,6349399.875,7500281.0,5259273.296270488,4642584.436921191,2,17,1
60001425,6349287.75,7500176.25,5259151.080866182,4642481.934075157,2,17,1
60000563,6349177.125,7500069.0,5259013.895638976,4642354.421969156,2,17,1
60001991,6349225.5,7500247.125,5259125.764828463,4642525.565611165,2,17,1
60001126,6349173.75,7500137.75,5258994.057230955,4642363.260723749,2,17,1
60001035,6349108.125,7500123.999999999,5258970.368328153,4642383.026110158,2,17,1
60000145,6348989.875,7500014.875,5258839.858364755,4642273.7799612945,2,17,1
60001552,6349040.749999999,7500192.75,5258911.446955776,4642382.198942994,2,17,1
60000673,6348924.875000001,7500082.75,5258816.533666037,4642319.108986054,2,17,1
60000315,6348860.25,7500036.75,5258756.538549387,4642281.788785146,2,17,1
60001469,6349256.125,7500179.0,5259030.9718664065,4642368.083780888,2,17,1
60000576,6349133.875,7500068.125,5258958.002457126,4642330.408438399,2,17,1
60001628,6349200.5,7500198.25,5258954.2818288235,4642332.078641779,2,17,1
60000248,6349021.375,7500029.625,5258857.097229423,4642272.25833378,2,17,1
60000683,6349073.375,7500081.875,5258925.552863109,4642341.002417344,2,17,1
60001025,6348950.375,7500126.375,5258814.840327835,4642317.534718899,2,17,1
60000666,6348892.75,7500081.5,5258687.522579313,4642191.637404409,2,17,1
60001382,6348783.5,7500167.75,5258627.641170705,4642239.466923257,2,17,1
60001969,6348813.625,7500243.75,5258642.705597219,4642267.911730299,2,17,1
60001131,6348723.625,7500136.5,5258547.986833327,4642178.144051653,2,17,1
60000668,6348655.25,7500081.749999999,5258516.969212022,4642162.516359921,2,17,1
60001775,6348581.125000001,7500219.75,5258463.302942639,4642213.8974423995,2,17,1
60001288,6348509.5,7500159.125,5258427.917687893,4642197.047975004,2,17,1
60001013,6348454.250000001,7500124.625,5258310.947876208,4642088.48634765,2,17,1
60000464,6348365.5,7500056.5,5258244.641067669,4642048.833470657,2,17,1
60000818,6348239.625,7500100.624999999,5258188.5139115015,4642091.482316717,2,17,1
60001447,6348296.375,7500177.374999999,5258186.490215096,4642086.615661752,2,17,1
60000380,6348179.5,7500045.875,5258159.274776516,4642079.217159497,2,17,1
59999993,6348130.25,7499997.75,5258092.88986616,4642017.204921392,2,17,1
60001291,6348060.0,7500156.0,5258066.307922931,4642116.641947077,2,17,1
60001010,6348017.5,7500125.0,5257964.710170385,4642008.7345730895,2,17,1
60000507,6347951.125,7500060.0,5257912.594701232,4641976.201180762,2,17,1
60000302,6347897.25,7500031.0,5257839.306766061,4641926.242659644,2,17,1
60001037,6347817.0,7500127.750000001,5257805.218879235,4641976.981141202,2,17,1
60000623,6347801.875,7500074.25,5257791.218943408,4641941.518004285,2,17,1
60000503,6347742.5,7500057.375,5257742.900640649,4641922.989621033,2,17,1
60000036,6347680.874999999,7500003.125,5257698.195559004,4641876.717121995,2,17,1
60001237,6347612.375,7500151.25,5257646.225116056,4641949.1081794435,2,17,1
60000962,6347536.875,7500118.25,5257560.849504602,4641882.130853935,2,17,1
60000565,6347478.375,7500068.375,5257493.584663838,4641834.767054447,2,17,1
60000332,6347412.374999999,7500039.375,5257433.881225352,4641801.769785458,2,17,1
60000746,6347342.0,7500091.375,5257427.882547538,4641864.913317489,2,17,1
60000440,6347320.5,7500053.5,5257304.672699201,4641717.140072287,2,17,1
60001116,6347256.25,7500132.75,5257250.269005536,4641750.294973584,2,17,1
60000462,6347167.125,7500055.875000001,5257194.917475083,4641706.539755254,2,17,1
60000004,6347107.0,7499998.875,5257174.766866705,4641703.674511684,2,17,1
60001403,6347042.75,7500173.875,5257106.845711289,4641742.444641742,2,17,1
60000922,6346974.0,7500113.125,5257009.016204149,4641659.994576738,2,17,1
60000275,6346889.0,7500032.0,5256996.89027012,4641673.755309639,2,17,1
59999672,6346808.875,7499957.125,5256930.83106297,4641624.850044139,2,17,1
60001110,6346854.125000001,7500136.5,5256942.915367894,4641673.141307746,2,17,1
60000800,6346786.125,7500098.125,5256875.158682809,4641627.23171871,2,17,1
60000608,6346774.749999999,7500072.375,5256881.5914459275,4641640.620648477,2,17,1
60001343,6346760.75,7500166.125,5256864.398129466,4641665.375247843,2,17,1
60000917,6346736.625,7500112.75,5256840.912643284,4641633.739395483,2,17,1
60002327,6346835.625,7500289.125,5256900.289982381,4641709.3444867125,2,17,1
60001366,6346710.5,7500169.25,5256773.777904576,4641599.646991226,2,17,1
60001826,6346763.249999999,7500226.125,5256832.7323418055,4641656.752815819,2,17,1
60001003,5641494.777777778,6666776.777777778,5353004.117967003,5010105.800945545,2,19,1
60000304,6346598.875,7500036.125000001,5256752.271199488,4641600.949970308,2,17,1
60000129,6346571.375,7500014.625,5256699.689481522,4641545.444898496,2,17,1
60000921,6346500.125,7500111.125,5256559.4616401065,4641487.563983446,2,17,1
59999780,6346399.25,7499971.0,5256550.153865169,4641484.042602076,2,17,1
60002066,6346449.5,7500256.0,5256609.034700684,4641639.7358675795,2,17,1
60002144,6346402.375,7500266.5,5256514.071295238,4641565.44419377,2,17,1
60001545,6346349.125,7500188.125000001,5256469.806624932,4641521.541695827,2,17,1
60000623,6346269.625,7500076.125,5256411.702968968,4641458.897492574,2,17,1
60003215,6346294.0,7500400.375,5256424.699894189,4641605.168111841,2,17,1
60002386,6346222.375,7500296.5,5256346.688978,4641519.420407657,2,17,1
60001745,6346167.875,7500213.5,5256356.337667335,4641539.712931536,2,17,1
60001614,6345952.5,7500200.5,5256111.330571598,4641400.648143403,2,17,1
60002145,6346014.0,7500266.375,5256179.039970032,4641465.104466905,2,17,1
60001242,6345924.0,7500153.75,5256115.090470391,4641407.930587742,2,17,1
60000576,6345840.625,7500070.625,5256055.362962335,4641365.158238004,2,17,1
60000206,6345805.75,7500024.375,5256003.803330564,4641311.513995553,2,17,1
60001499,6345764.0,7500186.0,5255949.095270942,4641344.804475808,2,17,1
60001150,6345724.875,7500142.0,5255913.274902318,4641313.710749823,2,17,1
60000663,6345678.75,7500081.125,5255826.115227442,4641219.7103933,2,17,1
60000718,6345561.375,7500088.125,5255762.456663188,4641226.184125497,2,17,1
60001611,6345622.0,7500199.25,5255798.426587235,4641284.698184352,2,17,1
60000078,6345344.125,7500008.25,5255554.609309997,4641124.6836696435,2,17,1
60002817,6345500.375,7500349.625000001,5255696.260577631,4641318.117791968,2,17,1
60002415,6345458.5,7500299.625,5255694.447793419,4641325.042437648,2,17,1
60001988,6345402.0,7500247.000000001,5255654.451309725,4641294.922058528,2,17,1
60001682,6345394.875,7500208.625,5255603.750659004,4641221.35694117,2,17,1
60000731,6345272.375,7500089.75,5255521.24508491,4641173.359714784,2,17,1
60000319,6345241.874999999,7500038.5,5255489.452637972,4641133.298038776,2,17,1
60001502,6345180.375,7500186.375,5255431.2626824165,4641173.453147565,2,17,1
60001149,6345141.874999999,7500142.125,5255376.554923985,4641120.879164165,2,17,1
60000123,6345034.0,7500013.125,5255305.594656291,4641065.1386609655,2,17,1
60000818,6345099.625,7500100.5,5255348.934409261,4641105.153555162,2,17,1
60001489,6345003.000000001,7500182.125000001,5255281.200870878,4641142.912127924,2,17,1
60001287,6344948.5,7500159.125,5255180.663942963,4641049.661663787,2,17,1
60000477,6344863.0,7500058.0,5255160.52939674,4641037.780992584,2,17,1
60000983,6344923.000000001,7500121.0,5255188.965042238,4641055.574843662,2,17,1
59999629,6344735.5,7499951.625,5255049.03316923,4640951.180019949,2,17,1
60001536,6344810.875,7500190.5,5255071.514731689,4641036.649631386,2,17,1
60000071,6344624.0,7500007.25,5254875.984117473,4640867.738597377,2,17,1
60000587,6344683.625,7500071.5,5254970.253413156,4640962.646625067,2,17,1
60001279,6344535.0,7500157.5,5254829.341434084,4640947.868158308,2,17,1
60000309,6344421.75,7500032.25,5254726.936781037,4640860.049552907,2,17,1
60001217,6344467.25,7500149.625000001,5254743.131671743,4640892.1757633425,2,17,1
60001340,6344345.5,7500161.375000001,5254696.548306341,4640933.6444968525,2,17,1
60000809,6344296.75,7500099.375,5254679.886544231,4640919.351036754,2,17,1
60000538,6344264.0,7500065.75,5254599.290528442,4640834.91375746,2,17,1
60001412,6344150.875,7500174.75,5254503.199719821,4640853.6927095875,2,17,1
60001917,6344192.25,7500237.499999999,5254560.964876615,4640918.1152384365,2,17,1
60000522,6344054.625,7500060.499999999,5254297.48317296,4640644.876216389,2,17,1
60001130,6344111.500000001,7500139.625,5254453.307811031,4640809.423738676,2,17,1
60000851,6343858.5,7500103.125,5254184.95780554,4640674.425132545,2,17,1
60002170,6343983.874999999,7500265.375,5254255.638775255,4640729.663795399,2,17,1
60000663,6343806.25,7500072.75,5254156.219657478,4640668.192096532,2,17,1
60001342,6343707.0,7500165.0,5254096.380611255,4640708.6092367405,2,17,1
60000848,6343637.5,7500103.375,5254001.039553163,4640624.782879131,2,17,1
60002016,6343578.5,7500249.0,5253554.235508268,4640220.061915229,2,17,1
60000468,6343373.125,7500048.875,5253292.793134239,4640001.746465787,2,17,1
60001439,6343177.125,7500170.5,5253531.344325736,4640466.325435408,2,17,1
60000355,6343034.0,7500042.375,5253542.613214766,4640509.546859942,2,17,1
60000024,6342989.875,7500001.249999999,5253520.73248501,4640500.244570922,2,17,1
59999646,6342938.625,7499954.125,5253447.694127868,4640433.589616336,2,17,1
60002040,6342879.5,7500252.500000001,5252941.354809132,4640033.705488078,2,17,1
60000340,6342634.5,7500039.0,5253145.799826561,4640353.410358464,2,17,1
60000306,6342477.125,7500036.374999999,5252877.886603506,4640145.119044506,2,17,1
60001027,6342507.625,7500124.875,5253016.4886139175,4640334.877442497,2,17,1
60001201,6342354.5,7500147.375000001,5252718.774606401,4640107.929888236,2,17,1
60001096,6342090.375000001,7500133.249999999,5252636.137817112,4640205.170331949,2,17,1
60002415,6342250.5,7500299.25,5252776.21715747,4640314.640595452,2,17,1
60000665,6342029.874999999,7500077.375,5252629.937464019,4640213.31207798,2,17,1
60001909,6341968.5,7500236.0,5252492.6609267285,4640171.443963343,2,17,1
60001549,6341876.125,7500190.875,5252508.015630367,4640238.230470144,2,17,1
60001112,6341836.499999999,7500136.75,5252467.622923751,4640182.709701534,2,17,1
60002008,6341759.25,7500248.0,5252378.9626937555,4640200.377551537,2,17,1
60001239,6341631.25,7500151.5,5252280.9072803175,4640143.050952478,2,17,1
60000976,6341580.5,7500119.875,5252264.522498734,4640143.36703938,2,17,1
60001737,6341513.25,7500212.875,5252195.906914983,4640160.297082032,2,17,1
60001313,6341482.25,7500162.25,5252144.798685411,4640090.0594098,2,17,1
60000686,6341400.75,7500083.75,5252032.9808116825,4639993.284574382,2,17,1
60000638,6341320.75,7500074.0,5251986.1390719265,4640004.58305063,2,17,1
60001350,6341243.875000001,7500166.625,5251932.581095252,4640032.925431794,2,17,1
60001161,6341179.375,7500142.75,5251890.95108748,4640022.230270108,2,17,1
60000852,6341138.875,7500104.249999999,5251904.107466343,4640048.250645361,2,17,1
60001744,6341074.624999999,7500216.25,5251794.108046859,4640017.720323021,2,17,1
60001286,6341018.249999999,7500158.625,5251768.668466265,4640004.350434936,2,17,1
60001319,6340995.0,7500161.125,5251736.479671788,4639990.86410044,2,17,1
60000921,6340939.0,7500113.125,5251650.798131357,4639905.333530891,2,17,1
60000245,6340851.625,7500028.624999999,5251589.2971212035,4639867.628692314,2,17,1
60000999,6340794.625,7500123.125,5251549.2178904405,4639900.493021235,2,17,1
60000725,6340767.0,7500089.125,5251493.162412301,4639844.335822468,2,17,1
60001582,6340696.75,7500196.125,5251451.589763858,4639883.07954406,2,17,1
60000986,6340616.875,7500120.500000001,5251402.973796307,4639865.346672003,2,17,1
60000525,6340557.125,7500063.625000001,5251372.244193306,4639848.790563297,2,17,1
60001282,6340539.125,7500158.625,5251319.292771034,4639841.175539338,2,17,1
60000660,6340486.375,7500080.25,5251263.624918263,4639785.628506581,2,17,1
60000564,6340420.5,7500068.999999999,5251212.281854653,4639768.989703228,2,17,1
60001519,6340362.125000001,7500188.25,5251158.867305917,4639800.548398228,2,17,1
60000619,6340241.625,7500075.624999999,5251066.121170441,4639736.281161645,2,17,1
60001316,6340297.25,7500162.25,5251125.301943487,4639796.720072851,2,17,1
60000333,6340168.25,7500035.875,5251001.905627637,4639704.627897415,2,17,1
60001388,6340094.75,7500171.0,5250887.59228698,4639688.8867606195,2,17,1
60001064,6340026.25,7500130.75,5250847.047941796,4639676.544657327,2,17,1
60000549,6340018.625,7500066.625000001,5250826.592789175,4639605.549340588,2,17,1
60001315,6339902.0,7500162.5,5250780.466303489,4639696.449365164,2,17,1
60001801,6339956.875,7500223.625,5250856.249092997,4639758.999401491,2,17,1
60000447,6339832.75,7500054.625,5250712.311054806,4639620.073625485,2,17,1
60000870,6339880.375,7500105.125,5250781.077789962,4639691.691851408,2,17,1
60000165,6339774.125,7500018.5,5250638.497023043,4639563.0718329195,2,17,1
60001438,6339753.375,7500178.25,5250634.365842364,4639642.114492568,2,17,1
60001098,6339703.5,7500135.500000001,5250593.92610232,4639604.804147193,2,17,1
60000136,6339604.750000001,7500014.75,5250546.800961693,4639580.173629129,2,17,1
60001642,6339644.375,7500203.375,5250534.370762764,4639624.618010812,2,17,1
60000536,6339506.5,7500064.625,5250420.737119292,4639531.4640928665,2,17,1
60000166,6339470.75,7500018.75,5250373.477179579,4639482.862520494,2,17,1
60001213,6339561.75,7500150.25,5250431.376875993,4639541.234317577,2,17,1
60001079,6339402.75,7500132.625,5250374.61166267,4639581.360138617,2,17,1
60000720,6339366.75,7500088.5,5250333.399087875,4639545.078554301,2,17,1
60000389,6339336.375,7500047.375,5250247.626994586,4639449.369648082,2,17,1
59999955,6339279.875,7499992.25,5250217.353648254,4639435.5570869595,2,17,1
60001356,6339236.624999999,7500167.75,5250130.952225068,4639439.38397856,2,17,1
60001076,6339203.750000001,7500132.875,5250070.263565044,4639378.201757289,2,17,1
60000568,6339128.75,7500068.5,5250070.1093782615,4639405.729165598,2,17,1
60001405,6339064.874999999,7500173.75,5250023.6418851195,4639450.373070523,2,17,1
60001122,6339036.625,7500136.875,5249972.359851048,4639400.401669608,2,17,1
60000826,6338970.875000001,7500101.374999999,5249924.570370414,4639374.638635745,2,17,1
60000530,6338933.0,7500064.5,5249935.471170669,4639398.9102972625,2,17,1
60001151,6338860.75,7500142.25,5249861.698485283,4639403.463363174,2,17,1
60000736,6338803.875,7500090.625,5249776.142193913,4639327.414398493,2,17,1
60001063,6338809.875,7500131.25,5249774.22082935,4639332.4976645615,2,17,1
60000189,6338693.125,7500022.25,5249676.666416417,4639258.764234795,2,17,1
60000613,6338590.5,7500073.25,5249601.519777804,4639277.352189848,2,17,1
60001986,6338756.624999999,7500246.75,5249752.178548811,4639401.466166568,2,17,1
60001057,6338639.875,7500130.5,5249650.777362826,4639318.68252878,2,17,1
60000056,6338513.125,7500000.625,5249543.900979302,4639243.571380082,2,17,1
60000591,6338391.5,7500071.625000001,5249422.115881138,4639215.889544418,2,17,1
60001076,6338444.875000001,7500132.5,5249502.025929601,4639294.776539456,2,17,1
60002283,6338353.375,7500283.375,5249343.177550364,4639242.281596146,2,17,1
60001777,6338285.5,7500216.125,5249324.076920244,4639254.2478055805,2,17,1
60000191,6338143.5,7500016.25,5249196.262655347,4639128.816767671,2,17,1
60001252,6338236.250000001,7500155.0,5249307.780268033,4639229.8002419695,2,17,1
60000816,6338167.125,7500100.125,5249206.7316453345,4639150.376500804,2,17,1
59999819,6338088.25,7499975.125,5249152.012277296,4639088.4459001655,2,17,1
60000409,6338133.75,7500049.0,5249198.481562706,4639139.441381651,2,17,1
60000891,6338187.25,7500109.5,5249260.105182164,4639196.121512649,2,17,1
60001795,6338040.625,7500218.25,5249089.645226873,4639158.914325211,2,17,1
60001172,6338065.375,7500143.625,5249109.185018538,4639134.617344795,2,17,1
60000696,6338002.125,7500085.374999999,5249049.620790073,4639085.3687217245,2,17,1
60001711,6337928.75,7500212.375,5249025.030707206,4639166.780182682,2,17,1
60001219,6337859.75,7500148.25,5248964.509354141,4639122.01356934,2,17,1
60000801,6337803.875,7500098.499999999,5248914.873945373,4639083.900923913,2,17,1
60000386,6337792.25,7500046.625,5248911.221832873,4639059.933376094,2,17,1
60001930,6337726.375,7500236.25,5248840.3685041005,4639121.1694162125,2,17,1
60001622,6337690.75,7500201.125,5248827.94200144,4639102.56695173,2,17,1
60001396,6337641.75,7500171.375,5248724.814128442,4639016.373864181,2,17,1
60001022,6337589.125,7500119.875,5248708.860315062,4639028.915553785,2,17,1
60001432,6337525.25,7500177.375,5248678.970195228,4639051.592800806,2,17,1
60001059,6337508.625000001,7500130.125,5248633.245815821,4638991.461169934,2,17,1
60001693,6337443.0,7500210.125,5248519.041156331,4638944.9578841105,2,17,1
60001296,6337366.750000001,7500159.875,5248534.664896336,4638990.408011345,2,17,1
60001047,6337323.75,7500128.5,5248488.363979773,4638964.657935833,2,17,1
60000618,6337263.625,7500075.875,5248448.826227284,4638934.512313313,2,17,1
60001508,6337221.25,7500186.875,5248359.880021234,4638916.049258504,2,17,1
60000596,6337144.75,7500072.75,5248301.19600817,4638855.877031496,2,17,1
60001527,6337173.375,7500186.875,5248322.404057372,4638914.971402486,2,17,1
60000205,6337046.0,7500023.375,5248253.324598766,4638854.236484847,2,17,1
60001298,6337022.25,7500160.25,5248208.407687325,4638882.686096721,2,17,1
60001101,6336977.0,7500135.875,5248177.413818793,4638867.185124909,2,17,1
60000889,6336953.125,7500109.25,5248146.9884348,4638839.312550739,2,17,1
60001772,6336887.625,7500220.125,5248088.14016179,4638871.515717418,2,17,1
60001342,6336821.625,7500166.0,5248082.716411746,4638888.277552993,2,17,1
60002945,6336754.125,7500366.375000001,5247936.800370937,4638861.168107533,2,17,1
60001890,6336650.25,7500232.375000001,5247866.762623287,4638802.722317409,2,17,1
60000340,6336498.25,7500041.0,5247778.351385354,4638723.304137896,2,17,1
60002455,6336706.375,7500305.0,5247885.722220193,4638808.274989693,2,17,1
60001642,6336599.125,7500203.5,5247884.616527595,4638832.795260894,2,17,1
60001264,6336566.875,7500155.875,5247799.905180685,4638751.895288352,2,17,1
60001474,6336463.250000001,7500182.624999999,5247699.1752867075,4638723.002643383,2,17,1
60000949,6336390.25,7500117.25,5247626.012944568,4638661.881026706,2,17,1
60000047,6336291.875,7500000.0,5247528.127531842,4638582.2911116155,2,17,1
60001496,6336349.0,7500185.25,5247592.534014486,4638684.871116897,2,17,1
60000659,6336233.375,7500078.874999999,5247428.4250944685,4638542.996138072,2,17,1
60000976,6336073.125,7500120.625,5247381.682585555,4638622.08175833,2,17,1
60001829,6336171.0,7500224.875,5247478.5666674785,4638711.826628024,2,17,1
60000700,6336055.5,7500085.625,5247349.364260479,4638583.93432657,2,17,1
60000140,6335985.0,7500015.625000001,5247287.73677327,4638535.105224307,2,17,1
60001689,6336122.5,7500207.499999999,5247457.5292924205,4638716.988666185,2,17,1
60001309,6335926.125,7500161.75,5247230.134040229,4638580.168305098,2,17,1
60000846,6335855.625,7500103.5,5247210.315950561,4638589.427245097,2,17,1
60000284,6335845.875,7500033.625,5247140.455558285,4638476.542802356,2,17,1
60000744,6335787.25,7500087.25,5247130.09803176,4638543.187093667,2,17,1
60000218,6335703.75,7500025.625,5247110.644780849,4638547.088314613,2,17,1
60000003,6335663.875,7499999.25,5247050.864912851,4638493.628213297,2,17,1
60001394,6335612.999999999,7500172.625,5247012.608430439,4638568.230725047,2,17,1
60001050,6335565.0,7500129.75,5246965.302733843,4638532.33132297,2,17,1
60000463,6335491.25,7500056.125000001,5246720.638698663,4638275.078386989,2,17,1
60000760,6335391.125,7500084.75,5246636.1036433745,4638284.508753911,2,17,1
60001730,6335330.5,7500209.250000001,5246533.3324343115,4638254.238917043,2,17,1
60000324,6335125.125,7500038.625,5246581.531370482,4638376.538325635,2,17,1
60001586,6335210.875000001,7500190.5,5246572.772188702,4638386.943583143,2,17,1
60000969,6335024.625,7500119.624999999,5246446.895646259,4638329.751363152,2,17,1
60000101,6334924.625,7500011.125,5246388.900239204,4638292.366189012,2,17,1
60001779,6335051.0,7500218.874999999,5246496.2516188705,4638422.646194699,2,17,1
60000951,6334958.875,7500116.25,5246376.738401886,4638302.427771817,2,17,1
60001609,6334867.125,7500199.5,5246344.06153037,4638371.544358891,2,17,1
60001279,6334833.5,7500158.125,5246306.996629806,4638324.231701002,2,17,1
60000302,6334683.875,7500035.875,5246198.352404922,4638266.1797768,2,17,1
60001131,6334764.375000001,7500139.5,5246168.6763004465,4638216.5540292375,2,17,1
60001162,6334630.25,7500143.749999999,5246057.887790269,4638192.99703084,2,17,1
60000221,6334475.125,7500025.75,5245998.306473078,4638185.470725556,2,17,1
60001566,6334419.125,7500194.25,5245976.408287523,4638281.821446594,2,17,1
60002925,6334568.625,7500356.75,5246050.645499008,4638343.57456005,2,17,1
60000814,6334371.75,7500099.625,5245909.160310366,4638184.997454375,2,17,1
60000416,6334325.0,7500049.875,5245819.396109493,4638101.828598125,2,17,1
60001672,6334421.5,7500207.5,5245928.276131008,4638231.217485913,2,17,1
60001286,6334285.499999999,7500158.875,5245797.385060023,4638161.363304104,2,17,1
60000900,6334233.875,7500107.000000001,5245729.273827409,4638105.904348055,2,17,1
60002020,6334160.125000001,7500249.125,5245706.915661155,4638194.8913411945,2,17,1
60001774,5630330.333333334,6666861.777777777,5341739.345715401,5007267.36518944,2,19,1
60000939,6334010.25,7500113.625,5245587.637847635,4638103.326234857,2,17,1
60002253,6333963.0,7500279.625,5245542.286523074,4638165.057390474,2,17,1
60001310,6333855.499999999,7500162.0,5245454.2708926285,4638091.580197029,2,17,1
60000769,6333787.625,7500092.5,5245322.227142633,4637966.649309772,2,17,1
60001991,6333902.625,7500247.375,5245507.12984305,4638144.791689236,2,17,1
60002229,6333724.749999999,7500274.0,5245290.466976795,4638060.219650021,2,17,1
60001843,6333656.875,7500226.75,5245159.122709228,4637938.417153366,2,17,1
60001264,6333602.000000001,7500150.375,5245182.628388562,4637972.337316997,2,17,1
60001672,6333472.875,7500207.125,5245088.808963252,4637979.9523469405,2,17,1
60002172,6333530.25,7500269.25,5245142.174758653,4638027.560614496,2,17,1
60001187,6333423.375,7500144.625,5245053.321319103,4637955.725882716,2,17,1
60000660,6333357.375000001,7500080.25,5245009.580470263,4637918.543571667,2,17,1
60001499,5629570.888888889,6666831.555555556,5341045.622634847,5007134.8243363965,2,19,1
60002055,6333330.875,7500255.375000001,5244962.25037314,4637959.891372343,2,17,1
60001076,6333167.875000001,7500132.125,5244852.53138698,4637896.763399931,2,17,1
60000663,6333099.125,7500079.0,5244781.7389007695,4637855.925407712,2,17,1
60002087,6333043.250000001,7500259.0,5244692.2459969465,4637875.7075700695,2,17,1
60001155,6332915.125,7500142.75,5244667.448420605,4637884.158167932,2,17,1
59999860,6332800.124999999,7499981.125,5244529.530574568,4637744.4071758,2,17,1
60001902,6332975.0,7500235.5,5244684.861986439,4637913.072080126,2,17,1
60001210,6332897.625,7500149.250000001,5244614.970943296,4637837.057921343,2,17,1
60000854,6332845.0,7500104.874999999,5244600.624797006,4637849.328034569,2,17,1
60000438,6332715.625,7500049.75,5244456.484352595,4637761.167045943,2,17,1
60001306,6332765.25,7500161.375,5244456.928267264,4637771.15573138,2,17,1
60000397,6332676.375,7500047.375,5244420.117607337,4637745.250299452,2,17,1
60001404,6332618.75,7500171.875,5244347.527088863,4637766.331609629,2,17,1
60001853,6332614.625,7500230.0,5244364.246550411,4637806.161527975,2,17,1
60000130,6332453.625,7500014.249999999,5244155.912149636,4637595.374051537,2,17,1
60001074,6332548.625,7500132.000000001,5244301.74984125,4637744.2436262965,2,17,1
60001058,6332430.375,7500125.750000001,5244186.44910653,4637706.234700043,2,17,1
60000517,6332341.25,7500063.125,5244144.650091424,4637685.663539226,2,17,1
60002104,6332289.375,7500261.0,5244075.632924914,4637737.43692482,2,17,1
60001910,6332229.875,7500236.875,5244023.796598629,4637711.065609642,2,17,1
60001515,6332168.25,7500187.25,5243993.091575234,4637701.944625153,2,17,1
60001132,6332113.125,7500140.0,5243923.420572409,4637639.624156051,2,17,1
60000831,6332037.874999999,7500095.375,5243881.591768951,4637643.906686792,2,17,1
60000540,6332032.5,7500066.125,5243846.560489052,4637580.893070606,2,17,1
60001660,6331966.125,7500205.375,5243738.782434708,4637571.697999625,2,17,1
60001359,6331924.625,7500161.5,5243714.206159489,4637567.659104963,2,17,1
60000791,6331849.75,7500096.25,5243682.539390171,4637543.854432977,2,17,1
60000365,6331807.375000001,7500043.75,5243641.9222897785,4637506.71157348,2,17,1
60000559,6331706.25,7500063.25,5243497.981318599,4637435.173398445,2,17,1
60001078,6331750.375,7500132.625,5243576.566942669,4637512.428781372,2,17,1
60001117,6331561.5,7500136.875,5243403.150797281,4637461.109845664,2,17,1
60001962,6331645.375,7500242.125,5243461.365009703,4637515.590350057,2,17,1
60000664,6331481.625,7500080.125,5243389.7219503485,4637483.4294759,2,17,1
60001801,6331421.5,7500223.125,5243371.652790516,4637570.643341109,2,17,1
60001581,6331368.125,7500195.75,5243296.406783575,4637511.71956439,2,17,1
60001084,6331300.375,7500133.875,5243200.962990914,4637422.674026888,2,17,1
60001616,6331342.875,7500197.875,5243263.175707266,4637496.97441754,2,17,1
60000647,6331238.875000001,7500078.875,5243171.685233074,4637412.254774313,2,17,1
60000851,6331155.25,7500101.75,5243018.915207393,4637317.047249989,2,17,1
60001515,6331215.625,7500187.25,5243096.675260336,4637391.598290904,2,17,1
60000461,6331079.875000001,7500047.5,5243029.353224593,4637378.615677982,2,17,1
60001009,6330977.75,7500124.5,5242965.832249904,4637393.808703948,2,17,1
60001428,6330995.5,7500176.625,5242985.037722063,4637429.323269641,2,17,1
60000376,6330884.875,7500045.0,5242877.981135755,4637328.98569945,2,17,1
59999846,6330808.25,7499979.0,5242825.972103124,4637298.2039523525,2,17,1
60000926,6330736.125,7500114.124999999,5242740.1481313845,4637314.57858229,2,17,1
60000495,6330704.25,7500059.625,5242689.321871355,4637255.312767855,2,17,1
59999811,6330611.375,7499973.875,5242648.94755545,4637241.725282896,2,17,1
60001216,6330531.249999999,7500149.875000001,5242560.868122365,4637276.310722289,2,17,1
60000906,6330473.5,7500111.375,5242453.254325443,4637184.806702937,2,17,1
60000440,6330427.5,7500052.875,5242451.003303594,4637189.254308428,2,17,1
60000046,6330374.5,7500003.125,5242400.9945651535,4637151.097085501,2,17,1
60000750,6330343.5,7500091.875,5242359.319655036,4637167.291374319,2,17,1
60000256,6330273.374999999,7500030.375,5242353.006943105,4637179.818250834,2,17,1
60001129,6330191.875,7500139.5,5242305.33184796,4637244.663139309,2,17,1
60000856,6330150.124999999,7500105.625,5242147.589017022,4637072.572692909,2,17,1
60001395,6330099.5,7500167.625,5242010.522942373,4637000.82540388,2,17,1
60000034,6329949.0,7500001.75,5242025.986733646,4637034.327770737,2,17,1
60000836,6330019.25,7500101.5,5242053.151646807,4637067.974282517,2,17,1
60000954,6329863.5,7500116.5,5241992.007758528,4637125.069130811,2,17,1
60000895,6329795.875,7500108.25,5241894.443928739,4637063.615077935,2,17,1
60000507,6329743.0,7500057.875,5241862.738156187,4637049.890138385,2,17,1
59999992,6329709.375,7499997.5,5241842.515504256,4637014.150204572,2,17,1
60001106,6329667.375,7500136.75,5241803.245916235,4637064.286097209,2,17,1
60000646,6329602.125,7500078.5,5241701.491820311,4636959.494396763,2,17,1
59999902,6329506.125,7499984.5,5241623.756179008,4636918.472570241,2,17,1
60001156,6329445.5,7500142.624999999,5241635.851277702,4637045.630876069,2,17,1
60000810,6329392.25,7500099.75,5241581.679761469,4637000.994760846,2,17,1
60000513,6329323.75,7500058.874999999,5241433.465757701,4636882.241011747,2,17,1
60001412,6329231.25,7500174.375,5241108.83445813,4636627.424222756,2,17,1
60000805,6329086.625,7500097.875,5241284.175799884,4636895.421697226,2,17,1
60000232,6328992.0,7500025.5,5241220.852235533,4636866.452568649,2,17,1
60000692,6328819.875,7500082.875,5241083.367296591,4636855.892810726,2,17,1
60000443,6328761.000000001,7500053.5,5241034.642874439,4636838.780404568,2,17,1
60000324,6328707.875,7500037.25,5240964.559096416,4636789.321965662,2,17,1
60002294,6328902.0,7500284.249999999,5241127.155113923,4636932.916836262,2,17,1
60001410,6328702.625000001,7500174.375,5240944.436946291,4636829.076798895,2,17,1
60000871,6328645.0,7500106.875,5240927.460652116,4636825.933436377,2,17,1
60000404,6328584.375,7500049.000000001,5240880.029180458,4636790.8971114615,2,17,1
59999941,6328524.124999999,7499990.375,5240816.1685364405,4636737.977152933,2,17,1
60000625,6328463.875,7500076.375,5240774.178481661,4636755.447904831,2,17,1
60000195,6328409.249999999,7500019.874999999,5240719.838864553,4636724.260862047,2,17,1
60000905,6328294.75,7500109.375000001,5240541.038639747,4636656.972571723,2,17,1
60001482,6328360.25,7500182.875,5240618.927942706,4636722.640680297,2,17,1
60000374,6328240.0,7500041.625,5240519.072066621,4636636.847795361,2,17,1
60001265,6328121.0,7500156.125,5240405.643675225,4636649.771723558,2,17,1
60000084,6327981.875,7500005.75,5240345.833232967,4636625.9970299145,2,17,1
60001244,6328048.625,7500152.0,5240355.679645144,4636651.926178538,2,17,1
60001132,6327906.625,7500139.5,5240326.256685032,4636717.094571238,2,17,1
60000861,6327872.625000001,7500105.5,5240228.089820162,4636617.454603763,2,17,1
60000390,6327807.625,7500047.0,5240201.23208895,4636604.6169601,2,17,1
60001363,6327744.125,7500165.5,5240114.191204764,4636604.362214936,2,17,1
60000947,6327696.5,7500114.25,5240075.993959221,4636585.41641364,2,17,1
60000639,6327631.375,7500078.375000001,5240053.31888151,4636584.552865639,2,17,1
60001984,6327569.25,7500239.875,5239986.026368848,4636649.006219484,2,17,1
60001492,6327514.25,7500185.000000001,5239936.597814349,4636591.333410292,2,17,1
60000995,6327459.0,7500122.124999999,5239929.774010226,4636599.83733485,2,17,1
60000252,6327376.374999999,7500029.625,5239846.765071228,4636524.330530235,2,17,1
60001202,6327410.875,7500148.75,5239868.001970126,4636574.987793769,2,17,1
59999483,6327253.875,7499931.999999999,5239747.454044256,4636460.815943034,2,17,1
60000420,6327204.125000001,7500051.0,5239656.330471342,4636446.676862635,2,17,1
60001943,6327334.125,7500241.25,5239795.494986107,4636594.761895531,2,17,1
60001751,6327273.875,7500217.375,5239769.271317405,4636601.174194056,2,17,1
60000539,6327129.249999999,7500065.625,5239612.509449687,4636464.499311084,2,17,1
60001266,6327065.625,7500156.75,5239567.353037679,4636502.45517831,2,17,1
60000779,6326995.625,7500093.625,5239526.083933898,4636486.8665634245,2,17,1
60000856,6326951.375,7500102.5,5239411.934650352,4636395.076235107,2,17,1
60002303,6326874.375000001,7500284.375,5239351.111696724,4636465.462019223,2,17,1
60002006,6326866.0,7500244.25,5239360.988574466,4636466.031669248,2,17,1
60001175,6326756.875,7500144.375,5239270.347257075,4636391.660622944,2,17,1
60000576,6326673.125,7500066.875,5239255.063117669,4636402.90928728,2,17,1
60000141,6326614.875,7500015.875,5239155.426905355,4636307.96315407,2,17,1
60001556,6326555.499999999,7500191.0,5239105.9387649065,4636375.549493437,2,17,1
60000973,6326474.875,7500119.625,5239016.8610966485,4636308.652544483,2,17,1
60000393,6326427.75,7500047.125,5239005.894842176,4636295.301377551,2,17,1
59999916,6326364.125,7499987.875,5238907.91771127,4636203.391111754,2,17,1
60001200,6326310.999999999,7500147.75,5238912.714586683,4636309.734511698,2,17,1
60000790,6326238.125,7500096.0,5238761.410362252,4636185.730538351,2,17,1
60000543,6326146.125000001,7500060.0,5238785.880096958,4636279.829138875,2,17,1
60001929,6326092.375,7500237.125,5238751.772157616,4636357.463381215,2,17,1
60001640,6326047.75,7500203.500000001,5238644.886354998,4636248.094147711,2,17,1
60001189,6325999.625000001,7500145.375000001,5238627.06955245,4636241.137104773,2,17,1
60000919,6325934.25,7500112.625,5238581.747663681,4636217.773638918,2,17,1
60000747,6325876.625,7500092.0,5238527.878408015,4636189.869959198,2,17,1
60001516,6325798.875,7500183.875,5238488.738929835,4636256.771589568,2,17,1
60001051,6325733.124999999,7500129.875,5238331.108734658,4636096.791823436,2,17,1
59999901,6325585.875,7499985.75,5238308.042356628,4636115.157846115,2,17,1
60002028,6325653.875,7500246.125,5238337.933799134,4636233.615143545,2,17,1
60000077,6325461.375,7500008.125,5238211.671313952,4636113.067586542,2,17,1
60001385,6325593.625,7500171.625,5238297.570962588,4636178.443098181,2,17,1
60000998,6325534.75,7500122.875,5238268.442252125,4636173.168793462,2,17,1
60000837,6325347.0,7500103.0,5238106.483286876,4636125.611165365,2,17,1
60001402,6325413.0,7500173.5,5238136.412007396,4636140.728471781,2,17,1
60000454,6325294.125,7500055.25,5238070.807868987,4636102.231186629,2,17,1
60000086,6325265.375,7500009.0,5238041.334474392,4636068.491498065,2,17,1
60001129,6325175.75,7500139.5,5237973.373284549,4636118.630869207,2,17,1
60001649,6325217.625,7500204.625,5237975.912566062,4636119.404633176,2,17,1
60000850,6325118.875,7500102.375,5237900.082544161,4636060.878879826,2,17,1
60000342,6325071.0,7500041.125,5237893.783400537,4636063.005571875,2,17,1
60000109,6325031.375,7500012.5,5237817.078771159,4635992.239819155,2,17,1
60000985,6324924.124999999,7500121.25,5237709.492269837,4636002.438890668,2,17,1
60001689,6324971.75,7500209.625,5237700.036078561,4635987.787950603,2,17,1
60000859,6324894.875,7500102.5,5237707.240193377,4636020.96269518,2,17,1
60000603,6324836.75,7500073.25,5237623.722628114,4635943.721229175,2,17,1
60001445,6324770.375,7500176.124999999,5237577.888505006,4636003.437158545,2,17,1
60000978,6324722.75,7500120.375,5237496.883301705,4635912.302021005,2,17,1
60000445,6324653.125,7500053.374999999,5237445.991161517,4635858.417764686,2,17,1
60001722,6324581.75,7500208.875,5237377.5239756545,4635935.366595225,2,17,1
60001338,6324499.999999999,7500164.625,5237334.787770835,4635908.600710727,2,17,1
60000938,6324435.625,7500114.125,5237286.69452996,4635892.980656892,2,17,1
60001201,6324356.5,7500147.374999999,5237199.63895641,4635874.29763069,2,17,1
60000639,6324303.25,7500077.875000001,5237188.539753824,4635866.744987682,2,17,1
60000188,6324244.625000001,7500021.25,5237149.398194129,4635842.725565185,2,17,1
59999749,6324187.5,7499967.125,5237099.458208141,4635802.736488947,2,17,1
60000674,6324130.374999999,7500082.875,5237065.75756782,4635862.398942939,2,17,1
60000313,6324109.625,7500037.25,5237031.477210864,4635818.055798281,2,17,1
60001462,6324030.750000001,7500181.0,5236993.190913294,4635902.683625704,2,17,1
60001514,6323986.875,7500187.875,5236938.6809260575,4635877.308182298,2,17,1
60001201,6323936.25,7500148.875,5236865.835885177,4635812.954085783,2,17,1
60002139,6323876.25,7500265.625,5236799.113575111,4635833.88234248,2,17,1
60001158,6323740.75,7500142.625,5236711.955847861,4635786.336792403,2,17,1
60001890,6323814.625,7500229.25,5236735.681997379,4635809.3434667215,2,17,1
60001032,6323691.75,7500127.5,5236712.298779011,4635816.445807701,2,17,1
60001761,6323639.75,7500218.375,5236592.059030288,4635763.849535631,2,17,1
60001277,6323568.5,7500155.125,5236537.553997352,4635731.119868101,2,17,1
60000878,6323512.5,7500107.75,5236525.993828379,4635734.8544808095,2,17,1
60000071,6323413.625,7500007.25,5236421.161019612,4635644.275582314,2,17,1
60001548,6323468.625,7500190.625,5236483.350799437,4635759.445974242,2,17,1
60000212,6323334.875,7500022.75,5236408.354638605,4635690.468058137,2,17,1
60000902,6323371.125,7500111.375,5236422.165289236,4635723.650984044,2,17,1
60001095,6323284.5,7500134.749999999,5236335.732583071,4635703.23786582,2,17,1
60000733,6323233.5,7500089.625,5236274.674427641,4635651.260957529,2,17,1
60000367,6323204.999999999,7500044.125,5236246.271376935,4635618.811615166,2,17,1
59999807,6323131.5,7499969.25,5236191.531653189,4635583.950987798,2,17,1
60000431,6323061.25,7500052.125,5236143.659322267,4635617.467770962,2,17,1
60000065,6323061.875,7500006.25,5236097.552503512,4635542.393507543,2,17,1
60001078,6322997.999999999,7500132.875,5236088.4174921485,4635643.68669966,2,17,1
60002662,6322917.875,7500330.75,5235935.361560323,4635624.956750208,2,17,1
60002138,5620306.555555556,6666901.888888889,5331943.849887607,5005297.347073509,2,19,1
60001442,6322789.0,7500178.5,5235901.763148023,4635602.7846638085,2,17,1
60000932,6322721.374999999,7500114.0,5235795.136943029,4635514.385362674,2,17,1
60000512,6322662.625,7500060.375,5235768.638495319,4635506.546303649,2,17,1
60000011,6322563.125,7499999.75,5235687.6166046215,4635457.550787925,2,17,1
60001000,6322522.625,7500123.25,5235601.608420072,4635445.291886261,2,17,1
60000757,6322449.75,7500092.124999999,5235573.018907065,4635460.336057203,2,17,1
60000497,6322399.125,7500059.625,5235566.01294319,4635478.417368094,2,17,1
60001845,6322302.374999999,7500228.375,5235484.462204182,4635539.595318479,2,17,1
60000648,6322167.5,7500078.875,5235355.196019491,4635423.950967729,2,17,1
60000101,6322087.25,7500011.000000001,5235276.502482168,4635364.476937739,2,17,1
60002789,6322361.5,7500347.125,5235509.639293935,4635575.111849151,2,17,1
60002132,6322259.375,7500264.5,5235475.285623372,4635576.210294466,2,17,1
60001981,6322212.875,7500246.25,5235405.885620724,4635523.069510548,2,17,1
60001172,6322125.5,7500144.375,5235273.814188764,4635392.358998964,2,17,1
60000917,6322030.5,7500112.625,5235266.747890912,4635446.359470834,2,17,1
60000952,6321996.625,7500117.25,5235221.8337362595,4635418.683585019,2,17,1
60002040,6321956.625000001,7500253.25,5235191.371018799,4635483.23988482,2,17,1
60001671,6321919.625,7500207.375,5235134.305585399,4635424.183884205,2,17,1
60001166,6321853.5,7500144.249999999,5235087.97547663,4635391.863002239,2,17,1
60000859,6321828.75,7500105.875,5234976.388820264,4635266.276085871,2,17,1
60001231,6321741.249999999,7500151.375,5234977.560339537,4635360.481409338,2,17,1
60000945,6321673.75,7500116.250000001,5234812.338491386,4635206.343150979,2,17,1
59999986,6321520.625,7499996.5,5234798.727080016,4635255.891275691,2,17,1
60001578,6321595.375,7500190.000000001,5234837.454530068,4635344.628581969,2,17,1
60000649,6321492.500000001,7500079.499999999,5234819.606401815,4635335.448579223,2,17,1
60000532,6321357.625,7500061.625,5234707.283588806,4635294.4910244895,2,17,1
60001374,6321422.875,7500169.249999999,5234686.936856504,4635283.571543409,2,17,1
60000473,6321303.875,7500055.5,5234571.461287527,4635194.833168751,2,17,1
60001460,6321249.875,7500180.25,5234542.868395739,4635254.306957917,2,17,1
60001229,6321182.0,7500149.75,5234510.684019717,4635260.922302333,2,17,1
60000822,6321153.125,7500101.0,5234444.795986006,4635179.189453845,2,17,1
60001578,6321082.5,7500195.0,5234442.377617969,4635278.891933349,2,17,1
60001207,6321026.625,7500149.25,5234377.571105086,4635224.725429849,2,17,1
60000753,6320964.75,7500092.375,5234307.14520662,4635166.210583143,2,17,1
60000502,6320693.125,7500059.375,5234090.538242462,4635121.373736304,2,17,1
60001149,6320756.625,7500141.875,5234129.117222789,4635147.0283320015,2,17,1
60001908,6320627.625,7500236.874999999,5234032.154718084,4635182.8145151,2,17,1
60001564,6320607.75,7500194.000000001,5234041.762244813,4635186.020623398,2,17,1
60001170,6320558.125,7500144.5,5233939.000725974,4635085.431826196,2,17,1
60000552,6320516.25,7500065.25,5233930.439348364,4635075.114319315,2,17,1
60001866,6320447.75,7500231.75,5233928.965101068,4635196.79517197,2,17,1
60001505,6320393.375,7500186.499999999,5233849.254478143,4635123.5807764605,2,17,1
60000958,6320323.625000001,7500116.375,5233753.492586365,4635050.067817297,2,17,1
60000362,6320248.75,7500043.5,5233715.0358205065,4635028.2669556,2,17,1
60001811,6320185.0,7500224.749999999,5233653.358757669,4635093.5274279835,2,17,1
60001342,6320154.0,7500166.375,5233634.585207328,4635064.724978127,2,17,1
60000741,6320062.125000001,7500090.75,5233544.790433056,4635001.036970103,2,17,1
60000523,6319993.125,7500063.625,5233534.34346663,4635028.3918999415,2,17,1
60001545,6319970.375,7500191.75,5233476.525558512,4635040.4447835265,2,17,1
60000106,6319746.5,7500011.875,5233231.734325059,4634843.134095369,2,17,1
60001859,6319906.25,7500230.75,5233440.811061188,4635060.627519212,2,17,1
60001331,6319839.749999999,7500164.25,5233412.680971095,4635058.23465971,2,17,1
60000899,6319785.625,7500109.0,5233368.2051203735,4635027.731530355,2,17,1
60002466,6319766.375,7500306.875,5233322.283057565,4635078.360684791,2,17,1
60001015,6319609.5,7500125.125,5233187.055728414,4634959.866921193,2,17,1
60000577,6319554.5,7500070.499999999,5233117.779810618,4634896.995836046,2,17,1
60000083,6319537.625,7500008.375,5233115.439531569,4634879.045510679,2,17,1
60001683,6319688.875,7500201.249999999,5233203.274618859,4634972.931276907,2,17,1
60001680,6319475.25,7500208.625,5233027.444145304,4634920.626875931,2,17,1
60001448,6319411.375,7500179.0,5232933.220313193,4634850.026057493,2,17,1
60001015,6319373.375,7500123.5,5232851.971246571,4634760.807633304,2,17,1
60001947,6319306.875,7500241.000000001,5232841.779103245,4634857.928580274,2,17,1
60001436,6319231.375,7500173.875,5232776.945408841,4634819.020628358,2,17,1
60000883,6319173.25,7500107.75,5232763.215828045,4634808.177541385,2,17,1
60000487,6319126.000000001,7500058.875000001,5232728.550956484,4634781.764630423,2,17,1
60001324,6319073.375,7500163.375,5232717.26909763,4634860.495780674,2,17,1
60000979,6319044.0,7500120.625,5232684.143980329,4634824.37003114,2,17,1
60001506,6318968.0,7500181.625,5232631.764015339,4634867.238058249,2,17,1
60000098,6318839.25,7500010.250000001,5232536.201155113,4634766.139440657,2,17,1
60001343,6318764.625,7500164.250000001,5232434.870517356,4634787.901451301,2,17,1
60000825,6318692.125,7500100.875,5232384.243855389,4634744.801815104,2,17,1
60000241,6318616.0,7500027.750000001,5232366.055215256,4634757.50494567,2,17,1
60000438,6318570.625,7500053.125,5232335.567993976,4634767.442550872,2,17,1
60000988,6318512.625000001,7500121.625,5232270.715880355,4634769.335074276,2,17,1
60000404,6318432.5,7500048.500000001,5232164.141813077,4634678.503485806,2,17,1
59999948,6318372.0,7499989.625,5232103.25653231,4634631.704301307,2,17,1
60001778,6318567.625,7500220.874999999,5232288.287227409,4634793.082152349,2,17,1
60001495,6318340.625,7500185.125,5232104.455831815,4634745.6559264995,2,17,1
60001116,6318289.125,7500137.874999999,5232011.178628852,4634654.484395186,2,17,1
60000442,6318172.000000001,7500053.125,5231963.3010934405,4634655.087355182,2,17,1
60001188,6318238.625,7500143.375,5231931.499990772,4634617.158707161,2,17,1
60001654,6318100.125,7500204.125,5231860.994084048,4634664.0323550785,2,17,1
60000917,6318048.25,7500111.375,5231841.605570636,4634644.010155933,2,17,1
60002459,6318137.375,7500305.875,5231916.458131842,4634745.842895947,2,17,1
60002138,6317986.0,7500265.5,5231778.9883109275,4634686.831225509,2,17,1
60001026,6317843.500000001,7500126.625,5231645.364202219,4634580.940089188,2,17,1
60001866,6317907.75,7500231.375,5231721.953478572,4634675.191565237,2,17,1
60000969,6317817.999999999,7500117.125,5231647.847326991,4634608.505435119,2,17,1
60002260,6317758.75,7500280.75,5231641.812957894,4634708.329161232,2,17,1
60001874,6317705.5,7500232.25,5231553.2049859585,4634622.869745984,2,17,1
60001150,6317608.125,7500141.375,5231467.08918659,4634566.216506473,2,17,1
60000671,6317533.75,7500081.25,5231403.996941022,4634524.799626688,2,17,1
60000202,6317531.0,7500022.625,5231404.757595886,4634482.564572784,2,17,1
60001005,6317458.25,7500121.25,5231305.401380035,4634501.831780713,2,17,1
60002043,6317349.0,7500253.125,5231236.30656996,4634569.136093865,2,17,1
60001641,6317325.5,7500203.25,5231223.428720502,4634531.115654736,2,17,1
60001064,6317249.875,7500128.875,5231138.60475585,4634477.688467769,2,17,1
60000519,6317177.125,7500062.375,5231061.49414581,4634411.468568611,2,17,1
60000539,6317072.0,7500065.625,5231031.237345926,4634460.4209581,2,17,1
60001758,6317100.125,7500217.5,5231041.837320157,4634523.898737789,2,17,1
60001004,6317021.125,7500123.875,5230977.445735315,4634465.915489275,2,17,1
60000569,6316988.999999999,7500069.75,5230939.1108041555,4634419.501147805,2,17,1
60001128,6316901.25,7500139.5,5230912.640612391,4634491.279547211,2,17,1
60000840,6316857.5,7500103.625,5230855.433950414,4634444.092297893,2,17,1
59999987,6316773.375,7499996.749999999,5230780.998606038,4634376.758878271,2,17,1
60002378,6316830.125,7500295.875000001,5230818.297421718,4634516.212589105,2,17,1
60000610,6316648.875,7500074.625,5230662.981554125,4634377.782773863,2,17,1
59999750,6316541.125,7499967.0,5230563.455999839,4634291.300651728,2,17,1
60001596,6316745.125,7500197.875,5230737.88127388,4634443.2596995,2,17,1
60001235,6316685.000000001,7500152.125,5230696.299032144,4634424.398444796,2,17,1
60000499,6316593.625,7500061.0,5230614.269594317,4634355.741761832,2,17,1
60001515,6316502.5,7500187.875,5230529.107446424,4634391.962899631,2,17,1
60001467,6316474.0,7500181.5,5230510.257944193,4634393.6973397685,2,17,1
60001202,6316415.25,7500148.25,5230412.561667381,4634301.338051162,2,17,1
60002242,6316380.75,7500278.750000001,5230393.544519154,4634375.723726913,2,17,1
60000365,6316174.875,7500043.75,5230171.677267158,4634173.087824245,2,17,1
60001699,6316301.25,7500210.625,5230352.728953968,4634363.487595987,2,17,1
60001030,6316249.375,7500127.000000001,5230274.343377709,4634275.16216913,2,17,1
60001568,6316100.125,7500193.75,5230192.952584785,4634326.977762844,2,17,1
60000250,6315959.5,7500029.75,5230042.008692828,4634189.301688199,2,17,1
60001268,6316027.75,7500156.875,5230133.321893587,4634303.8225561045,2,17,1
60000852,6315989.5,7500105.0,5230080.500377325,4634241.022850483,2,17,1
60000233,6315837.375,7500027.25,5229965.765648701,4634182.149744216,2,17,1
60000986,6315873.0,7500121.0,5229999.438982298,4634252.998929817,2,17,1
60001474,6315775.0,7500181.875,5229911.5361873675,4634262.776765822,2,17,1
60001036,6315711.5,7500127.75,5229853.402540567,4634218.380747125,2,17,1
60000542,6315646.249999999,7500065.625,5229809.584646592,4634186.060053016,2,17,1
60001017,6315617.0,7500125.25,5229811.67854413,4634236.700284177,2,17,1
60000639,6315557.250000001,7500077.875,5229705.755477637,4634146.356503842,2,17,1
60001953,6315472.500000001,7500238.75,5229671.6287375605,4634262.796809242,2,17,1
60001114,6315378.0,7500135.75,5229582.424118474,4634181.402925494,2,17,1
60000668,6315347.375,7500081.625,5229554.298883385,4634143.549929678,2,17,1
60001735,6315436.875,7500215.0,5229622.524249731,4634212.727635345,2,17,1
60000597,6315286.874999999,7500073.125,5229492.029594965,4634108.512773225,2,17,1
60001271,6315238.375,7500157.125,5229481.643464318,4634181.932877518,2,17,1
60000083,6315082.000000001,7500008.125,5229339.549288172,4634068.0139549235,2,17,1
60000728,6314972.375,7500089.0,5229280.150290995,4634132.644772205,2,17,1
60001209,6315027.375,7500149.75,5229304.090598834,4634142.5624788385,2,17,1
60000601,6314965.5,7500073.875,5229258.27680736,4634102.268898242,2,17,1
60000408,6314932.999999999,7500049.25,5229194.457397675,4634030.672337628,2,17,1
60001033,6314855.875,7500126.125,5229083.0904097315,4634019.880278844,2,17,1
60000430,6314792.125,7500051.625,5229036.735724562,4633974.9481927175,2,17,1
60001242,6314725.750000001,7500153.125,5228997.064985591,4634034.588230662,2,17,1
60001040,6314700.625,7500122.0,5228963.379651019,4634003.56490821,2,17,1
60000150,6314588.0,7500015.125,5228869.533002904,4633934.154041264,2,17,1
60000770,6314634.874999999,7500091.75,5228926.183306103,4633997.24737466,2,17,1
60002261,6314516.625,7500280.875,5228812.836923637,4634055.673142031,2,17,1
60000773,6314363.250000001,7500095.0,5228751.107648985,4634010.588350811,2,17,1
60001781,6314483.375,7500219.0,5228844.242149473,4634087.419717316,2,17,1
60001341,6314409.875,7500166.25,5228791.326547778,4634055.622966553,2,17,1
60001655,6314287.625,7500205.249999999,5228635.253361708,4633995.786726667,2,17,1
60001216,6314252.500000001,7500147.0,5228577.580095402,4633920.0857981695,2,17,1
60000486,6314169.0,7500057.25,5228492.541506914,4633851.559017239,2,17,1
60001354,6314124.125,7500166.75,5228420.315148611,4633857.951493049,2,17,1
60000795,6314044.375,7500090.875000001,5228394.691556426,4633870.940299403,2,17,1
60001785,6314015.000000001,7500221.125,5228418.452654957,4633968.265454919,2,17,1
60001225,6313937.374999999,7500147.625,5228361.277544945,4633939.797320479,2,17,1
60000740,6313873.875,7500090.5,5228294.53056311,4633876.819043795,2,17,1
60000399,6313821.0,7500048.125000001,5228266.2522723265,4633865.40537254,2,17,1
60001476,6313736.75,7500182.5,5228246.0676635755,4633974.79910661,2,17,1
60001240,6313668.25,7500150.75,5228092.098221376,4633842.6037610285,2,17,1
60002406,6313802.875,7500299.375,5228242.067829804,4633975.572451552,2,17,1
60000937,6313634.0,7500115.25,5228145.546980742,4633871.966205422,2,17,1
60001903,6313578.0,7500234.125,5228049.159879264,4633905.682043432,2,17,1
60002118,6313360.875,7500256.5,5227843.921649192,4633866.02196882,2,17,1
60003942,6313538.875,7500490.625,5228012.181485493,4634020.269671155,2,17,1
60003464,6313486.25,7500431.375,5227777.656071698,4633759.765996351,2,17,1
60001866,6313301.375,7500231.25,5227838.47580467,4633880.110681012,2,17,1
60001433,6313233.375,7500175.0,5227784.813988561,4633845.895479262,2,17,1
60000931,6313208.125,7500114.875000001,5227706.409907871,4633746.2417608695,2,17,1
60000367,6313152.25,7500042.625,5227662.701493817,4633704.810259248,2,17,1
60001346,6313034.875,7500166.125000001,5227598.51304635,4633788.659284953,2,17,1
60001955,6313089.5,7500242.5,5227590.107333234,4633769.40736971,2,17,1
60000907,6312988.625,7500109.875,5227557.675093626,4633751.566624928,2,17,1
60000446,6312926.375,7500050.5,5227520.48233667,4633737.3514697,2,17,1
60000863,6312839.374999999,7500105.875,5227454.008942155,4633750.506560054,2,17,1
60001379,6312865.875,7500170.5,5227483.943075632,4633789.060756835,2,17,1
60000522,6312794.5,7500063.75,5227430.469441477,4633735.201271024,2,17,1
59999752,6312725.375,7499967.5,5227352.886336966,4633650.91895849,2,17,1
60000230,6312754.625,7500027.0,5227404.731429489,4633722.092994326,2,17,1
59999446,6312688.125,7499928.374999999,5227332.650993169,4633643.558662755,2,17,1
60000881,6312614.875000001,7500108.5,5227276.823635951,4633725.415198075,2,17,1
60000066,6312538.124999999,7499989.375,5227138.26475144,4633613.061080396,2,17,1
60000901,6312604.25,7500111.375,5227254.280558765,4633707.103231646,2,17,1
60002226,6312455.75,7500276.125,5227086.43018454,4633718.54286038,2,17,1
60000762,6312309.375,7500093.375,5226941.749174339,4633576.538794193,2,17,1
60000312,6312266.125,7500032.875,5226930.24376421,4633580.252612211,2,17,1
60002078,6312392.000000001,7500257.75,5227048.953024122,4633718.909180084,2,17,1
60001746,6312376.125,7500214.625,5227041.155254429,4633697.965053705,2,17,1
60001100,6312170.25,7500135.749999999,5226830.182763375,4633581.200733025,2,17,1
60000826,6312118.625,7500097.625,5226812.675379763,4633594.839829375,2,17,1
60001608,6312082.375,7500194.625,5226775.980963707,4633630.28065203,2,17,1
60000973,6311992.875000001,7500119.625,5226701.410661752,4633569.104395936,2,17,1
60000650,6311970.75,7500076.875,5226685.434086631,4633553.432257285,2,17,1
60001435,6311888.25,7500172.749999999,5226595.288427114,4633569.283496494,2,17,1
60000960,6311823.5,7500118.25,5226570.7280188715,4633556.134687536,2,17,1
60000197,6311727.75,7500019.375,5226479.498989948,4633489.430554685,2,17,1
60001868,6311668.125,7500231.25,5226425.910400787,4633563.176133453,2,17,1
60001482,6311583.25,7500182.875,5226348.754389373,4633530.352390695,2,17,1
60000965,6311506.749999999,7500119.125,5226332.746426224,4633537.096885872,2,17,1
60002470,6311425.875,7500306.5,5226255.884248751,4633610.683544252,2,17,1
60001983,6311356.0,7500244.25,5226142.691553166,4633510.1452032095,2,17,1
60000997,6311264.375000001,7500122.875,5225254.765037939,4632515.059243133,2,17,1
60001740,6311328.0,7500211.249999999,5226163.61581711,4633546.112799469,2,17,1
60001138,6310821.875,7500136.0,5225681.538994819,4633366.60288274,2,17,1
60000510,6310733.625,7500062.25,5225620.819716856,4633317.774751502,2,17,1
60000120,6310680.5,7500011.375,5225543.443981032,4633252.572120273,2,17,1
60000895,6310542.375,7500099.5,5225466.977989922,4633341.617514913,2,17,1
60001379,6310598.25,7500167.625,5225515.236250346,4633366.3990073735,2,17,1
60000003,6310445.25,7499998.25,5225329.118172004,4633178.879694827,2,17,1
60001656,6310350.375,7500200.375,5225339.121758836,4633382.852311964,2,17,1
60003028,6310474.500000001,7500376.499999999,5225386.174254492,4633415.25957754,2,17,1
60000917,6310180.5,7500112.75,5225218.665910274,4633325.119771815,2,17,1
60001834,6310134.25,7500227.500000001,5225170.643713801,4633365.076131509,2,17,1
60001226,6310070.5,7500151.749999999,5225139.458017283,4633337.442271969,2,17,1
60000879,6310023.875,7500104.375,5225043.278357126,4633256.226179195,2,17,1
60000373,6309971.25,7500044.749999999,5225041.223640489,4633251.681251324,2,17,1
60003322,6310264.125,7500413.5,5225302.065687862,4633505.9620025465,2,17,1
60002994,6310219.5,7500372.75,5225200.042126863,4633402.865235218,2,17,1
60001823,6309903.500000001,7500221.000000001,5224973.933283359,4633335.895804725,2,17,1
60001571,6309852.375,7500194.874999999,5224917.867164802,4633283.630945195,2,17,1
60001209,6309813.25,7500138.125000001,5224828.933784798,4633215.58865335,2,17,1
60000584,6309733.75,7500070.75,5224808.765294334,4633196.1875354545,2,17,1
60001371,6309700.75,7500169.5,5224808.287932233,4633269.719852924,2,17,1
60000760,6309618.0,7500091.5,5224700.952598286,4633180.753804546,2,17,1
60000253,6309552.625,7500029.875,5224654.259218552,4633147.972587797,2,17,1
60000788,6309479.875,7500096.375,5224632.654087406,4633209.474977668,2,17,1
60001264,6309379.625,7500152.125,5224516.129835537,4633197.699847527,2,17,1
60000762,6309309.25,7500093.5,5224502.099355326,4633187.745546903,2,17,1
60002983,6309426.5,7500371.125,5224572.988492196,4633328.854665369,2,17,1
60002674,6309432.750000001,7500328.125,5224535.077132721,4633264.493919577,2,17,1
60001128,6309230.375,7500139.25,5224323.785078517,4633082.68935384,2,17,1
60000869,6309189.875,7500089.750000001,5224278.393110149,4633077.811929953,2,17,1
60001833,6309073.375,7500217.625,5224295.918419082,4633238.107661883,2,17,1
60001783,6309034.0,7500221.25,5224258.293495588,4633205.86152602,2,17,1
60001378,6308987.250000001,7500170.125,5224212.6574505735,4633168.453965738,2,17,1
60000947,6308939.125,7500116.875,5224184.187063181,4633145.810027581,2,17,1
60001641,6308900.25,7500203.25,5224131.230652115,4633162.407758218,2,17,1
60001223,6308901.125,7500151.0,5224116.007949572,4633097.492541926,2,17,1
59999982,6308742.375,7499995.375,5223917.030960469,4632941.66459435,2,17,1
60001778,6308820.625,7500219.125000001,5224000.505593279,4633086.975231076,2,17,1
60000771,6308716.875,7500088.374999999,5223915.706626248,4633018.913758992,2,17,1
60000114,6308630.250000001,7500012.25,5223896.233553915,4633013.76900682,2,17,1
60001603,6308571.25,7500198.375,5223852.462034447,4633100.875673747,2,17,1
60000687,6308480.5,7500084.249999999,5223809.049101705,4633072.692626777,2,17,1
60001384,6308510.125,7500171.25,5223798.336228054,4633081.257905639,2,17,1
60000677,6308431.125,7500083.250000001,5223723.670650836,4633002.07135459,2,17,1
60000815,6308324.0,7500091.625,5223607.181882158,4632993.094034381,2,17,1
60001570,6308412.875,7500190.25,5223689.496061857,4633051.1592285875,2,17,1
60000267,6308281.125,7500031.0,5223626.705764887,4632998.671520022,2,17,1
60000340,6308241.5,7500040.874999999,5223559.406305382,4632957.119752982,2,17,1
60001476,6308218.5,7500182.625,5223538.5341185285,4633023.369580261,2,17,1
60000569,6308191.125,7500069.25,5223509.753951222,4632957.67641236,2,17,1
60001028,6308129.124999999,7500122.374999999,5223505.947689798,4633037.871660603,2,17,1
60000523,6308070.125,7500063.125,5223425.828817204,4632936.803028612,2,17,1
60000078,6308006.625,7500006.25,5223352.415729137,4632898.52587081,2,17,1
60001158,6307952.75,7500142.499999999,5223341.839521371,4632992.804622299,2,17,1
60000888,6307913.875000001,7500109.25,5223271.831144521,4632922.964120252,2,17,1
60000453,6307853.375,7500051.5,5223255.038563568,4632937.848877566,2,17,1
60001409,6307786.25,7500174.625,5223184.517734635,4632965.281488086,2,17,1
60000977,6307741.125000001,7500120.5,5223184.109712482,4632973.16684049,2,17,1
60000602,6307713.5,7500073.750000001,5223136.867815082,4632918.268826518,2,17,1
60000298,6307656.999999999,7500035.5,5223091.479221094,4632894.091048119,2,17,1
59999918,6307616.0,7499985.75,5223111.054166309,4632924.152648481,2,17,1
60001006,6307566.75,7500124.25,5222999.255429715,4632906.819107964,2,17,1
60000664,6307506.25,7500081.374999999,5222973.709563485,4632897.976376494,2,17,1
60000295,6307461.625,7500035.125,5222957.079773897,4632899.027581464,2,17,1
60001011,6307373.875,7500124.875,5222806.4309231145,4632838.530529927,2,17,1
60001663,6307429.749999999,7500206.0,5222919.251127962,4632968.317577435,2,17,1
60000756,6307327.875,7500093.0,5222750.59829759,4632797.304042836,2,17,1
60001253,6307278.375,7500154.125000001,5222723.590597232,4632841.275815875,2,17,1
60000922,6307207.0,7500112.875,5222708.191675383,4632860.227817874,2,17,1
606523,606487.0,0,0.0,0,0,3,1
506700,506692.0,0,0.0,0,0,3,1
626959,626890.0,0,0.0,0,0,3,1
549911,549869.0,0,0.0,0,0,3,1
977639,977586.0,0,0.0,0,0,3,1
860798,860779.0,0,0.0,0,0,3,1
931818,931789.0,0,0.0,0,0,3,1
524967,524951.0,0,0.0,0,0,3,1
967752,967741.0,0,0.0,0,0,3,1
569000,568957.0,0,0.0,0,0,3,1
900922,900892.0,0,0.0,0,0,3,1
758052,757989.0,0,0.0,0,0,3,1
550518,550501.0,0,0.0,0,0,3,1
527857,527841.0,0,0.0,0,0,3,1
754178,754157.0,0,0.0,0,0,3,1
898832,898298.0,0,0.0,0,0,3,1
560823,560750.0,0,0.0,0,0,3,1
595190,595176.0,0,0.0,0,0,3,1
880792,880786.0,0,0.0,0,0,3,1
634508,634499.0,0,0.0,0,0,3,1
931569,931559.0,0,0.0,0,0,3,1
880761,880684.0,0,0.0,0,0,3,1
641369,641335.0,0,0.0,0,0,3,1
825626,825589.0,0,0.0,0,0,3,1
722141,722095.0,0,0.0,0,0,3,1
786658,786629.0,0,0.0,0,0,3,1
825614,825589.0,0,0.0,0,0,3,1
977991,977985.0,0,0.0,0,0,3,1
695869,695857.0,0,0.0,0,0,3,1
903075,903067.0,0,0.0,0,0,3,1
924959,924951.0,0,0.0,0,0,3,1
575694,575669.0,0,0.0,0,0,3,1
769128,769120.0,0,0.0,0,0,3,1
943056,942959.0,0,0.0,0,0,3,1
782815,782677.0,0,0.0,0,0,3,1
535128,535101.0,0,0.0,0,0,3,1
552701,552624.0,0,0.0,0,0,3,1
733240,733200.0,0,0.0,0,0,3,1
582034,582023.0,0,0.0,0,0,3,1
765479,765285.0,0,0.0,0,0,3,1
834493,834467.0,0,0.0,0,0,3,1
644835,644806.0,0,0.0,0,0,3,1
830893,830648.0,0,0.0,0,0,3,1
673897,673859.0,0,0.0,0,0,3,1
711738,711713.0,0,0.0,0,0,3,1
917731,917706.0,0,0.0,0,0,3,1
838435,838356.0,0,0.0,0,0,3,1
575716,575669.0,0,0.0,0,0,3,1
834283,834246.0,0,0.0,0,0,3,1
943078,943070.0,0,0.0,0,0,3,1
803750,803737.0,0,0.0,0,0,3,1
498566,498522.0,0,0.0,0,0,3,1
830527,830503.0,0,0.0,0,0,3,1
856989,856917.0,0,0.0,0,0,3,1
673566,673469.0,0,0.0,0,0,3,1
542021,541948.0,0,0.0,0,0,3,1
746321,746296.0,0,0.0,0,0,3,1
866445,866427.0,0,0.0,0,0,3,1
939300,939190.0,0,0.0,0,0,3,1
864077,863914.0,0,0.0,0,0,3,1
977900,977820.0,0,0.0,0,0,3,1
606512,606487.0,0,0.0,0,0,3,1
776171,776163.0,0,0.0,0,0,3,1
591594,591587.0,0,0.0,0,0,3,1
705664,705654.0,0,0.0,0,0,3,1
527421,527412.0,0,0.0,0,0,3,1
977350,977267.0,0,0.0,0,0,3,1
958301,958205.0,0,0.0,0,0,3,1
736966,736946.0,0,0.0,0,0,3,1
867444,867432.0,0,0.0,0,0,3,1
901974,901931.0,0,0.0,0,0,3,1
950490,950429.0,0,0.0,0,0,3,1
622578,622562.0,0,0.0,0,0,3,1
758074,757990.0,0,0.0,0,0,3,1
803527,803520.0,0,0.0,0,0,3,1
662435,662404.0,0,0.0,0,0,3,1
507104,507090.0,0,0.0,0,0,3,1
833866,833753.0,0,0.0,0,0,3,1
652217,652115.0,0,0.0,0,0,3,1
830822,830648.0,0,0.0,0,0,3,1
744230,744174.0,0,0.0,0,0,3,1
508046,508028.0,0,0.0,0,0,3,1
800161,800109.0,0,0.0,0,0,3,1
789360,789329.0,0,0.0,0,0,3,1
608287,608255.0,0,0.0,0,0,3,1
535182,535101.0,0,0.0,0,0,3,1
873349,873265.0,0,0.0,0,0,3,1
964272,964189.0,0,0.0,0,0,3,1
792838,792709.0,0,0.0,0,0,3,1
739247,739164.0,0,0.0,0,0,3,1
747851,747799.0,0,0.0,0,0,3,1
715457,715412.0,0,0.0,0,0,3,1
719638,719358.0,0,0.0,0,0,3,1
582442,582429.0,0,0.0,0,0,3,1
853391,853362.0,0,0.0,0,0,3,1
779538,779503.0,0,0.0,0,0,3,1
960992,960961.0,0,0.0,0,0,3,1
857189,857165.0,0,0.0,0,0,3,1
765529,765509.0,0,0.0,0,0,3,1
659722,659688.0,0,0.0,0,0,3,1
938936,938855.0,0,0.0,0,0,3,1
977682,977671.0,0,0.0,0,0,3,1
615974,615886.0,0,0.0,0,0,3,1
976487,976375.0,0,0.0,0,0,3,1
687849,687760.0,0,0.0,0,0,3,1
499681,499669.0,0,0.0,0,0,3,1
903384,903293.0,0,0.0,0,0,3,1
842124,842048.0,0,0.0,0,0,3,1
539298,539285.0,0,0.0,0,0,3,1
592299,592287.0,0,0.0,0,0,3,1
768861,768816.0,0,0.0,0,0,3,1
641614,641589.0,0,0.0,0,0,3,1
826288,826248.0,0,0.0,0,0,3,1
677799,677775.0,0,0.0,0,0,3,1
654292,654254.0,0,0.0,0,0,3,1
612297,612267.0,0,0.0,0,0,3,1
792753,792709.0,0,0.0,0,0,3,1
568386,568338.0,0,0.0,0,0,3,1
946877,946845.0,0,0.0,0,0,3,1
857125,857041.0,0,0.0,0,0,3,1
961190,961181.0,0,0.0,0,0,3,1
687046,687040.0,0,0.0,0,0,3,1
568493,568417.0,0,0.0,0,0,3,1
842286,842234.0,0,0.0,0,0,3,1
546960,546867.0,0,0.0,0,0,3,1
918335,918316.0,0,0.0,0,0,3,1
630552,630523.0,0,0.0,0,0,3,1
918348,918317.0,0,0.0,0,0,3,1
669231,669211.0,0,0.0,0,0,3,1
527387,527344.0,0,0.0,0,0,3,1
529632,529618.0,0,0.0,0,0,3,1
860816,860779.0,0,0.0,0,0,3,1
779562,779504.0,0,0.0,0,0,3,1
765919,765889.0,0,0.0,0,0,3,1
654618,654573.0,0,0.0,0,0,3,1
789023,788819.0,0,0.0,0,0,3,1
658892,658799.0,0,0.0,0,0,3,1
549928,549869.0,0,0.0,0,0,3,1
807947,807917.0,0,0.0,0,0,3,1
789139,789103.0,0,0.0,0,0,3,1
750716,750678.0,0,0.0,0,0,3,1
813832,813817.0,0,0.0,0,0,3,1
512510,512502.0,0,0.0,0,0,3,1
867393,867368.0,0,0.0,0,0,3,1
550022,549941.0,0,0.0,0,0,3,1
568426,568417.0,0,0.0,0,0,3,1
978004,977986.0,0,0.0,0,0,3,1
673929,673859.0,0,0.0,0,0,3,1
611926,611917.0,0,0.0,0,0,3,1
954619,954606.0,0,0.0,0,0,3,1
546974,546868.0,0,0.0,0,0,3,1
637828,637818.0,0,0.0,0,0,3,1
873305,873265.0,0,0.0,0,0,3,1
837583,837519.0,0,0.0,0,0,3,1
823995,823946.0,0,0.0,0,0,3,1
695821,695776.0,0,0.0,0,0,3,1
924755,924658.0,0,0.0,0,0,3,1
538890,538869.0,0,0.0,0,0,3,1
888211,888159.0,0,0.0,0,0,3,1
812074,811966.0,0,0.0,0,0,3,1
786700,786629.0,0,0.0,0,0,3,1
606189,606177.0,0,0.0,0,0,3,1
814221,814180.0,0,0.0,0,0,3,1
803826,803820.0,0,0.0,0,0,3,1
673599,673591.0,0,0.0,0,0,3,1
977477,977468.0,0,0.0,0,0,3,1
928519,928478.0,0,0.0,0,0,3,1
568307,568190.0,0,0.0,0,0,3,1
825423,825301.0,0,0.0,0,0,3,1
637935,637928.0,0,0.0,0,0,3,1
818711,818685.0,0,0.0,0,0,3,1
695204,695184.0,0,0.0,0,0,3,1
860012,859973.0,0,0.0,0,0,3,1
626735,626623.0,0,0.0,0,0,3,1
665156,665148.0,0,0.0,0,0,3,1
880773,880685.0,0,0.0,0,0,3,1
960830,960821.0,0,0.0,0,0,3,1
669194,669104.0,0,0.0,0,0,3,1
626649,626623.0,0,0.0,0,0,3,1
634161,634120.0,0,0.0,0,0,3,1
602072,602034.0,0,0.0,0,0,3,1
715447,715412.0,0,0.0,0,0,3,1
612572,612531.0,0,0.0,0,0,3,1
817377,817345.0,0,0.0,0,0,3,1
931400,931354.0,0,0.0,0,0,3,1
890484,890206.0,0,0.0,0,0,3,1
776095,776063.0,0,0.0,0,0,3,1
687560,687499.0,0,0.0,0,0,3,1
662159,662127.0,0,0.0,0,0,3,1
868239,868214.0,0,0.0,0,0,3,1
977369,977268.0,0,0.0,0,0,3,1
737272,737262.0,0,0.0,0,0,3,1
705556,705445.0,0,0.0,0,0,3,1
708886,708872.0,0,0.0,0,0,3,1
864157,863915.0,0,0.0,0,0,3,1
842243,842234.0,0,0.0,0,0,3,1
552932,552923.0,0,0.0,0,0,3,1
842316,842296.0,0,0.0,0,0,3,1
964310,964189.0,0,0.0,0,0,3,1
701507,701497.0,0,0.0,0,0,3,1
737155,737145.0,0,0.0,0,0,3,1
687134,687120.0,0,0.0,0,0,3,1
507009,506991.0,0,0.0,0,0,3,1
622220,622213.0,0,0.0,0,0,3,1
715490,715413.0,0,0.0,0,0,3,1
978366,978358.0,0,0.0,0,0,3,1
584003,583990.0,0,0.0,0,0,3,1
873316,873265.0,0,0.0,0,0,3,1
520596,520513.0,0,0.0,0,0,3,1
778994,778919.0,0,0.0,0,0,3,1
696033,696014.0,0,0.0,0,0,3,1
746227,746216.0,0,0.0,0,0,3,1
971727,971578.0,0,0.0,0,0,3,1
778968,778919.0,0,0.0,0,0,3,1
888172,888158.0,0,0.0,0,0,3,1
575546,575510.0,0,0.0,0,0,3,1
512916,512897.0,0,0.0,0,0,3,1
873858,873704.0,0,0.0,0,0,3,1
831642,831617.0,0,0.0,0,0,3,1
925173,925153.0,0,0.0,0,0,3,1
729488,729416.0,0,0.0,0,0,3,1
585749,585738.0,0,0.0,0,0,3,1
744072,744065.0,0,0.0,0,0,3,1
918331,918317.0,0,0.0,0,0,3,1
644817,644805.0,0,0.0,0,0,3,1
769548,769379.0,0,0.0,0,0,3,1
575676,575669.0,0,0.0,0,0,3,1
938915,938855.0,0,0.0,0,0,3,1
883764,883677.0,0,0.0,0,0,3,1
641761,641750.0,0,0.0,0,0,3,1
527882,527841.0,0,0.0,0,0,3,1
849698,849675.0,0,0.0,0,0,3,1
615985,615886.0,0,0.0,0,0,3,1
788998,788818.0,0,0.0,0,0,3,1
853342,853254.0,0,0.0,0,0,3,1
977175,977168.0,0,0.0,0,0,3,1
561081,561045.0,0,0.0,0,0,3,1
684505,684419.0,0,0.0,0,0,3,1
842327,842234.0,0,0.0,0,0,3,1
960749,960733.0,0,0.0,0,0,3,1
971715,971578.0,0,0.0,0,0,3,1
706125,706096.0,0,0.0,0,0,3,1
880752,880685.0,0,0.0,0,0,3,1
931349,931331.0,0,0.0,0,0,3,1
658978,658957.0,0,0.0,0,0,3,1
903780,903772.0,0,0.0,0,0,3,1
779528,779503.0,0,0.0,0,0,3,1
529144,529130.0,0,0.0,0,0,3,1
866720,866690.0,0,0.0,0,0,3,1
928565,928479.0,0,0.0,0,0,3,1
943045,942958.0,0,0.0,0,0,3,1
681087,680983.0,0,0.0,0,0,3,1
803765,803738.0,0,0.0,0,0,3,1
931432,931422.0,0,0.0,0,0,3,1
765517,765509.0,0,0.0,0,0,3,1
659358,659338.0,0,0.0,0,0,3,1
903965,903952.0,0,0.0,0,0,3,1
964538,964496.0,0,0.0,0,0,3,1
575239,575206.0,0,0.0,0,0,3,1
695848,695776.0,0,0.0,0,0,3,1
685062,684979.0,0,0.0,0,0,3,1
546997,546988.0,0,0.0,0,0,3,1
849291,849186.0,0,0.0,0,0,3,1
729499,729416.0,0,0.0,0,0,3,1
978236,978221.0,0,0.0,0,0,3,1
904162,904150.0,0,0.0,0,0,3,1
833252,833180.0,0,0.0,0,0,3,1
817589,817566.0,0,0.0,0,0,3,1
775457,775386.0,0,0.0,0,0,3,1
560989,560897.0,0,0.0,0,0,3,1
589219,589202.0,0,0.0,0,0,3,1
653726,653667.0,0,0.0,0,0,3,1
583903,583871.0,0,0.0,0,0,3,1
619078,619066.0,0,0.0,0,0,3,1
513234,513228.0,0,0.0,0,0,3,1
608017,607960.0,0,0.0,0,0,3,1
814743,814696.0,0,0.0,0,0,3,1
761797,761777.0,0,0.0,0,0,3,1
842090,842046.0,0,0.0,0,0,3,1
644657,644629.0,0,0.0,0,0,3,1
681127,681113.0,0,0.0,0,0,3,1
834004,833984.0,0,0.0,0,0,3,1
622146,622066.0,0,0.0,0,0,3,1
957991,957983.0,0,0.0,0,0,3,1
978339,978215.0,0,0.0,0,0,3,1
754140,754007.0,0,0.0,0,0,3,1
560836,560751.0,0,0.0,0,0,3,1
606082,606038.0,0,0.0,0,0,3,1
739444,739381.0,0,0.0,0,0,3,1
681077,680983.0,0,0.0,0,0,3,1
849105,849012.0,0,0.0,0,0,3,1
961082,961074.0,0,0.0,0,0,3,1
637946,637928.0,0,0.0,0,0,3,1
568245,568233.0,0,0.0,0,0,3,1
832003,831953.0,0,0.0,0,0,3,1
542067,542053.0,0,0.0,0,0,3,1
817801,817790.0,0,0.0,0,0,3,1
978390,978358.0,0,0.0,0,0,3,1
968054,968045.0,0,0.0,0,0,3,1
705959,705947.0,0,0.0,0,0,3,1
903365,903292.0,0,0.0,0,0,3,1
653739,653667.0,0,0.0,0,0,3,1
665033,664963.0,0,0.0,0,0,3,1
821854,821775.0,0,0.0,0,0,3,1
608074,608068.0,0,0.0,0,0,3,1
931385,931354.0,0,0.0,0,0,3,1
918245,918233.0,0,0.0,0,0,3,1
703108,703079.0,0,0.0,0,0,3,1
917997,917985.0,0,0.0,0,0,3,1
911666,911620.0,0,0.0,0,0,3,1
971702,971578.0,0,0.0,0,0,3,1
507526,507513.0,0,0.0,0,0,3,1
958146,958114.0,0,0.0,0,0,3,1
977522,977468.0,0,0.0,0,0,3,1
853331,853254.0,0,0.0,0,0,3,1
803425,803417.0,0,0.0,0,0,3,1
903722,903712.0,0,0.0,0,0,3,1
574968,574955.0,0,0.0,0,0,3,1
881352,881289.0,0,0.0,0,0,3,1
687316,687302.0,0,0.0,0,0,3,1
677863,677776.0,0,0.0,0,0,3,1
884110,883677.0,0,0.0,0,0,3,1
783061,782997.0,0,0.0,0,0,3,1
884312,884300.0,0,0.0,0,0,3,1
776354,776347.0,0,0.0,0,0,3,1
513666,513659.0,0,0.0,0,0,3,1
535151,535101.0,0,0.0,0,0,3,1
754227,754158.0,0,0.0,0,0,3,1
622820,622806.0,0,0.0,0,0,3,1
796029,795923.0,0,0.0,0,0,3,1
606050,606021.0,0,0.0,0,0,3,1
903331,903292.0,0,0.0,0,0,3,1
630625,630621.0,0,0.0,0,0,3,1
619732,619718.0,0,0.0,0,0,3,1
812049,811966.0,0,0.0,0,0,3,1
796048,795923.0,0,0.0,0,0,3,1
888119,887863.0,0,0.0,0,0,3,1
813868,813819.0,0,0.0,0,0,3,1
910547,910538.0,0,0.0,0,0,3,1
776285,776277.0,0,0.0,0,0,3,1
761785,761777.0,0,0.0,0,0,3,1
842103,842046.0,0,0.0,0,0,3,1
830912,830798.0,0,0.0,0,0,3,1
590650,590631.0,0,0.0,0,0,3,1
653409,653318.0,0,0.0,0,0,3,1
529649,529618.0,0,0.0,0,0,3,1
964548,964496.0,0,0.0,0,0,3,1
890519,890206.0,0,0.0,0,0,3,1
761694,761641.0,0,0.0,0,0,3,1
918263,918233.0,0,0.0,0,0,3,1
768879,768874.0,0,0.0,0,0,3,1
768872,768816.0,0,0.0,0,0,3,1
513163,513152.0,0,0.0,0,0,3,1
977912,977820.0,0,0.0,0,0,3,1
890451,890206.0,0,0.0,0,0,3,1
659413,659339.0,0,0.0,0,0,3,1
833268,833180.0,0,0.0,0,0,3,1
895634,895459.0,0,0.0,0,0,3,1
884267,883809.0,0,0.0,0,0,3,1
873728,873704.0,0,0.0,0,0,3,1
658967,658957.0,0,0.0,0,0,3,1
506998,506991.0,0,0.0,0,0,3,1
569033,568957.0,0,0.0,0,0,3,1
918368,918317.0,0,0.0,0,0,3,1
769411,769379.0,0,0.0,0,0,3,1
964509,964496.0,0,0.0,0,0,3,1
550535,550501.0,0,0.0,0,0,3,1
630742,630701.0,0,0.0,0,0,3,1
950501,950429.0,0,0.0,0,0,3,1
873232,873208.0,0,0.0,0,0,3,1
747874,747799.0,0,0.0,0,0,3,1
662770,662721.0,0,0.0,0,0,3,1
796468,796444.0,0,0.0,0,0,3,1
619489,619453.0,0,0.0,0,0,3,1
630573,630523.0,0,0.0,0,0,3,1
912012,912002.0,0,0.0,0,0,3,1
750763,750679.0,0,0.0,0,0,3,1
954420,954415.0,0,0.0,0,0,3,1
640888,640876.0,0,0.0,0,0,3,1
954644,954606.0,0,0.0,0,0,3,1
834790,834777.0,0,0.0,0,0,3,1
890581,890567.0,0,0.0,0,0,3,1
814722,814696.0,0,0.0,0,0,3,1
589240,589202.0,0,0.0,0,0,3,1
779216,779153.0,0,0.0,0,0,3,1
583056,583007.0,0,0.0,0,0,3,1
976980,976855.0,0,0.0,0,0,3,1
708384,708372.0,0,0.0,0,0,3,1
818738,818685.0,0,0.0,0,0,3,1
761808,761777.0,0,0.0,0,0,3,1
939275,939190.0,0,0.0,0,0,3,1
729554,729537.0,0,0.0,0,0,3,1
695951,695925.0,0,0.0,0,0,3,1
549565,549559.0,0,0.0,0,0,3,1
595277,595269.0,0,0.0,0,0,3,1
665127,665045.0,0,0.0,0,0,3,1
946663,946414.0,0,0.0,0,0,3,1
506810,506799.0,0,0.0,0,0,3,1
903320,903292.0,0,0.0,0,0,3,1
712203,712194.0,0,0.0,0,0,3,1
598775,598734.0,0,0.0,0,0,3,1
592323,592288.0,0,0.0,0,0,3,1
606041,606021.0,0,0.0,0,0,3,1
825406,825301.0,0,0.0,0,0,3,1
931830,931789.0,0,0.0,0,0,3,1
943120,943071.0,0,0.0,0,0,3,1
867047,867018.0,0,0.0,0,0,3,1
513461,513449.0,0,0.0,0,0,3,1
853438,853362.0,0,0.0,0,0,3,1
976901,976855.0,0,0.0,0,0,3,1
568469,568417.0,0,0.0,0,0,3,1
792783,792709.0,0,0.0,0,0,3,1
977925,977910.0,0,0.0,0,0,3,1
946887,946845.0,0,0.0,0,0,3,1
918471,918458.0,0,0.0,0,0,3,1
598829,598734.0,0,0.0,0,0,3,1
864033,863914.0,0,0.0,0,0,3,1
595540,595533.0,0,0.0,0,0,3,1
669250,669212.0,0,0.0,0,0,3,1
637966,637928.0,0,0.0,0,0,3,1
561056,561045.0,0,0.0,0,0,3,1
606533,606487.0,0,0.0,0,0,3,1
931023,930991.0,0,0.0,0,0,3,1
612280,612265.0,0,0.0,0,0,3,1
954430,954415.0,0,0.0,0,0,3,1
861082,861021.0,0,0.0,0,0,3,1
950458,950429.0,0,0.0,0,0,3,1
715479,715413.0,0,0.0,0,0,3,1
561031,560898.0,0,0.0,0,0,3,1
684733,684720.0,0,0.0,0,0,3,1
687198,687121.0,0,0.0,0,0,3,1
696022,696014.0,0,0.0,0,0,3,1
832380,832366.0,0,0.0,0,0,3,1
744327,744303.0,0,0.0,0,0,3,1
550032,549941.0,0,0.0,0,0,3,1
708607,708578.0,0,0.0,0,0,3,1
931240,931196.0,0,0.0,0,0,3,1
853309,853254.0,0,0.0,0,0,3,1
595468,595459.0,0,0.0,0,0,3,1
828657,828620.0,0,0.0,0,0,3,1
900618,900608.0,0,0.0,0,0,3,1
832696,832681.0,0,0.0,0,0,3,1
924839,924834.0,0,0.0,0,0,3,1
782889,782848.0,0,0.0,0,0,3,1
513000,512990.0,0,0.0,0,0,3,1
746313,746296.0,0,0.0,0,0,3,1
560997,560898.0,0,0.0,0,0,3,1
895668,895458.0,0,0.0,0,0,3,1
719982,719962.0,0,0.0,0,0,3,1
524681,524670.0,0,0.0,0,0,3,1
946408,946182.0,0,0.0,0,0,3,1
725788,725757.0,0,0.0,0,0,3,1
527566,527530.0,0,0.0,0,0,3,1
673577,673469.0,0,0.0,0,0,3,1
826423,826412.0,0,0.0,0,0,3,1
685052,684979.0,0,0.0,0,0,3,1
575741,575661.0,0,0.0,0,0,3,1
830571,830503.0,0,0.0,0,0,3,1
900700,900692.0,0,0.0,0,0,3,1
754118,754007.0,0,0.0,0,0,3,1
748052,748040.0,0,0.0,0,0,3,1
513160,513148.0,0,0.0,0,0,3,1
696236,696187.0,0,0.0,0,0,3,1
557134,557099.0,0,0.0,0,0,3,1
506712,506692.0,0,0.0,0,0,3,1
950552,950547.0,0,0.0,0,0,3,1
612593,612531.0,0,0.0,0,0,3,1
673886,673859.0,0,0.0,0,0,3,1
634474,634390.0,0,0.0,0,0,3,1
928154,928141.0,0,0.0,0,0,3,1
765550,765509.0,0,0.0,0,0,3,1
630583,630523.0,0,0.0,0,0,3,1
653683,653666.0,0,0.0,0,0,3,1
831662,831618.0,0,0.0,0,0,3,1
747886,747799.0,0,0.0,0,0,3,1
782901,782849.0,0,0.0,0,0,3,1
904208,904152.0,0,0.0,0,0,3,1
757803,757750.0,0,0.0,0,0,3,1
837117,837080.0,0,0.0,0,0,3,1
950562,950547.0,0,0.0,0,0,3,1
888016,887862.0,0,0.0,0,0,3,1
527552,527529.0,0,0.0,0,0,3,1
867068,867044.0,0,0.0,0,0,3,1
729466,729415.0,0,0.0,0,0,3,1
520565,520513.0,0,0.0,0,0,3,1
925241,925233.0,0,0.0,0,0,3,1
634453,634390.0,0,0.0,0,0,3,1
887983,887862.0,0,0.0,0,0,3,1
626393,626369.0,0,0.0,0,0,3,1
786718,786629.0,0,0.0,0,0,3,1
681098,680983.0,0,0.0,0,0,3,1
873367,873265.0,0,0.0,0,0,3,1
644053,644016.0,0,0.0,0,0,3,1
513724,513718.0,0,0.0,0,0,3,1
775492,775386.0,0,0.0,0,0,3,1
673609,673592.0,0,0.0,0,0,3,1
712109,712025.0,0,0.0,0,0,3,1
513176,513152.0,0,0.0,0,0,3,1
598754,598734.0,0,0.0,0,0,3,1
542032,541948.0,0,0.0,0,0,3,1
782857,782848.0,0,0.0,0,0,3,1
828386,828325.0,0,0.0,0,0,3,1
744569,744497.0,0,0.0,0,0,3,1
638296,638268.0,0,0.0,0,0,3,1
857149,857041.0,0,0.0,0,0,3,1
750726,750678.0,0,0.0,0,0,3,1
542010,541948.0,0,0.0,0,0,3,1
828639,828619.0,0,0.0,0,0,3,1
881342,881289.0,0,0.0,0,0,3,1
888050,887862.0,0,0.0,0,0,3,1
561089,561045.0,0,0.0,0,0,3,1
568338,568190.0,0,0.0,0,0,3,1
860828,860779.0,0,0.0,0,0,3,1
648427,648405.0,0,0.0,0,0,3,1
681118,681113.0,0,0.0,0,0,3,1
747862,747799.0,0,0.0,0,0,3,1
677818,677775.0,0,0.0,0,0,3,1
567973,567924.0,0,0.0,0,0,3,1
910888,910811.0,0,0.0,0,0,3,1
589392,589354.0,0,0.0,0,0,3,1
592130,592032.0,0,0.0,0,0,3,1
648511,648501.0,0,0.0,0,0,3,1
677841,677775.0,0,0.0,0,0,3,1
814201,814179.0,0,0.0,0,0,3,1
615998,615886.0,0,0.0,0,0,3,1
864112,863914.0,0,0.0,0,0,3,1
891873,891823.0,0,0.0,0,0,3,1
524579,524495.0,0,0.0,0,0,3,1
506882,506874.0,0,0.0,0,0,3,1
687163,687121.0,0,0.0,0,0,3,1
817577,817566.0,0,0.0,0,0,3,1
902055,901932.0,0,0.0,0,0,3,1
958259,958205.0,0,0.0,0,0,3,1
818538,818533.0,0,0.0,0,0,3,1
594915,594904.0,0,0.0,0,0,3,1
775864,775850.0,0,0.0,0,0,3,1
524694,524670.0,0,0.0,0,0,3,1
719723,719358.0,0,0.0,0,0,3,1
976884,976855.0,0,0.0,0,0,3,1
849708,849675.0,0,0.0,0,0,3,1
648161,648155.0,0,0.0,0,0,3,1
722194,722096.0,0,0.0,0,0,3,1
652184,652115.0,0,0.0,0,0,3,1
931338,931331.0,0,0.0,0,0,3,1
768986,768975.0,0,0.0,0,0,3,1
842303,842296.0,0,0.0,0,0,3,1
866703,866689.0,0,0.0,0,0,3,1
732672,732653.0,0,0.0,0,0,3,1
903981,903952.0,0,0.0,0,0,3,1
833532,833520.0,0,0.0,0,0,3,1
960975,960960.0,0,0.0,0,0,3,1
903617,903593.0,0,0.0,0,0,3,1
729543,729537.0,0,0.0,0,0,3,1
574785,574774.0,0,0.0,0,0,3,1
824006,823946.0,0,0.0,0,0,3,1
687528,687499.0,0,0.0,0,0,3,1
665215,665148.0,0,0.0,0,0,3,1
911152,911120.0,0,0.0,0,0,3,1
762067,762052.0,0,0.0,0,0,3,1
722173,722096.0,0,0.0,0,0,3,1
931203,931185.0,0,0.0,0,0,3,1
826255,826248.0,0,0.0,0,0,3,1
842337,842234.0,0,0.0,0,0,3,1
911116,911092.0,0,0.0,0,0,3,1
499385,499330.0,0,0.0,0,0,3,1
786670,786629.0,0,0.0,0,0,3,1
520650,520644.0,0,0.0,0,0,3,1
711627,711557.0,0,0.0,0,0,3,1
725212,725185.0,0,0.0,0,0,3,1
582338,582328.0,0,0.0,0,0,3,1
541999,541948.0,0,0.0,0,0,3,1
912341,912327.0,0,0.0,0,0,3,1
857198,857165.0,0,0.0,0,0,3,1
615957,615886.0,0,0.0,0,0,3,1
695605,695580.0,0,0.0,0,0,3,1
499693,499669.0,0,0.0,0,0,3,1
739393,739381.0,0,0.0,0,0,3,1
803587,803581.0,0,0.0,0,0,3,1
557124,557099.0,0,0.0,0,0,3,1
838423,838356.0,0,0.0,0,0,3,1
654631,654573.0,0,0.0,0,0,3,1
750693,750678.0,0,0.0,0,0,3,1
719656,719358.0,0,0.0,0,0,3,1
708948,708873.0,0,0.0,0,0,3,1
958248,958205.0,0,0.0,0,0,3,1
592115,592032.0,0,0.0,0,0,3,1
895600,895458.0,0,0.0,0,0,3,1
792492,792436.0,0,0.0,0,0,3,1
637861,637818.0,0,0.0,0,0,3,1
654265,654253.0,0,0.0,0,0,3,1
813578,813519.0,0,0.0,0,0,3,1
687058,687040.0,0,0.0,0,0,3,1
884086,883677.0,0,0.0,0,0,3,1
911197,911120.0,0,0.0,0,0,3,1
591163,591144.0,0,0.0,0,0,3,1
898872,898298.0,0,0.0,0,0,3,1
938790,938720.0,0,0.0,0,0,3,1
977891,977820.0,0,0.0,0,0,3,1
616114,616103.0,0,0.0,0,0,3,1
743964,743937.0,0,0.0,0,0,3,1
546948,546867.0,0,0.0,0,0,3,1
513597,513576.0,0,0.0,0,0,3,1
524558,524495.0,0,0.0,0,0,3,1
626272,626191.0,0,0.0,0,0,3,1
648414,648405.0,0,0.0,0,0,3,1
775432,775386.0,0,0.0,0,0,3,1
910791,910776.0,0,0.0,0,0,3,1
884346,884301.0,0,0.0,0,0,3,1
658779,658719.0,0,0.0,0,0,3,1
832044,831953.0,0,0.0,0,0,3,1
507245,507219.0,0,0.0,0,0,3,1
904177,904151.0,0,0.0,0,0,3,1
733222,733200.0,0,0.0,0,0,3,1
708591,708578.0,0,0.0,0,0,3,1
976968,976855.0,0,0.0,0,0,3,1
830635,830503.0,0,0.0,0,0,3,1
652272,652266.0,0,0.0,0,0,3,1
765902,765888.0,0,0.0,0,0,3,1
918323,918316.0,0,0.0,0,0,3,1
911035,911020.0,0,0.0,0,0,3,1
513477,513449.0,0,0.0,0,0,3,1
898513,898297.0,0,0.0,0,0,3,1
612000,611993.0,0,0.0,0,0,3,1
702922,702893.0,0,0.0,0,0,3,1
684517,684419.0,0,0.0,0,0,3,1
903703,903693.0,0,0.0,0,0,3,1
626916,626890.0,0,0.0,0,0,3,1
792821,792709.0,0,0.0,0,0,3,1
739259,739164.0,0,0.0,0,0,3,1
960740,960732.0,0,0.0,0,0,3,1
928532,928478.0,0,0.0,0,0,3,1
612671,612662.0,0,0.0,0,0,3,1
588992,588876.0,0,0.0,0,0,3,1
903553,903543.0,0,0.0,0,0,3,1
978402,978359.0,0,0.0,0,0,3,1
769441,769379.0,0,0.0,0,0,3,1
830859,830648.0,0,0.0,0,0,3,1
782867,782848.0,0,0.0,0,0,3,1
520555,520513.0,0,0.0,0,0,3,1
903452,903444.0,0,0.0,0,0,3,1
873402,873265.0,0,0.0,0,0,3,1
696225,696187.0,0,0.0,0,0,3,1
924733,924658.0,0,0.0,0,0,3,1
715466,715412.0,0,0.0,0,0,3,1
739407,739381.0,0,0.0,0,0,3,1
583886,583870.0,0,0.0,0,0,3,1
946899,946845.0,0,0.0,0,0,3,1
665450,665435.0,0,0.0,0,0,3,1
768850,768816.0,0,0.0,0,0,3,1
550547,550501.0,0,0.0,0,0,3,1
560870,560862.0,0,0.0,0,0,3,1
828360,828325.0,0,0.0,0,0,3,1
939205,939188.0,0,0.0,0,0,3,1
918488,918459.0,0,0.0,0,0,3,1
634463,634390.0,0,0.0,0,0,3,1
971753,971746.0,0,0.0,0,0,3,1
964526,964496.0,0,0.0,0,0,3,1
931252,931196.0,0,0.0,0,0,3,1
967768,967742.0,0,0.0,0,0,3,1
673907,673859.0,0,0.0,0,0,3,1
702944,702893.0,0,0.0,0,0,3,1
825663,825589.0,0,0.0,0,0,3,1
641660,641589.0,0,0.0,0,0,3,1
512904,512897.0,0,0.0,0,0,3,1
552691,552624.0,0,0.0,0,0,3,1
898470,898298.0,0,0.0,0,0,3,1
782827,782677.0,0,0.0,0,0,3,1
725810,725757.0,0,0.0,0,0,3,1
977186,977169.0,0,0.0,0,0,3,1
789113,789102.0,0,0.0,0,0,3,1
669272,669212.0,0,0.0,0,0,3,1
958290,958205.0,0,0.0,0,0,3,1
900905,900892.0,0,0.0,0,0,3,1
967879,967868.0,0,0.0,0,0,3,1
833115,833090.0,0,0.0,0,0,3,1
958270,958205.0,0,0.0,0,0,3,1
637956,637928.0,0,0.0,0,0,3,1
822101,822086.0,0,0.0,0,0,3,1
706108,706095.0,0,0.0,0,0,3,1
719370,719357.0,0,0.0,0,0,3,1
568972,568956.0,0,0.0,0,0,3,1
736065,736057.0,0,0.0,0,0,3,1
622586,622562.0,0,0.0,0,0,3,1
641671,641589.0,0,0.0,0,0,3,1
863955,863914.0,0,0.0,0,0,3,1
712093,712025.0,0,0.0,0,0,3,1
575566,575510.0,0,0.0,0,0,3,1
739527,739518.0,0,0.0,0,0,3,1
608268,608254.0,0,0.0,0,0,3,1
592070,592032.0,0,0.0,0,0,3,1
765541,765509.0,0,0.0,0,0,3,1
622837,622806.0,0,0.0,0,0,3,1
888084,887862.0,0,0.0,0,0,3,1
769139,769120.0,0,0.0,0,0,3,1
943088,943070.0,0,0.0,0,0,3,1
712037,712024.0,0,0.0,0,0,3,1
967893,967868.0,0,0.0,0,0,3,1
638280,638267.0,0,0.0,0,0,3,1
768934,768919.0,0,0.0,0,0,3,1
782878,782848.0,0,0.0,0,0,3,1
568410,568338.0,0,0.0,0,0,3,1
939291,939190.0,0,0.0,0,0,3,1
606061,606038.0,0,0.0,0,0,3,1
725799,725757.0,0,0.0,0,0,3,1
527894,527841.0,0,0.0,0,0,3,1
602099,602034.0,0,0.0,0,0,3,1
687176,687121.0,0,0.0,0,0,3,1
585647,585616.0,0,0.0,0,0,3,1
606330,606321.0,0,0.0,0,0,3,1
513584,513575.0,0,0.0,0,0,3,1
634441,634390.0,0,0.0,0,0,3,1
826858,826839.0,0,0.0,0,0,3,1
928170,928142.0,0,0.0,0,0,3,1
520661,520645.0,0,0.0,0,0,3,1
754203,754157.0,0,0.0,0,0,3,1
695833,695776.0,0,0.0,0,0,3,1
750705,750678.0,0,0.0,0,0,3,1
560815,560749.0,0,0.0,0,0,3,1
918017,917985.0,0,0.0,0,0,3,1
978379,978358.0,0,0.0,0,0,3,1
842279,842153.0,0,0.0,0,0,3,1
695859,695776.0,0,0.0,0,0,3,1
715848,715827.0,0,0.0,0,0,3,1
701834,701813.0,0,0.0,0,0,3,1
542058,542052.0,0,0.0,0,0,3,1
834479,834467.0,0,0.0,0,0,3,1
754106,754007.0,0,0.0,0,0,3,1
722162,722096.0,0,0.0,0,0,3,1
842349,842234.0,0,0.0,0,0,3,1
665204,665148.0,0,0.0,0,0,3,1
911102,911092.0,0,0.0,0,0,3,1
552722,552716.0,0,0.0,0,0,3,1
842315,842234.0,0,0.0,0,0,3,1
648108,648071.0,0,0.0,0,0,3,1
606048,606038.0,0,0.0,0,0,3,1
529341,529334.0,0,0.0,0,0,3,1
705571,705445.0,0,0.0,0,0,3,1
630593,630523.0,0,0.0,0,0,3,1
762082,762052.0,0,0.0,0,0,3,1
842472,842462.0,0,0.0,0,0,3,1
658791,658719.0,0,0.0,0,0,3,1
931802,931789.0,0,0.0,0,0,3,1
857233,857166.0,0,0.0,0,0,3,1
977079,977055.0,0,0.0,0,0,3,1
595374,595354.0,0,0.0,0,0,3,1
895566,895458.0,0,0.0,0,0,3,1
737374,737360.0,0,0.0,0,0,3,1
849343,849333.0,0,0.0,0,0,3,1
582667,582640.0,0,0.0,0,0,3,1
864001,863914.0,0,0.0,0,0,3,1
585875,585864.0,0,0.0,0,0,3,1
884357,884301.0,0,0.0,0,0,3,1
630562,630523.0,0,0.0,0,0,3,1
833548,833520.0,0,0.0,0,0,3,1
943109,943070.0,0,0.0,0,0,3,1
796384,796233.0,0,0.0,0,0,3,1
527872,527841.0,0,0.0,0,0,3,1
821874,821775.0,0,0.0,0,0,3,1
832063,832043.0,0,0.0,0,0,3,1
630542,630522.0,0,0.0,0,0,3,1
677851,677775.0,0,0.0,0,0,3,1
583022,583007.0,0,0.0,0,0,3,1
818899,818858.0,0,0.0,0,0,3,1
732284,732273.0,0,0.0,0,0,3,1
513320,513292.0,0,0.0,0,0,3,1
744540,744496.0,0,0.0,0,0,3,1
863967,863914.0,0,0.0,0,0,3,1
792861,792709.0,0,0.0,0,0,3,1
684752,684677.0,0,0.0,0,0,3,1
708904,708873.0,0,0.0,0,0,3,1
626931,626890.0,0,0.0,0,0,3,1
606072,606038.0,0,0.0,0,0,3,1
506894,506874.0,0,0.0,0,0,3,1
786643,786629.0,0,0.0,0,0,3,1
761683,761641.0,0,0.0,0,0,3,1
977934,977820.0,0,0.0,0,0,3,1
881331,881289.0,0,0.0,0,0,3,1
634484,634390.0,0,0.0,0,0,3,1
927971,927918.0,0,0.0,0,0,3,1
524983,524953.0,0,0.0,0,0,3,1
586061,586051.0,0,0.0,0,0,3,1
744319,744303.0,0,0.0,0,0,3,1
677829,677775.0,0,0.0,0,0,3,1
768832,768816.0,0,0.0,0,0,3,1
560846,560751.0,0,0.0,0,0,3,1
575219,575183.0,0,0.0,0,0,3,1
964295,964189.0,0,0.0,0,0,3,1
817445,817345.0,0,0.0,0,0,3,1
812060,811966.0,0,0.0,0,0,3,1
499420,499330.0,0,0.0,0,0,3,1
665180,665148.0,0,0.0,0,0,3,1
648306,648285.0,0,0.0,0,0,3,1
550120,550101.0,0,0.0,0,0,3,1
715502,715413.0,0,0.0,0,0,3,1
789127,789102.0,0,0.0,0,0,3,1
524569,524495.0,0,0.0,0,0,3,1
769479,769379.0,0,0.0,0,0,3,1
567931,567924.0,0,0.0,0,0,3,1
758042,757989.0,0,0.0,0,0,3,1
910809,910777.0,0,0.0,0,0,3,1
884278,883809.0,0,0.0,0,0,3,1
924786,924769.0,0,0.0,0,0,3,1
568398,568338.0,0,0.0,0,0,3,1
842112,842047.0,0,0.0,0,0,3,1
619747,619719.0,0,0.0,0,0,3,1
557156,557100.0,0,0.0,0,0,3,1
796481,796445.0,0,0.0,0,0,3,1
943098,943070.0,0,0.0,0,0,3,1
911715,911620.0,0,0.0,0,0,3,1
507121,507090.0,0,0.0,0,0,3,1
873431,873266.0,0,0.0,0,0,3,1
687187,687121.0,0,0.0,0,0,3,1
654280,654254.0,0,0.0,0,0,3,1
931211,931196.0,0,0.0,0,0,3,1
825602,825589.0,0,0.0,0,0,3,1
967613,967582.0,0,0.0,0,0,3,1
800122,800108.0,0,0.0,0,0,3,1
665169,665148.0,0,0.0,0,0,3,1
837361,837344.0,0,0.0,0,0,3,1
946859,946845.0,0,0.0,0,0,3,1
895527,895458.0,0,0.0,0,0,3,1
520575,520513.0,0,0.0,0,0,3,1
719095,719087.0,0,0.0,0,0,3,1
857175,857165.0,0,0.0,0,0,3,1
769498,769379.0,0,0.0,0,0,3,1
602407,602391.0,0,0.0,0,0,3,1
718960,718952.0,0,0.0,0,0,3,1
641776,641750.0,0,0.0,0,0,3,1
867538,867488.0,0,0.0,0,0,3,1
733263,733201.0,0,0.0,0,0,3,1
842217,842128.0,0,0.0,0,0,3,1
644641,644629.0,0,0.0,0,0,3,1
568987,568957.0,0,0.0,0,0,3,1
769649,769507.0,0,0.0,0,0,3,1
792481,792436.0,0,0.0,0,0,3,1
754130,754007.0,0,0.0,0,0,3,1
976473,976374.0,0,0.0,0,0,3,1
560805,560749.0,0,0.0,0,0,3,1
582739,582639.0,0,0.0,0,0,3,1
592312,592287.0,0,0.0,0,0,3,1
726070,726052.0,0,0.0,0,0,3,1
837554,837519.0,0,0.0,0,0,3,1
930743,930732.0,0,0.0,0,0,3,1
849658,849529.0,0,0.0,0,0,3,1
685037,684979.0,0,0.0,0,0,3,1
900497,900491.0,0,0.0,0,0,3,1
976426,976374.0,0,0.0,0,0,3,1
626683,626623.0,0,0.0,0,0,3,1
602428,602391.0,0,0.0,0,0,3,1
964603,964596.0,0,0.0,0,0,3,1
812169,812156.0,0,0.0,0,0,3,1
747393,747357.0,0,0.0,0,0,3,1
785981,785970.0,0,0.0,0,0,3,1
685005,684978.0,0,0.0,0,0,3,1
529673,529618.0,0,0.0,0,0,3,1
931210,931186.0,0,0.0,0,0,3,1
595361,595352.0,0,0.0,0,0,3,1
924774,924769.0,0,0.0,0,0,3,1
853371,853362.0,0,0.0,0,0,3,1
711724,711713.0,0,0.0,0,0,3,1
786751,786630.0,0,0.0,0,0,3,1
599315,599188.0,0,0.0,0,0,3,1
719695,719358.0,0,0.0,0,0,3,1
574802,574775.0,0,0.0,0,0,3,1
911637,911619.0,0,0.0,0,0,3,1
715184,714807.0,0,0.0,0,0,3,1
939231,939189.0,0,0.0,0,0,3,1
616011,615886.0,0,0.0,0,0,3,1
567955,567924.0,0,0.0,0,0,3,1
830793,830648.0,0,0.0,0,0,3,1
849304,849186.0,0,0.0,0,0,3,1
712120,712025.0,0,0.0,0,0,3,1
838396,838356.0,0,0.0,0,0,3,1
732661,732653.0,0,0.0,0,0,3,1
831673,831618.0,0,0.0,0,0,3,1
568458,568417.0,0,0.0,0,0,3,1
552734,552717.0,0,0.0,0,0,3,1
538898,538869.0,0,0.0,0,0,3,1
561003,560898.0,0,0.0,0,0,3,1
857209,857165.0,0,0.0,0,0,3,1
744524,744496.0,0,0.0,0,0,3,1
812031,811966.0,0,0.0,0,0,3,1
602057,602034.0,0,0.0,0,0,3,1
976460,976374.0,0,0.0,0,0,3,1
618973,618839.0,0,0.0,0,0,3,1
931502,931489.0,0,0.0,0,0,3,1
931261,931196.0,0,0.0,0,0,3,1
722214,722209.0,0,0.0,0,0,3,1
939220,939189.0,0,0.0,0,0,3,1
654601,654556.0,0,0.0,0,0,3,1
541978,541948.0,0,0.0,0,0,3,1
796061,795923.0,0,0.0,0,0,3,1
702679,702628.0,0,0.0,0,0,3,1
946920,946845.0,0,0.0,0,0,3,1
718940,718922.0,0,0.0,0,0,3,1
665191,665148.0,0,0.0,0,0,3,1
599329,599188.0,0,0.0,0,0,3,1
726087,726052.0,0,0.0,0,0,3,1
669240,669212.0,0,0.0,0,0,3,1
575220,575205.0,0,0.0,0,0,3,1
911288,911266.0,0,0.0,0,0,3,1
799895,799880.0,0,0.0,0,0,3,1
978317,978214.0,0,0.0,0,0,3,1
739271,739164.0,0,0.0,0,0,3,1
735979,735971.0,0,0.0,0,0,3,1
729520,729416.0,0,0.0,0,0,3,1
588923,588876.0,0,0.0,0,0,3,1
641646,641589.0,0,0.0,0,0,3,1
737453,737445.0,0,0.0,0,0,3,1
652206,652115.0,0,0.0,0,0,3,1
977940,977910.0,0,0.0,0,0,3,1
881315,881289.0,0,0.0,0,0,3,1
506582,506577.0,0,0.0,0,0,3,1
765491,765285.0,0,0.0,0,0,3,1
582844,582830.0,0,0.0,0,0,3,1
946651,946414.0,0,0.0,0,0,3,1
842303,842234.0,0,0.0,0,0,3,1
702667,702628.0,0,0.0,0,0,3,1
859979,859972.0,0,0.0,0,0,3,1
884255,883809.0,0,0.0,0,0,3,1
778933,778919.0,0,0.0,0,0,3,1
648294,648285.0,0,0.0,0,0,3,1
769001,768976.0,0,0.0,0,0,3,1
557116,557099.0,0,0.0,0,0,3,1
669184,669104.0,0,0.0,0,0,3,1
895416,894803.0,0,0.0,0,0,3,1
946392,946181.0,0,0.0,0,0,3,1
696197,696187.0,0,0.0,0,0,3,1
853381,853362.0,0,0.0,0,0,3,1
529277,529268.0,0,0.0,0,0,3,1
687152,687121.0,0,0.0,0,0,3,1
640630,640622.0,0,0.0,0,0,3,1
612583,612531.0,0,0.0,0,0,3,1
884324,884300.0,0,0.0,0,0,3,1
857136,857041.0,0,0.0,0,0,3,1
513430,513422.0,0,0.0,0,0,3,1
499397,499330.0,0,0.0,0,0,3,1
652195,652115.0,0,0.0,0,0,3,1
918359,918317.0,0,0.0,0,0,3,1
837100,837080.0,0,0.0,0,0,3,1
911274,911266.0,0,0.0,0,0,3,1
506926,506918.0,0,0.0,0,0,3,1
884335,884300.0,0,0.0,0,0,3,1
499407,499330.0,0,0.0,0,0,3,1
960673,960653.0,0,0.0,0,0,3,1
758012,757989.0,0,0.0,0,0,3,1
619471,619453.0,0,0.0,0,0,3,1
549939,549869.0,0,0.0,0,0,3,1
512522,512502.0,0,0.0,0,0,3,1
527578,527529.0,0,0.0,0,0,3,1
535139,535101.0,0,0.0,0,0,3,1
873249,873208.0,0,0.0,0,0,3,1
887947,887862.0,0,0.0,0,0,3,1
917539,917521.0,0,0.0,0,0,3,1
652282,652266.0,0,0.0,0,0,3,1
652292,652266.0,0,0.0,0,0,3,1
807992,807917.0,0,0.0,0,0,3,1
658986,658957.0,0,0.0,0,0,3,1
911008,911000.0,0,0.0,0,0,3,1
546924,546867.0,0,0.0,0,0,3,1
582651,582639.0,0,0.0,0,0,3,1
550571,550502.0,0,0.0,0,0,3,1
971766,971747.0,0,0.0,0,0,3,1
872771,872756.0,0,0.0,0,0,3,1
768882,768816.0,0,0.0,0,0,3,1
520586,520513.0,0,0.0,0,0,3,1
725471,725458.0,0,0.0,0,0,3,1
673976,673967.0,0,0.0,0,0,3,1
911207,911199.0,0,0.0,0,0,3,1
557146,557099.0,0,0.0,0,0,3,1
977601,977586.0,0,0.0,0,0,3,1
958280,958205.0,0,0.0,0,0,3,1
622865,622806.0,0,0.0,0,0,3,1
746303,746296.0,0,0.0,0,0,3,1
606499,606487.0,0,0.0,0,0,3,1
754213,754157.0,0,0.0,0,0,3,1
575729,575661.0,0,0.0,0,0,3,1
705679,705654.0,0,0.0,0,0,3,1
821552,821546.0,0,0.0,0,0,3,1
867553,867488.0,0,0.0,0,0,3,1
950479,950429.0,0,0.0,0,0,3,1
873891,873885.0,0,0.0,0,0,3,1
552942,552923.0,0,0.0,0,0,3,1
722152,722096.0,0,0.0,0,0,3,1
541988,541948.0,0,0.0,0,0,3,1
779516,779503.0,0,0.0,0,0,3,1
598790,598734.0,0,0.0,0,0,3,1
575685,575669.0,0,0.0,0,0,3,1
821792,821775.0,0,0.0,0,0,3,1
575753,575661.0,0,0.0,0,0,3,1
729509,729416.0,0,0.0,0,0,3,1
552793,552788.0,0,0.0,0,0,3,1
547007,546988.0,0,0.0,0,0,3,1
653714,653667.0,0,0.0,0,0,3,1
550108,550101.0,0,0.0,0,0,3,1
789371,789329.0,0,0.0,0,0,3,1
669261,669212.0,0,0.0,0,0,3,1
706013,705947.0,0,0.0,0,0,3,1
958130,958113.0,0,0.0,0,0,3,1
622924,622807.0,0,0.0,0,0,3,1
837090,837036.0,0,0.0,0,0,3,1
917882,917837.0,0,0.0,0,0,3,1
911655,911620.0,0,0.0,0,0,3,1
658881,658799.0,0,0.0,0,0,3,1
599407,599399.0,0,0.0,0,0,3,1
821489,821388.0,0,0.0,0,0,3,1
834530,834467.0,0,0.0,0,0,3,1
958003,957983.0,0,0.0,0,0,3,1
687024,686923.0,0,0.0,0,0,3,1
722183,722096.0,0,0.0,0,0,3,1
757792,757750.0,0,0.0,0,0,3,1
599303,599189.0,0,0.0,0,0,3,1
825680,825590.0,0,0.0,0,0,3,1
898780,898298.0,0,0.0,0,0,3,1
746767,746738.0,0,0.0,0,0,3,1
867031,867018.0,0,0.0,0,0,3,1
789344,789328.0,0,0.0,0,0,3,1
946910,946846.0,0,0.0,0,0,3,1
928543,928478.0,0,0.0,0,0,3,1
695971,695959.0,0,0.0,0,0,3,1
498555,498522.0,0,0.0,0,0,3,1